qstamp_start,qstamp_end,Violin 1,Violin 2,Violin 3,Viola 1,Viola 2,Viola 3,Violoncello 1,Violoncello 2,Violoncello 3,Violone,Harpsichord
0.0,3.0,Main Part,,,U(Viola 2)&U(Viola 3),U(Viola 1)&U(Viola 3),U(Viola 1)&U(Viola 2),,,,,
3.0,6.0,Main Part,,,U(Viola 2)&U(Viola 3),U(Viola 1)&U(Viola 3),U(Viola 1)&U(Viola 2),,,,,
6.0,9.0,,Main Part,,U(Viola 2)&U(Viola 3),U(Viola 1)&U(Viola 3),U(Viola 1)&U(Viola 2),U(Violoncello 2)&U(Violoncello 3)&P8(Violone)&U(Harpsichord),U(Violoncello 1)&U(Violoncello 3)&P8(Violone)&U(Harpsichord),U(Violoncello 1)&U(Violoncello 2)&P8(Violone)&U(Harpsichord),P8(Violoncello 1)&P8(Violoncello 2)&P8(Violoncello 3)&P8(Harpsichord),U(Violoncello 1)&U(Violoncello 2)&U(Violoncello 3)&P8(Violone)
9.0,12.0,,Main Part,,U(Viola 2)&U(Viola 3),U(Viola 1)&U(Viola 3),U(Viola 1)&U(Viola 2),U(Violoncello 2)&U(Violoncello 3)&P8(Violone)&U(Harpsichord),U(Violoncello 1)&U(Violoncello 3)&P8(Violone)&U(Harpsichord),U(Violoncello 1)&U(Violoncello 2)&P8(Violone)&U(Harpsichord),P8(Violoncello 1)&P8(Violoncello 2)&P8(Violoncello 3)&P8(Harpsichord),U(Violoncello 1)&U(Violoncello 2)&U(Violoncello 3)&P8(Violone)
12.0,21.0,,,Main Part,U(Viola 2)&U(Viola 3),U(Viola 1)&U(Viola 3),U(Viola 1)&U(Viola 2),U(Violoncello 2)&U(Violoncello 3)&P8(Violone)&U(Harpsichord),U(Violoncello 1)&U(Violoncello 3)&P8(Violone)&U(Harpsichord),U(Violoncello 1)&U(Violoncello 2)&P8(Violone)&U(Harpsichord),P8(Violoncello 1)&P8(Violoncello 2)&P8(Violoncello 3)&P8(Harpsichord),U(Violoncello 1)&U(Violoncello 2)&U(Violoncello 3)&P8(Violone)
21.0,24.0,,U(Main),Main Part,,U(Viola 3),U(Viola 2),U(Violoncello 2)&U(Violoncello 3)&P8(Violone)&U(Harpsichord),U(Violoncello 1)&U(Violoncello 3)&P8(Violone)&U(Harpsichord),U(Violoncello 1)&U(Violoncello 2)&P8(Violone)&U(Harpsichord),P8(Violoncello 1)&P8(Violoncello 2)&P8(Violoncello 3)&P8(Harpsichord),U(Violoncello 1)&U(Violoncello 2)&U(Violoncello 3)&P8(Violone)
24.0,27.0,U(Violin 2)&U(Violin 3),U(Violin 1)&U(Violin 3),U(Violin 1)&U(Violin 2),,U(Viola 3),U(Viola 2),Main Part,U(Main)&U(Violoncello 3)&P8(Violone)&U(Harpsichord),U(Main)&U(Violoncello 2)&P8(Violone)&U(Harpsichord),P8(Main)&P8(Violoncello 2)&P8(Violoncello 3)&P8(Harpsichord),U(Main)&U(Violoncello 2)&U(Violoncello 3)&P8(Violone)
27.0,30.0,U(Violin 2)&U(Violin 3),U(Violin 1)&U(Violin 3),U(Violin 1)&U(Violin 2),,U(Viola 3),U(Viola 2),Main Part,U(Main)&U(Violoncello 3)&P8(Violone)&U(Harpsichord),U(Main)&U(Violoncello 2)&P8(Violone)&U(Harpsichord),P8(Main)&P8(Violoncello 2)&P8(Violoncello 3)&P8(Harpsichord),U(Main)&U(Violoncello 2)&U(Violoncello 3)&P8(Violone)
30.0,33.0,Main Part,U(Main)&U(Violin 3),U(Main)&U(Violin 2),,,,U(Violoncello 2)&U(Violoncello 3)&P8(Violone)&U(Harpsichord),U(Violoncello 1)&U(Violoncello 3)&P8(Violone)&U(Harpsichord),U(Violoncello 1)&U(Violoncello 2)&P8(Violone)&U(Harpsichord),P8(Violoncello 1)&P8(Violoncello 2)&P8(Violoncello 3)&P8(Harpsichord),U(Violoncello 1)&U(Violoncello 2)&U(Violoncello 3)&P8(Violone)
33.0,42.0,Main Part,U(Main)&U(Violin 3),U(Main)&U(Violin 2),,,,U(Violoncello 2)&U(Violoncello 3)&P8(Violone)&U(Harpsichord),U(Violoncello 1)&U(Violoncello 3)&P8(Violone)&U(Harpsichord),U(Violoncello 1)&U(Violoncello 2)&P8(Violone)&U(Harpsichord),P8(Violoncello 1)&P8(Violoncello 2)&P8(Violoncello 3)&P8(Harpsichord),U(Violoncello 1)&U(Violoncello 2)&U(Violoncello 3)&P8(Violone)
42.0,45.0,,,,Main Part,,,U(Violoncello 2)&U(Violoncello 3)&P8(Violone)&U(Harpsichord),U(Violoncello 1)&U(Violoncello 3)&P8(Violone)&U(Harpsichord),U(Violoncello 1)&U(Violoncello 2)&P8(Violone)&U(Harpsichord),P8(Violoncello 1)&P8(Violoncello 2)&P8(Violoncello 3)&P8(Harpsichord),U(Violoncello 1)&U(Violoncello 2)&U(Violoncello 3)&P8(Violone)
45.0,48.0,,,,Main Part,,,U(Violoncello 2)&U(Violoncello 3)&P8(Violone)&U(Harpsichord),U(Violoncello 1)&U(Violoncello 3)&P8(Violone)&U(Harpsichord),U(Violoncello 1)&U(Violoncello 2)&P8(Violone)&U(Harpsichord),P8(Violoncello 1)&P8(Violoncello 2)&P8(Violoncello 3)&P8(Harpsichord),U(Violoncello 1)&U(Violoncello 2)&U(Violoncello 3)&P8(Violone)
48.0,51.0,,,,,Main Part,,U(Violoncello 2)&U(Violoncello 3)&P8(Violone)&U(Harpsichord),U(Violoncello 1)&U(Violoncello 3)&P8(Violone)&U(Harpsichord),U(Violoncello 1)&U(Violoncello 2)&P8(Violone)&U(Harpsichord),P8(Violoncello 1)&P8(Violoncello 2)&P8(Violoncello 3)&P8(Harpsichord),U(Violoncello 1)&U(Violoncello 2)&U(Violoncello 3)&P8(Violone)
51.0,57.0,,,,U(Main)&U(Viola 3),Main Part,U(Viola 1)&U(Main),U(Violoncello 2)&U(Violoncello 3)&P8(Violone)&U(Harpsichord),U(Violoncello 1)&U(Violoncello 3)&P8(Violone)&U(Harpsichord),U(Violoncello 1)&U(Violoncello 2)&P8(Violone)&U(Harpsichord),P8(Violoncello 1)&P8(Violoncello 2)&P8(Violoncello 3)&P8(Harpsichord),U(Violoncello 1)&U(Violoncello 2)&U(Violoncello 3)&P8(Violone)
57.0,60.0,Main Part,U(Violin 3),U(Violin 2),U(Viola 2)&U(Viola 3),U(Viola 1)&U(Viola 3),U(Viola 1)&U(Viola 2),U(Violoncello 2)&U(Violoncello 3)&P8(Violone)&U(Harpsichord),U(Violoncello 1)&U(Violoncello 3)&P8(Violone)&U(Harpsichord),U(Violoncello 1)&U(Violoncello 2)&P8(Violone)&U(Harpsichord),P8(Violoncello 1)&P8(Violoncello 2)&P8(Violoncello 3)&P8(Harpsichord),U(Violoncello 1)&U(Violoncello 2)&U(Violoncello 3)&P8(Violone)
60.0,72.0,Main Part,U(Violin 3),U(Violin 2),U(Viola 2)&U(Viola 3),U(Viola 1)&U(Viola 3),U(Viola 1)&U(Viola 2),U(Violoncello 2)&U(Violoncello 3)&P8(Violone)&U(Harpsichord),U(Violoncello 1)&U(Violoncello 3)&P8(Violone)&U(Harpsichord),U(Violoncello 1)&U(Violoncello 2)&P8(Violone)&U(Harpsichord),P8(Violoncello 1)&P8(Violoncello 2)&P8(Violoncello 3)&P8(Harpsichord),U(Violoncello 1)&U(Violoncello 2)&U(Violoncello 3)&P8(Violone)
72.0,75.0,,,,U(Viola 2)&U(Viola 3),U(Viola 1)&U(Viola 3),U(Viola 1)&U(Viola 2),Main Part,,,,
75.0,78.0,,,,U(Viola 2)&U(Viola 3),U(Viola 1)&U(Viola 3),U(Viola 1)&U(Viola 2),Main Part,,,,
78.0,81.0,,,,U(Main)&U(Viola 3),Main Part,U(Viola 1)&U(Main),U(Violoncello 2)&U(Violoncello 3)&P8(Violone)&U(Harpsichord),U(Violoncello 1)&U(Violoncello 3)&P8(Violone)&U(Harpsichord),U(Violoncello 1)&U(Violoncello 2)&P8(Violone)&U(Harpsichord),P8(Violoncello 1)&P8(Violoncello 2)&P8(Violoncello 3)&P8(Harpsichord),U(Violoncello 1)&U(Violoncello 2)&U(Violoncello 3)&P8(Violone)
81.0,84.0,,,,U(Main)&U(Viola 3),Main Part,U(Viola 1)&U(Main),U(Violoncello 2)&U(Violoncello 3)&P8(Violone)&U(Harpsichord),U(Violoncello 1)&U(Violoncello 3)&P8(Violone)&U(Harpsichord),U(Violoncello 1)&U(Violoncello 2)&P8(Violone)&U(Harpsichord),P8(Violoncello 1)&P8(Violoncello 2)&P8(Violoncello 3)&P8(Harpsichord),U(Violoncello 1)&U(Violoncello 2)&U(Violoncello 3)&P8(Violone)
84.0,93.0,Main Part,,,U(Viola 2)&U(Viola 3),U(Viola 1)&U(Viola 3),U(Viola 1)&U(Viola 2),U(Violoncello 2)&U(Violoncello 3)&P8(Violone)&U(Harpsichord),U(Violoncello 1)&U(Violoncello 3)&P8(Violone)&U(Harpsichord),U(Violoncello 1)&U(Violoncello 2)&P8(Violone)&U(Harpsichord),P8(Violoncello 1)&P8(Violoncello 2)&P8(Violoncello 3)&P8(Harpsichord),U(Violoncello 1)&U(Violoncello 2)&U(Violoncello 3)&P8(Violone)
93.0,96.0,Main Part,U(Violin 3),U(Violin 2),,U(Viola 3),U(Viola 2),U(Violoncello 2)&U(Violoncello 3)&P8(Violone)&U(Harpsichord),U(Violoncello 1)&U(Violoncello 3)&P8(Violone)&U(Harpsichord),U(Violoncello 1)&U(Violoncello 2)&P8(Violone)&U(Harpsichord),P8(Violoncello 1)&P8(Violoncello 2)&P8(Violoncello 3)&P8(Harpsichord),U(Violoncello 1)&U(Violoncello 2)&U(Violoncello 3)&P8(Violone)
96.0,99.0,U(Main)&U(Violin 3),Main Part,U(Violin 1)&U(Main),,U(Viola 3),U(Viola 2),U(Violoncello 2)&U(Violoncello 3)&P8(Violone)&U(Harpsichord),U(Violoncello 1)&U(Violoncello 3)&P8(Violone)&U(Harpsichord),U(Violoncello 1)&U(Violoncello 2)&P8(Violone)&U(Harpsichord),P8(Violoncello 1)&P8(Violoncello 2)&P8(Violoncello 3)&P8(Harpsichord),U(Violoncello 1)&U(Violoncello 2)&U(Violoncello 3)&P8(Violone)
99.0,102.0,U(Main)&U(Violin 3),Main Part,U(Violin 1)&U(Main),,U(Viola 3),U(Viola 2),U(Violoncello 2)&U(Violoncello 3)&P8(Violone)&U(Harpsichord),U(Violoncello 1)&U(Violoncello 3)&P8(Violone)&U(Harpsichord),U(Violoncello 1)&U(Violoncello 2)&P8(Violone)&U(Harpsichord),P8(Violoncello 1)&P8(Violoncello 2)&P8(Violoncello 3)&P8(Harpsichord),U(Violoncello 1)&U(Violoncello 2)&U(Violoncello 3)&P8(Violone)
102.0,105.0,U(Violin 2)&U(Main),U(Violin 1)&U(Main),Main Part,,,,U(Violoncello 2)&U(Violoncello 3)&P8(Violone)&U(Harpsichord),U(Violoncello 1)&U(Violoncello 3)&P8(Violone)&U(Harpsichord),U(Violoncello 1)&U(Violoncello 2)&P8(Violone)&U(Harpsichord),P8(Violoncello 1)&P8(Violoncello 2)&P8(Violoncello 3)&P8(Harpsichord),U(Violoncello 1)&U(Violoncello 2)&U(Violoncello 3)&P8(Violone)
105.0,114.0,U(Violin 2)&U(Main),U(Violin 1)&U(Main),Main Part,,,,U(Violoncello 2)&U(Violoncello 3)&P8(Violone)&U(Harpsichord),U(Violoncello 1)&U(Violoncello 3)&P8(Violone)&U(Harpsichord),U(Violoncello 1)&U(Violoncello 2)&P8(Violone)&U(Harpsichord),P8(Violoncello 1)&P8(Violoncello 2)&P8(Violoncello 3)&P8(Harpsichord),U(Violoncello 1)&U(Violoncello 2)&U(Violoncello 3)&P8(Violone)
114.0,117.0,,,,Main Part,,,U(Violoncello 2)&U(Violoncello 3)&P8(Violone)&U(Harpsichord),U(Violoncello 1)&U(Violoncello 3)&P8(Violone)&U(Harpsichord),U(Violoncello 1)&U(Violoncello 2)&P8(Violone)&U(Harpsichord),P8(Violoncello 1)&P8(Violoncello 2)&P8(Violoncello 3)&P8(Harpsichord),U(Violoncello 1)&U(Violoncello 2)&U(Violoncello 3)&P8(Violone)
117.0,120.0,,,,Main Part,,,U(Violoncello 2)&U(Violoncello 3)&P8(Violone)&U(Harpsichord),U(Violoncello 1)&U(Violoncello 3)&P8(Violone)&U(Harpsichord),U(Violoncello 1)&U(Violoncello 2)&P8(Violone)&U(Harpsichord),P8(Violoncello 1)&P8(Violoncello 2)&P8(Violoncello 3)&P8(Harpsichord),U(Violoncello 1)&U(Violoncello 2)&U(Violoncello 3)&P8(Violone)
120.0,123.0,Main Part,,,,,,U(Violoncello 2)&U(Violoncello 3)&P8(Violone)&U(Harpsichord),U(Violoncello 1)&U(Violoncello 3)&P8(Violone)&U(Harpsichord),U(Violoncello 1)&U(Violoncello 2)&P8(Violone)&U(Harpsichord),P8(Violoncello 1)&P8(Violoncello 2)&P8(Violoncello 3)&P8(Harpsichord),U(Violoncello 1)&U(Violoncello 2)&U(Violoncello 3)&P8(Violone)
123.0,129.0,Main Part,,,U(Viola 2)&U(Viola 3),U(Viola 1)&U(Viola 3),U(Viola 1)&U(Viola 2),U(Violoncello 2)&U(Violoncello 3)&P8(Violone)&U(Harpsichord),U(Violoncello 1)&U(Violoncello 3)&P8(Violone)&U(Harpsichord),U(Violoncello 1)&U(Violoncello 2)&P8(Violone)&U(Harpsichord),P8(Violoncello 1)&P8(Violoncello 2)&P8(Violoncello 3)&P8(Harpsichord),U(Violoncello 1)&U(Violoncello 2)&U(Violoncello 3)&P8(Violone)
129.0,132.0,Main Part,U(Violin 3),U(Violin 2),U(Viola 2)&U(Viola 3),U(Viola 1)&U(Viola 3),U(Viola 1)&U(Viola 2),U(Violoncello 2)&U(Violoncello 3)&P8(Violone)&U(Harpsichord),U(Violoncello 1)&U(Violoncello 3)&P8(Violone)&U(Harpsichord),U(Violoncello 1)&U(Violoncello 2)&P8(Violone)&U(Harpsichord),P8(Violoncello 1)&P8(Violoncello 2)&P8(Violoncello 3)&P8(Harpsichord),U(Violoncello 1)&U(Violoncello 2)&U(Violoncello 3)&P8(Violone)
132.0,144.0,Main Part,U(Violin 3),U(Violin 2),U(Viola 2)&U(Viola 3),U(Viola 1)&U(Viola 3),U(Viola 1)&U(Viola 2),U(Violoncello 2)&U(Violoncello 3)&P8(Violone)&U(Harpsichord),U(Violoncello 1)&U(Violoncello 3)&P8(Violone)&U(Harpsichord),U(Violoncello 1)&U(Violoncello 2)&P8(Violone)&U(Harpsichord),P8(Violoncello 1)&P8(Violoncello 2)&P8(Violoncello 3)&P8(Harpsichord),U(Violoncello 1)&U(Violoncello 2)&U(Violoncello 3)&P8(Violone)
144.0,150.0,U(Violin 2)&U(Violin 3),U(Violin 1)&U(Violin 3),U(Violin 1)&U(Violin 2),U(Viola 2)&U(Viola 3),U(Viola 1)&U(Viola 3),U(Viola 1)&U(Viola 2),Main Part,U(Main)&U(Violoncello 3)&P8(Violone)&U(Harpsichord),U(Main)&U(Violoncello 2)&P8(Violone)&U(Harpsichord),P8(Main)&P8(Violoncello 2)&P8(Violoncello 3)&P8(Harpsichord),U(Main)&U(Violoncello 2)&U(Violoncello 3)&P8(Violone)
150.0,156.0,,U(Violin 3),U(Violin 2),U(Viola 2)&U(Viola 3),U(Viola 1)&U(Viola 3),U(Viola 1)&U(Viola 2),Main Part,U(Main)&U(Violoncello 3)&P8(Violone)&U(Harpsichord),U(Main)&U(Violoncello 2)&P8(Violone)&U(Harpsichord),P8(Main)&P8(Violoncello 2)&P8(Violoncello 3)&P8(Harpsichord),U(Main)&U(Violoncello 2)&U(Violoncello 3)&P8(Violone)
156.0,168.0,,U(Violin 3),U(Violin 2),Main Part,U(Main)&U(Viola 3),U(Main)&U(Viola 2),U(Violoncello 2)&U(Violoncello 3)&P8(Violone)&U(Harpsichord),U(Violoncello 1)&U(Violoncello 3)&P8(Violone)&U(Harpsichord),U(Violoncello 1)&U(Violoncello 2)&P8(Violone)&U(Harpsichord),P8(Violoncello 1)&P8(Violoncello 2)&P8(Violoncello 3)&P8(Harpsichord),U(Violoncello 1)&U(Violoncello 2)&U(Violoncello 3)&P8(Violone)
168.0,171.0,,,,Main Part,U(Main)&U(Viola 3),U(Main)&U(Viola 2),U(Violoncello 2)&U(Violoncello 3)&P8(Violone)&U(Harpsichord),U(Violoncello 1)&U(Violoncello 3)&P8(Violone)&U(Harpsichord),U(Violoncello 1)&U(Violoncello 2)&P8(Violone)&U(Harpsichord),P8(Violoncello 1)&P8(Violoncello 2)&P8(Violoncello 3)&P8(Harpsichord),U(Violoncello 1)&U(Violoncello 2)&U(Violoncello 3)&P8(Violone)
171.0,174.0,Main Part,,,U(Viola 2)&U(Viola 3),U(Viola 1)&U(Viola 3),U(Viola 1)&U(Viola 2),,,,,
174.0,177.0,Main Part,,,U(Viola 2)&U(Viola 3),U(Viola 1)&U(Viola 3),U(Viola 1)&U(Viola 2),U(Violoncello 2)&U(Violoncello 3)&P8(Violone)&U(Harpsichord),U(Violoncello 1)&U(Violoncello 3)&P8(Violone)&U(Harpsichord),U(Violoncello 1)&U(Violoncello 2)&P8(Violone)&U(Harpsichord),P8(Violoncello 1)&P8(Violoncello 2)&P8(Violoncello 3)&P8(Harpsichord),U(Violoncello 1)&U(Violoncello 2)&U(Violoncello 3)&P8(Violone)
177.0,180.0,Main Part,,,U(Viola 2)&U(Viola 3),U(Viola 1)&U(Viola 3),U(Viola 1)&U(Viola 2),U(Violoncello 2)&U(Violoncello 3)&P8(Violone)&U(Harpsichord),U(Violoncello 1)&U(Violoncello 3)&P8(Violone)&U(Harpsichord),U(Violoncello 1)&U(Violoncello 2)&P8(Violone)&U(Harpsichord),P8(Violoncello 1)&P8(Violoncello 2)&P8(Violoncello 3)&P8(Harpsichord),U(Violoncello 1)&U(Violoncello 2)&U(Violoncello 3)&P8(Violone)
180.0,189.0,Main Part,,,U(Viola 2)&U(Viola 3),U(Viola 1)&U(Viola 3),U(Viola 1)&U(Viola 2),U(Violoncello 2)&U(Violoncello 3)&P8(Violone)&U(Harpsichord),U(Violoncello 1)&U(Violoncello 3)&P8(Violone)&U(Harpsichord),U(Violoncello 1)&U(Violoncello 2)&P8(Violone)&U(Harpsichord),P8(Violoncello 1)&P8(Violoncello 2)&P8(Violoncello 3)&P8(Harpsichord),U(Violoncello 1)&U(Violoncello 2)&U(Violoncello 3)&P8(Violone)
189.0,192.0,,Main Part,U(Main),,U(Viola 3),U(Viola 2),U(Violoncello 2)&U(Violoncello 3)&P8(Violone)&U(Harpsichord),U(Violoncello 1)&U(Violoncello 3)&P8(Violone)&U(Harpsichord),U(Violoncello 1)&U(Violoncello 2)&P8(Violone)&U(Harpsichord),P8(Violoncello 1)&P8(Violoncello 2)&P8(Violoncello 3)&P8(Harpsichord),U(Violoncello 1)&U(Violoncello 2)&U(Violoncello 3)&P8(Violone)
192.0,195.0,U(Main)&U(Violin 3),Main Part,U(Violin 1)&U(Main),,U(Viola 3),U(Viola 2),U(Violoncello 2)&U(Violoncello 3)&P8(Violone)&U(Harpsichord),U(Violoncello 1)&U(Violoncello 3)&P8(Violone)&U(Harpsichord),U(Violoncello 1)&U(Violoncello 2)&P8(Violone)&U(Harpsichord),P8(Violoncello 1)&P8(Violoncello 2)&P8(Violoncello 3)&P8(Harpsichord),U(Violoncello 1)&U(Violoncello 2)&U(Violoncello 3)&P8(Violone)
195.0,198.0,U(Violin 2)&U(Main),U(Violin 1)&U(Main),Main Part,,U(Viola 3),U(Viola 2),U(Violoncello 2)&U(Violoncello 3)&P8(Violone)&U(Harpsichord),U(Violoncello 1)&U(Violoncello 3)&P8(Violone)&U(Harpsichord),U(Violoncello 1)&U(Violoncello 2)&P8(Violone)&U(Harpsichord),P8(Violoncello 1)&P8(Violoncello 2)&P8(Violoncello 3)&P8(Harpsichord),U(Violoncello 1)&U(Violoncello 2)&U(Violoncello 3)&P8(Violone)
198.0,201.0,U(Violin 2)&U(Main),U(Violin 1)&U(Main),Main Part,,,,U(Violoncello 2)&U(Violoncello 3)&P8(Violone)&U(Harpsichord),U(Violoncello 1)&U(Violoncello 3)&P8(Violone)&U(Harpsichord),U(Violoncello 1)&U(Violoncello 2)&P8(Violone)&U(Harpsichord),P8(Violoncello 1)&P8(Violoncello 2)&P8(Violoncello 3)&P8(Harpsichord),U(Violoncello 1)&U(Violoncello 2)&U(Violoncello 3)&P8(Violone)
201.0,210.0,U(Violin 2)&U(Violin 3),U(Violin 1)&U(Violin 3),U(Violin 1)&U(Violin 2),,,,Main Part,U(Main)&U(Violoncello 3)&P8(Violone)&U(Harpsichord),U(Main)&U(Violoncello 2)&P8(Violone)&U(Harpsichord),P8(Main)&P8(Violoncello 2)&P8(Violoncello 3)&P8(Harpsichord),U(Main)&U(Violoncello 2)&U(Violoncello 3)&P8(Violone)
210.0,213.0,,,,,,,Main Part,U(Main)&U(Violoncello 3)&P8(Violone)&U(Harpsichord),U(Main)&U(Violoncello 2)&P8(Violone)&U(Harpsichord),P8(Main)&P8(Violoncello 2)&P8(Violoncello 3)&P8(Harpsichord),U(Main)&U(Violoncello 2)&U(Violoncello 3)&P8(Violone)
213.0,216.0,Main Part,,,,,,U(Violoncello 2)&U(Violoncello 3)&P8(Violone)&U(Harpsichord),U(Violoncello 1)&U(Violoncello 3)&P8(Violone)&U(Harpsichord),U(Violoncello 1)&U(Violoncello 2)&P8(Violone)&U(Harpsichord),P8(Violoncello 1)&P8(Violoncello 2)&P8(Violoncello 3)&P8(Harpsichord),U(Violoncello 1)&U(Violoncello 2)&U(Violoncello 3)&P8(Violone)
216.0,219.0,Main Part,,,,,,U(Violoncello 2)&U(Violoncello 3)&P8(Violone)&U(Harpsichord),U(Violoncello 1)&U(Violoncello 3)&P8(Violone)&U(Harpsichord),U(Violoncello 1)&U(Violoncello 2)&P8(Violone)&U(Harpsichord),P8(Violoncello 1)&P8(Violoncello 2)&P8(Violoncello 3)&P8(Harpsichord),U(Violoncello 1)&U(Violoncello 2)&U(Violoncello 3)&P8(Violone)
219.0,225.0,,,,Main Part,U(Main)&U(Viola 3),U(Main)&U(Viola 2),U(Violoncello 2)&U(Violoncello 3)&P8(Violone)&U(Harpsichord),U(Violoncello 1)&U(Violoncello 3)&P8(Violone)&U(Harpsichord),U(Violoncello 1)&U(Violoncello 2)&P8(Violone)&U(Harpsichord),P8(Violoncello 1)&P8(Violoncello 2)&P8(Violoncello 3)&P8(Harpsichord),U(Violoncello 1)&U(Violoncello 2)&U(Violoncello 3)&P8(Violone)
225.0,228.0,,U(Violin 3),U(Violin 2),Main Part,U(Main)&U(Viola 3),U(Main)&U(Viola 2),U(Violoncello 2)&U(Violoncello 3)&P8(Violone)&U(Harpsichord),U(Violoncello 1)&U(Violoncello 3)&P8(Violone)&U(Harpsichord),U(Violoncello 1)&U(Violoncello 2)&P8(Violone)&U(Harpsichord),P8(Violoncello 1)&P8(Violoncello 2)&P8(Violoncello 3)&P8(Harpsichord),U(Violoncello 1)&U(Violoncello 2)&U(Violoncello 3)&P8(Violone)
228.0,240.0,,U(Violin 3),U(Violin 2),,Main Part,,U(Violoncello 2)&U(Violoncello 3)&P8(Violone)&U(Harpsichord),U(Violoncello 1)&U(Violoncello 3)&P8(Violone)&U(Harpsichord),U(Violoncello 1)&U(Violoncello 2)&P8(Violone)&U(Harpsichord),P8(Violoncello 1)&P8(Violoncello 2)&P8(Violoncello 3)&P8(Harpsichord),U(Violoncello 1)&U(Violoncello 2)&U(Violoncello 3)&P8(Violone)
240.0,245.0,,U(Violin 3),U(Violin 2),,Main Part,,U(Violoncello 2)&U(Violoncello 3)&P8(Violone)&U(Harpsichord),U(Violoncello 1)&U(Violoncello 3)&P8(Violone)&U(Harpsichord),U(Violoncello 1)&U(Violoncello 2)&P8(Violone)&U(Harpsichord),P8(Violoncello 1)&P8(Violoncello 2)&P8(Violoncello 3)&P8(Harpsichord),U(Violoncello 1)&U(Violoncello 2)&U(Violoncello 3)&P8(Violone)
245.0,252.25,Main Part,,,,,,U(Violoncello 2)&U(Violoncello 3)&P8(Violone)&U(Harpsichord),U(Violoncello 1)&U(Violoncello 3)&P8(Violone)&U(Harpsichord),U(Violoncello 1)&U(Violoncello 2)&P8(Violone)&U(Harpsichord),P8(Violoncello 1)&P8(Violoncello 2)&P8(Violoncello 3)&P8(Harpsichord),U(Violoncello 1)&U(Violoncello 2)&U(Violoncello 3)&P8(Violone)
252.25,253.75,Main Part,U(Main)&U(Violin 3),U(Main)&U(Violin 2),U(Viola 2)&U(Viola 3),U(Viola 1)&U(Viola 3),U(Viola 1)&U(Viola 2),U(Violoncello 2)&U(Violoncello 3)&P8(Violone)&U(Harpsichord),U(Violoncello 1)&U(Violoncello 3)&P8(Violone)&U(Harpsichord),U(Violoncello 1)&U(Violoncello 2)&P8(Violone)&U(Harpsichord),P8(Violoncello 1)&P8(Violoncello 2)&P8(Violoncello 3)&P8(Harpsichord),U(Violoncello 1)&U(Violoncello 2)&U(Violoncello 3)&P8(Violone)
253.75,255.25,U(Violin 2)&U(Violin 3),U(Violin 1)&U(Violin 3),U(Violin 1)&U(Violin 2),U(Viola 2)&U(Viola 3),U(Viola 1)&U(Viola 3),U(Viola 1)&U(Viola 2),Main Part,U(Main)&U(Violoncello 3)&P8(Violone)&U(Harpsichord),U(Main)&U(Violoncello 2)&P8(Violone)&U(Harpsichord),P8(Main)&P8(Violoncello 2)&P8(Violoncello 3)&P8(Harpsichord),U(Main)&U(Violoncello 2)&U(Violoncello 3)&P8(Violone)
255.25,256.75,U(Violin 2)&U(Violin 3),U(Violin 1)&U(Violin 3),U(Violin 1)&U(Violin 2),U(Viola 2)&U(Viola 3),U(Viola 1)&U(Viola 3),U(Viola 1)&U(Viola 2),Main Part,U(Main)&U(Violoncello 3)&P8(Violone)&U(Harpsichord),U(Main)&U(Violoncello 2)&P8(Violone)&U(Harpsichord),P8(Main)&P8(Violoncello 2)&P8(Violoncello 3)&P8(Harpsichord),U(Main)&U(Violoncello 2)&U(Violoncello 3)&P8(Violone)
256.75,258.0,U(Violin 2)&U(Violin 3),U(Violin 1)&U(Violin 3),U(Violin 1)&U(Violin 2),Main Part,U(Main),,U(Violoncello 2)&U(Violoncello 3)&P8(Violone)&U(Harpsichord),U(Violoncello 1)&U(Violoncello 3)&P8(Violone)&U(Harpsichord),U(Violoncello 1)&U(Violoncello 2)&P8(Violone)&U(Harpsichord),P8(Violoncello 1)&P8(Violoncello 2)&P8(Violoncello 3)&P8(Harpsichord),U(Violoncello 1)&U(Violoncello 2)&U(Violoncello 3)&P8(Violone)
258.0,261.0,U(Violin 2)&U(Violin 3),U(Violin 1)&U(Violin 3),U(Violin 1)&U(Violin 2),Main Part,,,U(Violoncello 2)&U(Violoncello 3)&P8(Violone)&U(Harpsichord),U(Violoncello 1)&U(Violoncello 3)&P8(Violone)&U(Harpsichord),U(Violoncello 1)&U(Violoncello 2)&P8(Violone)&U(Harpsichord),P8(Violoncello 1)&P8(Violoncello 2)&P8(Violoncello 3)&P8(Harpsichord),U(Violoncello 1)&U(Violoncello 2)&U(Violoncello 3)&P8(Violone)
261.0,264.0,Main Part,U(Main)&U(Violin 3),U(Main)&U(Violin 2),,,,U(Violoncello 2)&U(Violoncello 3)&P8(Violone)&U(Harpsichord),U(Violoncello 1)&U(Violoncello 3)&P8(Violone)&U(Harpsichord),U(Violoncello 1)&U(Violoncello 2)&P8(Violone)&U(Harpsichord),P8(Violoncello 1)&P8(Violoncello 2)&P8(Violoncello 3)&P8(Harpsichord),U(Violoncello 1)&U(Violoncello 2)&U(Violoncello 3)&P8(Violone)
264.0,267.0,Main Part,U(Main)&U(Violin 3),U(Main)&U(Violin 2),,,,U(Violoncello 2)&U(Violoncello 3)&P8(Violone)&U(Harpsichord),U(Violoncello 1)&U(Violoncello 3)&P8(Violone)&U(Harpsichord),U(Violoncello 1)&U(Violoncello 2)&P8(Violone)&U(Harpsichord),P8(Violoncello 1)&P8(Violoncello 2)&P8(Violoncello 3)&P8(Harpsichord),U(Violoncello 1)&U(Violoncello 2)&U(Violoncello 3)&P8(Violone)
267.0,270.0,,Main Part,,,,,U(Violoncello 2)&U(Violoncello 3)&P8(Violone)&U(Harpsichord),U(Violoncello 1)&U(Violoncello 3)&P8(Violone)&U(Harpsichord),U(Violoncello 1)&U(Violoncello 2)&P8(Violone)&U(Harpsichord),P8(Violoncello 1)&P8(Violoncello 2)&P8(Violoncello 3)&P8(Harpsichord),U(Violoncello 1)&U(Violoncello 2)&U(Violoncello 3)&P8(Violone)
270.0,273.0,,Main Part,,,,,U(Violoncello 2)&U(Violoncello 3)&P8(Violone)&U(Harpsichord),U(Violoncello 1)&U(Violoncello 3)&P8(Violone)&U(Harpsichord),U(Violoncello 1)&U(Violoncello 2)&P8(Violone)&U(Harpsichord),P8(Violoncello 1)&P8(Violoncello 2)&P8(Violoncello 3)&P8(Harpsichord),U(Violoncello 1)&U(Violoncello 2)&U(Violoncello 3)&P8(Violone)
273.0,276.0,,,Main Part,,,,U(Violoncello 2)&U(Violoncello 3)&P8(Violone)&U(Harpsichord),U(Violoncello 1)&U(Violoncello 3)&P8(Violone)&U(Harpsichord),U(Violoncello 1)&U(Violoncello 2)&P8(Violone)&U(Harpsichord),P8(Violoncello 1)&P8(Violoncello 2)&P8(Violoncello 3)&P8(Harpsichord),U(Violoncello 1)&U(Violoncello 2)&U(Violoncello 3)&P8(Violone)
276.0,288.0,U(Violin 2)&U(Main),U(Violin 1)&U(Main),Main Part,,U(Viola 3),U(Viola 2),U(Violoncello 2)&U(Violoncello 3)&P8(Violone)&U(Harpsichord),U(Violoncello 1)&U(Violoncello 3)&P8(Violone)&U(Harpsichord),U(Violoncello 1)&U(Violoncello 2)&P8(Violone)&U(Harpsichord),P8(Violoncello 1)&P8(Violoncello 2)&P8(Violoncello 3)&P8(Harpsichord),U(Violoncello 1)&U(Violoncello 2)&U(Violoncello 3)&P8(Violone)
288.0,291.0,U(Violin 2)&U(Violin 3),U(Violin 1)&U(Violin 3),U(Violin 1)&U(Violin 2),Main Part,,,U(Violoncello 2)&U(Violoncello 3)&P8(Violone)&U(Harpsichord),U(Violoncello 1)&U(Violoncello 3)&P8(Violone)&U(Harpsichord),U(Violoncello 1)&U(Violoncello 2)&P8(Violone)&U(Harpsichord),P8(Violoncello 1)&P8(Violoncello 2)&P8(Violoncello 3)&P8(Harpsichord),U(Violoncello 1)&U(Violoncello 2)&U(Violoncello 3)&P8(Violone)
291.0,294.0,U(Violin 2)&U(Violin 3),U(Violin 1)&U(Violin 3),U(Violin 1)&U(Violin 2),Main Part,,,U(Violoncello 2)&U(Violoncello 3)&P8(Violone)&U(Harpsichord),U(Violoncello 1)&U(Violoncello 3)&P8(Violone)&U(Harpsichord),U(Violoncello 1)&U(Violoncello 2)&P8(Violone)&U(Harpsichord),P8(Violoncello 1)&P8(Violoncello 2)&P8(Violoncello 3)&P8(Harpsichord),U(Violoncello 1)&U(Violoncello 2)&U(Violoncello 3)&P8(Violone)
294.0,297.0,Main Part,U(Main)&U(Violin 3),U(Main)&U(Violin 2),,,,U(Violoncello 2)&U(Violoncello 3)&P8(Violone)&U(Harpsichord),U(Violoncello 1)&U(Violoncello 3)&P8(Violone)&U(Harpsichord),U(Violoncello 1)&U(Violoncello 2)&P8(Violone)&U(Harpsichord),P8(Violoncello 1)&P8(Violoncello 2)&P8(Violoncello 3)&P8(Harpsichord),U(Violoncello 1)&U(Violoncello 2)&U(Violoncello 3)&P8(Violone)
297.0,300.0,Main Part,U(Main)&U(Violin 3),U(Main)&U(Violin 2),,,,U(Violoncello 2)&U(Violoncello 3)&P8(Violone)&U(Harpsichord),U(Violoncello 1)&U(Violoncello 3)&P8(Violone)&U(Harpsichord),U(Violoncello 1)&U(Violoncello 2)&P8(Violone)&U(Harpsichord),P8(Violoncello 1)&P8(Violoncello 2)&P8(Violoncello 3)&P8(Harpsichord),U(Violoncello 1)&U(Violoncello 2)&U(Violoncello 3)&P8(Violone)
300.0,309.0,Main Part,U(Main)&U(Violin 3),U(Main)&U(Violin 2),,,,U(Violoncello 2)&U(Violoncello 3)&P8(Violone)&U(Harpsichord),U(Violoncello 1)&U(Violoncello 3)&P8(Violone)&U(Harpsichord),U(Violoncello 1)&U(Violoncello 2)&P8(Violone)&U(Harpsichord),P8(Violoncello 1)&P8(Violoncello 2)&P8(Violoncello 3)&P8(Harpsichord),U(Violoncello 1)&U(Violoncello 2)&U(Violoncello 3)&P8(Violone)
309.0,312.0,Main Part,,,U(Viola 3),,U(Viola 1),U(Violoncello 2)&U(Violoncello 3)&P8(Violone)&U(Harpsichord),U(Violoncello 1)&U(Violoncello 3)&P8(Violone)&U(Harpsichord),U(Violoncello 1)&U(Violoncello 2)&P8(Violone)&U(Harpsichord),P8(Violoncello 1)&P8(Violoncello 2)&P8(Violoncello 3)&P8(Harpsichord),U(Violoncello 1)&U(Violoncello 2)&U(Violoncello 3)&P8(Violone)
312.0,315.0,,,,Main Part,U(Main)&U(Viola 3),U(Main)&U(Viola 2),U(Violoncello 2)&U(Violoncello 3)&P8(Violone)&U(Harpsichord),U(Violoncello 1)&U(Violoncello 3)&P8(Violone)&U(Harpsichord),U(Violoncello 1)&U(Violoncello 2)&P8(Violone)&U(Harpsichord),P8(Violoncello 1)&P8(Violoncello 2)&P8(Violoncello 3)&P8(Harpsichord),U(Violoncello 1)&U(Violoncello 2)&U(Violoncello 3)&P8(Violone)
315.0,318.0,,,,Main Part,U(Main)&U(Viola 3),U(Main)&U(Viola 2),U(Violoncello 2)&U(Violoncello 3)&P8(Violone)&U(Harpsichord),U(Violoncello 1)&U(Violoncello 3)&P8(Violone)&U(Harpsichord),U(Violoncello 1)&U(Violoncello 2)&P8(Violone)&U(Harpsichord),P8(Violoncello 1)&P8(Violoncello 2)&P8(Violoncello 3)&P8(Harpsichord),U(Violoncello 1)&U(Violoncello 2)&U(Violoncello 3)&P8(Violone)
318.0,321.0,Main Part,,,U(Viola 2)&U(Viola 3),U(Viola 1)&U(Viola 3),U(Viola 1)&U(Viola 2),U(Violoncello 2)&U(Violoncello 3)&P8(Violone)&U(Harpsichord),U(Violoncello 1)&U(Violoncello 3)&P8(Violone)&U(Harpsichord),U(Violoncello 1)&U(Violoncello 2)&P8(Violone)&U(Harpsichord),P8(Violoncello 1)&P8(Violoncello 2)&P8(Violoncello 3)&P8(Harpsichord),U(Violoncello 1)&U(Violoncello 2)&U(Violoncello 3)&P8(Violone)
321.0,330.0,Main Part,,,U(Viola 2)&U(Viola 3),U(Viola 1)&U(Viola 3),U(Viola 1)&U(Viola 2),U(Violoncello 2)&U(Violoncello 3)&P8(Violone)&U(Harpsichord),U(Violoncello 1)&U(Violoncello 3)&P8(Violone)&U(Harpsichord),U(Violoncello 1)&U(Violoncello 2)&P8(Violone)&U(Harpsichord),P8(Violoncello 1)&P8(Violoncello 2)&P8(Violoncello 3)&P8(Harpsichord),U(Violoncello 1)&U(Violoncello 2)&U(Violoncello 3)&P8(Violone)
330.0,333.0,,,,Main Part,,,U(Violoncello 2)&U(Violoncello 3)&P8(Violone)&U(Harpsichord),U(Violoncello 1)&U(Violoncello 3)&P8(Violone)&U(Harpsichord),U(Violoncello 1)&U(Violoncello 2)&P8(Violone)&U(Harpsichord),P8(Violoncello 1)&P8(Violoncello 2)&P8(Violoncello 3)&P8(Harpsichord),U(Violoncello 1)&U(Violoncello 2)&U(Violoncello 3)&P8(Violone)
333.0,336.0,,,,Main Part,,,U(Violoncello 2)&U(Violoncello 3)&P8(Violone)&U(Harpsichord),U(Violoncello 1)&U(Violoncello 3)&P8(Violone)&U(Harpsichord),U(Violoncello 1)&U(Violoncello 2)&P8(Violone)&U(Harpsichord),P8(Violoncello 1)&P8(Violoncello 2)&P8(Violoncello 3)&P8(Harpsichord),U(Violoncello 1)&U(Violoncello 2)&U(Violoncello 3)&P8(Violone)
336.0,339.0,Main Part,,,,,,U(Violoncello 2)&U(Violoncello 3)&P8(Violone)&U(Harpsichord),U(Violoncello 1)&U(Violoncello 3)&P8(Violone)&U(Harpsichord),U(Violoncello 1)&U(Violoncello 2)&P8(Violone)&U(Harpsichord),P8(Violoncello 1)&P8(Violoncello 2)&P8(Violoncello 3)&P8(Harpsichord),U(Violoncello 1)&U(Violoncello 2)&U(Violoncello 3)&P8(Violone)
339.0,342.0,Main Part,,,,,,U(Violoncello 2)&U(Violoncello 3)&P8(Violone)&U(Harpsichord),U(Violoncello 1)&U(Violoncello 3)&P8(Violone)&U(Harpsichord),U(Violoncello 1)&U(Violoncello 2)&P8(Violone)&U(Harpsichord),P8(Violoncello 1)&P8(Violoncello 2)&P8(Violoncello 3)&P8(Harpsichord),U(Violoncello 1)&U(Violoncello 2)&U(Violoncello 3)&P8(Violone)
342.0,345.0,,,,Main Part,,,U(Violoncello 2)&U(Violoncello 3)&P8(Violone)&U(Harpsichord),U(Violoncello 1)&U(Violoncello 3)&P8(Violone)&U(Harpsichord),U(Violoncello 1)&U(Violoncello 2)&P8(Violone)&U(Harpsichord),P8(Violoncello 1)&P8(Violoncello 2)&P8(Violoncello 3)&P8(Harpsichord),U(Violoncello 1)&U(Violoncello 2)&U(Violoncello 3)&P8(Violone)
345.0,348.0,,,,Main Part,,,U(Violoncello 2)&U(Violoncello 3)&P8(Violone)&U(Harpsichord),U(Violoncello 1)&U(Violoncello 3)&P8(Violone)&U(Harpsichord),U(Violoncello 1)&U(Violoncello 2)&P8(Violone)&U(Harpsichord),P8(Violoncello 1)&P8(Violoncello 2)&P8(Violoncello 3)&P8(Harpsichord),U(Violoncello 1)&U(Violoncello 2)&U(Violoncello 3)&P8(Violone)
348.0,360.0,Main Part,,,U(Viola 2)&U(Viola 3),U(Viola 1)&U(Viola 3),U(Viola 1)&U(Viola 2),U(Violoncello 2)&U(Violoncello 3)&P8(Violone)&U(Harpsichord),U(Violoncello 1)&U(Violoncello 3)&P8(Violone)&U(Harpsichord),U(Violoncello 1)&U(Violoncello 2)&P8(Violone)&U(Harpsichord),P8(Violoncello 1)&P8(Violoncello 2)&P8(Violoncello 3)&P8(Harpsichord),U(Violoncello 1)&U(Violoncello 2)&U(Violoncello 3)&P8(Violone)
360.0,366.0,Main Part,U(Main)&U(Violin 3),U(Main)&U(Violin 2),U(Viola 2)&U(Viola 3),U(Viola 1)&U(Viola 3),U(Viola 1)&U(Viola 2),U(Violoncello 2)&U(Violoncello 3)&P8(Violone)&U(Harpsichord),U(Violoncello 1)&U(Violoncello 3)&P8(Violone)&U(Harpsichord),U(Violoncello 1)&U(Violoncello 2)&P8(Violone)&U(Harpsichord),P8(Violoncello 1)&P8(Violoncello 2)&P8(Violoncello 3)&P8(Harpsichord),U(Violoncello 1)&U(Violoncello 2)&U(Violoncello 3)&P8(Violone)
366.0,372.0,,U(Violin 3),U(Violin 2),Main Part,U(Main)&U(Viola 3),U(Main)&U(Viola 2),U(Violoncello 2)&U(Violoncello 3)&P8(Violone)&U(Harpsichord),U(Violoncello 1)&U(Violoncello 3)&P8(Violone)&U(Harpsichord),U(Violoncello 1)&U(Violoncello 2)&P8(Violone)&U(Harpsichord),P8(Violoncello 1)&P8(Violoncello 2)&P8(Violoncello 3)&P8(Harpsichord),U(Violoncello 1)&U(Violoncello 2)&U(Violoncello 3)&P8(Violone)
372.0,384.0,,U(Violin 3),U(Violin 2),Main Part,U(Main)&U(Viola 3),U(Main)&U(Viola 2),U(Violoncello 2)&U(Violoncello 3)&P8(Violone)&U(Harpsichord),U(Violoncello 1)&U(Violoncello 3)&P8(Violone)&U(Harpsichord),U(Violoncello 1)&U(Violoncello 2)&P8(Violone)&U(Harpsichord),P8(Violoncello 1)&P8(Violoncello 2)&P8(Violoncello 3)&P8(Harpsichord),U(Violoncello 1)&U(Violoncello 2)&U(Violoncello 3)&P8(Violone)
384.0,387.0,,,,U(Main)&U(Viola 3),Main Part,U(Viola 1)&U(Main),U(Violoncello 2)&U(Violoncello 3)&P8(Violone)&U(Harpsichord),U(Violoncello 1)&U(Violoncello 3)&P8(Violone)&U(Harpsichord),U(Violoncello 1)&U(Violoncello 2)&P8(Violone)&U(Harpsichord),P8(Violoncello 1)&P8(Violoncello 2)&P8(Violoncello 3)&P8(Harpsichord),U(Violoncello 1)&U(Violoncello 2)&U(Violoncello 3)&P8(Violone)
387.0,390.0,,,,U(Main)&U(Viola 3),Main Part,U(Viola 1)&U(Main),,,,,
390.0,393.0,,,,U(Viola 2)&U(Main),U(Viola 1)&U(Main),Main Part,U(Violoncello 2)&U(Violoncello 3)&P8(Violone)&U(Harpsichord),U(Violoncello 1)&U(Violoncello 3)&P8(Violone)&U(Harpsichord),U(Violoncello 1)&U(Violoncello 2)&P8(Violone)&U(Harpsichord),P8(Violoncello 1)&P8(Violoncello 2)&P8(Violoncello 3)&P8(Harpsichord),U(Violoncello 1)&U(Violoncello 2)&U(Violoncello 3)&P8(Violone)
393.0,396.0,,,,U(Viola 2)&U(Main),U(Viola 1)&U(Main),Main Part,U(Violoncello 2)&U(Violoncello 3)&P8(Violone)&U(Harpsichord),U(Violoncello 1)&U(Violoncello 3)&P8(Violone)&U(Harpsichord),U(Violoncello 1)&U(Violoncello 2)&P8(Violone)&U(Harpsichord),P8(Violoncello 1)&P8(Violoncello 2)&P8(Violoncello 3)&P8(Harpsichord),U(Violoncello 1)&U(Violoncello 2)&U(Violoncello 3)&P8(Violone)
396.0,405.0,,,,U(Viola 2)&U(Viola 3),U(Viola 1)&U(Viola 3),U(Viola 1)&U(Viola 2),Main Part,U(Main)&U(Violoncello 3)&P8(Violone)&U(Harpsichord),U(Main)&U(Violoncello 2)&P8(Violone)&U(Harpsichord),P8(Main)&P8(Violoncello 2)&P8(Violoncello 3)&P8(Harpsichord),U(Main)&U(Violoncello 2)&U(Violoncello 3)&P8(Violone)
405.0,408.0,,U(Violin 3),U(Violin 2),,U(Viola 3),U(Viola 2),Main Part,U(Main)&U(Violoncello 3)&P8(Violone)&U(Harpsichord),U(Main)&U(Violoncello 2)&P8(Violone)&U(Harpsichord),P8(Main)&P8(Violoncello 2)&P8(Violoncello 3)&P8(Harpsichord),U(Main)&U(Violoncello 2)&U(Violoncello 3)&P8(Violone)
408.0,411.0,Main Part,U(Main)&U(Violin 3),U(Main)&U(Violin 2),,U(Viola 3),U(Viola 2),U(Violoncello 2)&U(Violoncello 3)&P8(Violone)&U(Harpsichord),U(Violoncello 1)&U(Violoncello 3)&P8(Violone)&U(Harpsichord),U(Violoncello 1)&U(Violoncello 2)&P8(Violone)&U(Harpsichord),P8(Violoncello 1)&P8(Violoncello 2)&P8(Violoncello 3)&P8(Harpsichord),U(Violoncello 1)&U(Violoncello 2)&U(Violoncello 3)&P8(Violone)
411.0,414.0,Main Part,U(Main)&U(Violin 3),U(Main)&U(Violin 2),,U(Viola 3),U(Viola 2),U(Violoncello 2)&U(Violoncello 3)&P8(Violone)&U(Harpsichord),U(Violoncello 1)&U(Violoncello 3)&P8(Violone)&U(Harpsichord),U(Violoncello 1)&U(Violoncello 2)&P8(Violone)&U(Harpsichord),P8(Violoncello 1)&P8(Violoncello 2)&P8(Violoncello 3)&P8(Harpsichord),U(Violoncello 1)&U(Violoncello 2)&U(Violoncello 3)&P8(Violone)
414.0,417.0,U(Violin 2)&U(Violin 3),U(Violin 1)&U(Violin 3),U(Violin 1)&U(Violin 2),Main Part,,,U(Violoncello 2)&U(Violoncello 3)&P8(Violone)&U(Harpsichord),U(Violoncello 1)&U(Violoncello 3)&P8(Violone)&U(Harpsichord),U(Violoncello 1)&U(Violoncello 2)&P8(Violone)&U(Harpsichord),P8(Violoncello 1)&P8(Violoncello 2)&P8(Violoncello 3)&P8(Harpsichord),U(Violoncello 1)&U(Violoncello 2)&U(Violoncello 3)&P8(Violone)
417.0,426.0,U(Violin 2)&U(Violin 3),U(Violin 1)&U(Violin 3),U(Violin 1)&U(Violin 2),Main Part,,,U(Violoncello 2)&U(Violoncello 3)&P8(Violone)&U(Harpsichord),U(Violoncello 1)&U(Violoncello 3)&P8(Violone)&U(Harpsichord),U(Violoncello 1)&U(Violoncello 2)&P8(Violone)&U(Harpsichord),P8(Violoncello 1)&P8(Violoncello 2)&P8(Violoncello 3)&P8(Harpsichord),U(Violoncello 1)&U(Violoncello 2)&U(Violoncello 3)&P8(Violone)
426.0,429.0,,,,Main Part,,,U(Violoncello 2)&U(Violoncello 3)&P8(Violone)&U(Harpsichord),U(Violoncello 1)&U(Violoncello 3)&P8(Violone)&U(Harpsichord),U(Violoncello 1)&U(Violoncello 2)&P8(Violone)&U(Harpsichord),P8(Violoncello 1)&P8(Violoncello 2)&P8(Violoncello 3)&P8(Harpsichord),U(Violoncello 1)&U(Violoncello 2)&U(Violoncello 3)&P8(Violone)
429.0,432.0,,,,Main Part,,,U(Violoncello 2)&U(Violoncello 3)&P8(Violone)&U(Harpsichord),U(Violoncello 1)&U(Violoncello 3)&P8(Violone)&U(Harpsichord),U(Violoncello 1)&U(Violoncello 2)&P8(Violone)&U(Harpsichord),P8(Violoncello 1)&P8(Violoncello 2)&P8(Violoncello 3)&P8(Harpsichord),U(Violoncello 1)&U(Violoncello 2)&U(Violoncello 3)&P8(Violone)
432.0,435.0,,,,Main Part,,,U(Violoncello 2)&U(Violoncello 3)&P8(Violone)&U(Harpsichord),U(Violoncello 1)&U(Violoncello 3)&P8(Violone)&U(Harpsichord),U(Violoncello 1)&U(Violoncello 2)&P8(Violone)&U(Harpsichord),P8(Violoncello 1)&P8(Violoncello 2)&P8(Violoncello 3)&P8(Harpsichord),U(Violoncello 1)&U(Violoncello 2)&U(Violoncello 3)&P8(Violone)
435.0,441.0,,,,Main Part,U(Main)&U(Viola 3),U(Main)&U(Viola 2),U(Violoncello 2)&U(Violoncello 3)&P8(Violone)&U(Harpsichord),U(Violoncello 1)&U(Violoncello 3)&P8(Violone)&U(Harpsichord),U(Violoncello 1)&U(Violoncello 2)&P8(Violone)&U(Harpsichord),P8(Violoncello 1)&P8(Violoncello 2)&P8(Violoncello 3)&P8(Harpsichord),U(Violoncello 1)&U(Violoncello 2)&U(Violoncello 3)&P8(Violone)
441.0,444.0,,U(Violin 3),U(Violin 2),U(Main)&U(Viola 3),Main Part,U(Viola 1)&U(Main),U(Violoncello 2)&U(Violoncello 3)&P8(Violone)&U(Harpsichord),U(Violoncello 1)&U(Violoncello 3)&P8(Violone)&U(Harpsichord),U(Violoncello 1)&U(Violoncello 2)&P8(Violone)&U(Harpsichord),P8(Violoncello 1)&P8(Violoncello 2)&P8(Violoncello 3)&P8(Harpsichord),U(Violoncello 1)&U(Violoncello 2)&U(Violoncello 3)&P8(Violone)
444.0,456.0,,U(Violin 3),U(Violin 2),,Main Part,,U(Violoncello 2)&U(Violoncello 3)&P8(Violone)&U(Harpsichord),U(Violoncello 1)&U(Violoncello 3)&P8(Violone)&U(Harpsichord),U(Violoncello 1)&U(Violoncello 2)&P8(Violone)&U(Harpsichord),P8(Violoncello 1)&P8(Violoncello 2)&P8(Violoncello 3)&P8(Harpsichord),U(Violoncello 1)&U(Violoncello 2)&U(Violoncello 3)&P8(Violone)
456.0,461.0,Main Part,U(Violin 3),U(Violin 2),,,,U(Violoncello 2)&U(Violoncello 3)&P8(Violone)&U(Harpsichord),U(Violoncello 1)&U(Violoncello 3)&P8(Violone)&U(Harpsichord),U(Violoncello 1)&U(Violoncello 2)&P8(Violone)&U(Harpsichord),P8(Violoncello 1)&P8(Violoncello 2)&P8(Violoncello 3)&P8(Harpsichord),U(Violoncello 1)&U(Violoncello 2)&U(Violoncello 3)&P8(Violone)
461.0,468.25,Main Part,,,,,,U(Violoncello 2)&U(Violoncello 3)&P8(Violone)&U(Harpsichord),U(Violoncello 1)&U(Violoncello 3)&P8(Violone)&U(Harpsichord),U(Violoncello 1)&U(Violoncello 2)&P8(Violone)&U(Harpsichord),P8(Violoncello 1)&P8(Violoncello 2)&P8(Violoncello 3)&P8(Harpsichord),U(Violoncello 1)&U(Violoncello 2)&U(Violoncello 3)&P8(Violone)
468.25,469.75,U(Violin 2)&U(Violin 3),U(Violin 1)&U(Violin 3),U(Violin 1)&U(Violin 2),U(Viola 2)&U(Viola 3),U(Viola 1)&U(Viola 3),U(Viola 1)&U(Viola 2),Main Part,U(Main)&U(Violoncello 3)&P8(Violone)&U(Harpsichord),U(Main)&U(Violoncello 2)&P8(Violone)&U(Harpsichord),P8(Main)&P8(Violoncello 2)&P8(Violoncello 3)&P8(Harpsichord),U(Main)&U(Violoncello 2)&U(Violoncello 3)&P8(Violone)
469.75,471.25,U(Violin 2)&U(Violin 3),U(Violin 1)&U(Violin 3),U(Violin 1)&U(Violin 2),U(Viola 2)&U(Viola 3),U(Viola 1)&U(Viola 3),U(Viola 1)&U(Viola 2),Main Part,U(Main)&U(Violoncello 3)&P8(Violone)&U(Harpsichord),U(Main)&U(Violoncello 2)&P8(Violone)&U(Harpsichord),P8(Main)&P8(Violoncello 2)&P8(Violoncello 3)&P8(Harpsichord),U(Main)&U(Violoncello 2)&U(Violoncello 3)&P8(Violone)
471.25,472.75,U(Violin 2)&U(Violin 3),U(Violin 1)&U(Violin 3),U(Violin 1)&U(Violin 2),U(Main)&U(Viola 3),Main Part,U(Viola 1)&U(Main),U(Violoncello 2)&U(Violoncello 3)&P8(Violone)&U(Harpsichord),U(Violoncello 1)&U(Violoncello 3)&P8(Violone)&U(Harpsichord),U(Violoncello 1)&U(Violoncello 2)&P8(Violone)&U(Harpsichord),P8(Violoncello 1)&P8(Violoncello 2)&P8(Violoncello 3)&P8(Harpsichord),U(Violoncello 1)&U(Violoncello 2)&U(Violoncello 3)&P8(Violone)
472.75,474.0,U(Violin 2)&U(Violin 3),U(Violin 1)&U(Violin 3),U(Violin 1)&U(Violin 2),U(Main),Main Part,,U(Violoncello 2)&U(Violoncello 3)&P8(Violone)&U(Harpsichord),U(Violoncello 1)&U(Violoncello 3)&P8(Violone)&U(Harpsichord),U(Violoncello 1)&U(Violoncello 2)&P8(Violone)&U(Harpsichord),P8(Violoncello 1)&P8(Violoncello 2)&P8(Violoncello 3)&P8(Harpsichord),U(Violoncello 1)&U(Violoncello 2)&U(Violoncello 3)&P8(Violone)
474.0,477.0,Main Part,U(Main)&U(Violin 3),U(Main)&U(Violin 2),,,,U(Violoncello 2)&U(Violoncello 3)&P8(Violone)&U(Harpsichord),U(Violoncello 1)&U(Violoncello 3)&P8(Violone)&U(Harpsichord),U(Violoncello 1)&U(Violoncello 2)&P8(Violone)&U(Harpsichord),P8(Violoncello 1)&P8(Violoncello 2)&P8(Violoncello 3)&P8(Harpsichord),U(Violoncello 1)&U(Violoncello 2)&U(Violoncello 3)&P8(Violone)
477.0,480.0,Main Part,U(Main)&U(Violin 3),U(Main)&U(Violin 2),,,,U(Violoncello 2)&U(Violoncello 3)&P8(Violone)&U(Harpsichord),U(Violoncello 1)&U(Violoncello 3)&P8(Violone)&U(Harpsichord),U(Violoncello 1)&U(Violoncello 2)&P8(Violone)&U(Harpsichord),P8(Violoncello 1)&P8(Violoncello 2)&P8(Violoncello 3)&P8(Harpsichord),U(Violoncello 1)&U(Violoncello 2)&U(Violoncello 3)&P8(Violone)
480.0,483.0,U(Main)&U(Violin 3),Main Part,U(Violin 1)&U(Main),,,,U(Violoncello 2)&U(Violoncello 3)&P8(Violone)&U(Harpsichord),U(Violoncello 1)&U(Violoncello 3)&P8(Violone)&U(Harpsichord),U(Violoncello 1)&U(Violoncello 2)&P8(Violone)&U(Harpsichord),P8(Violoncello 1)&P8(Violoncello 2)&P8(Violoncello 3)&P8(Harpsichord),U(Violoncello 1)&U(Violoncello 2)&U(Violoncello 3)&P8(Violone)
483.0,486.0,,Main Part,,,,,U(Violoncello 2)&U(Violoncello 3)&P8(Violone)&U(Harpsichord),U(Violoncello 1)&U(Violoncello 3)&P8(Violone)&U(Harpsichord),U(Violoncello 1)&U(Violoncello 2)&P8(Violone)&U(Harpsichord),P8(Violoncello 1)&P8(Violoncello 2)&P8(Violoncello 3)&P8(Harpsichord),U(Violoncello 1)&U(Violoncello 2)&U(Violoncello 3)&P8(Violone)
486.0,489.0,,,,Main Part,,,U(Violoncello 2)&U(Violoncello 3)&P8(Violone)&U(Harpsichord),U(Violoncello 1)&U(Violoncello 3)&P8(Violone)&U(Harpsichord),U(Violoncello 1)&U(Violoncello 2)&P8(Violone)&U(Harpsichord),P8(Violoncello 1)&P8(Violoncello 2)&P8(Violoncello 3)&P8(Harpsichord),U(Violoncello 1)&U(Violoncello 2)&U(Violoncello 3)&P8(Violone)
489.0,492.0,,,,Main Part,,,U(Violoncello 2)&U(Violoncello 3)&P8(Violone)&U(Harpsichord),U(Violoncello 1)&U(Violoncello 3)&P8(Violone)&U(Harpsichord),U(Violoncello 1)&U(Violoncello 2)&P8(Violone)&U(Harpsichord),P8(Violoncello 1)&P8(Violoncello 2)&P8(Violoncello 3)&P8(Harpsichord),U(Violoncello 1)&U(Violoncello 2)&U(Violoncello 3)&P8(Violone)
492.0,504.0,U(Violin 2)&U(Violin 3),U(Violin 1)&U(Violin 3),U(Violin 1)&U(Violin 2),,U(Viola 3),U(Viola 2),Main Part,U(Main)&U(Violoncello 3)&P8(Violone)&U(Harpsichord),U(Main)&U(Violoncello 2)&P8(Violone)&U(Harpsichord),P8(Main)&P8(Violoncello 2)&P8(Violoncello 3)&P8(Harpsichord),U(Main)&U(Violoncello 2)&U(Violoncello 3)&P8(Violone)
504.0,507.0,U(Violin 2)&U(Violin 3),U(Violin 1)&U(Violin 3),U(Violin 1)&U(Violin 2),,,,Main Part,U(Main)&U(Violoncello 3)&P8(Violone)&U(Harpsichord),U(Main)&U(Violoncello 2)&P8(Violone)&U(Harpsichord),P8(Main)&P8(Violoncello 2)&P8(Violoncello 3)&P8(Harpsichord),U(Main)&U(Violoncello 2)&U(Violoncello 3)&P8(Violone)
507.0,510.0,Main Part,U(Main)&U(Violin 3),U(Main)&U(Violin 2),,,,U(Violoncello 2)&U(Violoncello 3)&P8(Violone)&U(Harpsichord),U(Violoncello 1)&U(Violoncello 3)&P8(Violone)&U(Harpsichord),U(Violoncello 1)&U(Violoncello 2)&P8(Violone)&U(Harpsichord),P8(Violoncello 1)&P8(Violoncello 2)&P8(Violoncello 3)&P8(Harpsichord),U(Violoncello 1)&U(Violoncello 2)&U(Violoncello 3)&P8(Violone)
510.0,513.0,Main Part,U(Main)&U(Violin 3),U(Main)&U(Violin 2),,,,U(Violoncello 2)&U(Violoncello 3)&P8(Violone)&U(Harpsichord),U(Violoncello 1)&U(Violoncello 3)&P8(Violone)&U(Harpsichord),U(Violoncello 1)&U(Violoncello 2)&P8(Violone)&U(Harpsichord),P8(Violoncello 1)&P8(Violoncello 2)&P8(Violoncello 3)&P8(Harpsichord),U(Violoncello 1)&U(Violoncello 2)&U(Violoncello 3)&P8(Violone)
513.0,516.0,U(Violin 2)&U(Violin 3),U(Violin 1)&U(Violin 3),U(Violin 1)&U(Violin 2),Main Part,,,U(Violoncello 2)&U(Violoncello 3)&P8(Violone)&U(Harpsichord),U(Violoncello 1)&U(Violoncello 3)&P8(Violone)&U(Harpsichord),U(Violoncello 1)&U(Violoncello 2)&P8(Violone)&U(Harpsichord),P8(Violoncello 1)&P8(Violoncello 2)&P8(Violoncello 3)&P8(Harpsichord),U(Violoncello 1)&U(Violoncello 2)&U(Violoncello 3)&P8(Violone)
516.0,525.0,U(Violin 2)&U(Violin 3),U(Violin 1)&U(Violin 3),U(Violin 1)&U(Violin 2),Main Part,,,U(Violoncello 2)&U(Violoncello 3)&P8(Violone)&U(Harpsichord),U(Violoncello 1)&U(Violoncello 3)&P8(Violone)&U(Harpsichord),U(Violoncello 1)&U(Violoncello 2)&P8(Violone)&U(Harpsichord),P8(Violoncello 1)&P8(Violoncello 2)&P8(Violoncello 3)&P8(Harpsichord),U(Violoncello 1)&U(Violoncello 2)&U(Violoncello 3)&P8(Violone)
525.0,528.0,,,,U(Viola 3),Main Part,U(Viola 1),U(Violoncello 2)&U(Violoncello 3)&P8(Violone)&U(Harpsichord),U(Violoncello 1)&U(Violoncello 3)&P8(Violone)&U(Harpsichord),U(Violoncello 1)&U(Violoncello 2)&P8(Violone)&U(Harpsichord),P8(Violoncello 1)&P8(Violoncello 2)&P8(Violoncello 3)&P8(Harpsichord),U(Violoncello 1)&U(Violoncello 2)&U(Violoncello 3)&P8(Violone)
528.0,531.0,,,,U(Main)&U(Viola 3),Main Part,U(Viola 1)&U(Main),U(Violoncello 2)&U(Violoncello 3)&P8(Violone)&U(Harpsichord),U(Violoncello 1)&U(Violoncello 3)&P8(Violone)&U(Harpsichord),U(Violoncello 1)&U(Violoncello 2)&P8(Violone)&U(Harpsichord),P8(Violoncello 1)&P8(Violoncello 2)&P8(Violoncello 3)&P8(Harpsichord),U(Violoncello 1)&U(Violoncello 2)&U(Violoncello 3)&P8(Violone)
531.0,534.0,,,,U(Main)&U(Viola 3),Main Part,U(Viola 1)&U(Main),U(Violoncello 2)&U(Violoncello 3)&P8(Violone)&U(Harpsichord),U(Violoncello 1)&U(Violoncello 3)&P8(Violone)&U(Harpsichord),U(Violoncello 1)&U(Violoncello 2)&P8(Violone)&U(Harpsichord),P8(Violoncello 1)&P8(Violoncello 2)&P8(Violoncello 3)&P8(Harpsichord),U(Violoncello 1)&U(Violoncello 2)&U(Violoncello 3)&P8(Violone)
534.0,537.0,,,,U(Main)&U(Viola 3),Main Part,U(Viola 1)&U(Main),U(Violoncello 2)&U(Violoncello 3)&P8(Violone)&U(Harpsichord),U(Violoncello 1)&U(Violoncello 3)&P8(Violone)&U(Harpsichord),U(Violoncello 1)&U(Violoncello 2)&P8(Violone)&U(Harpsichord),P8(Violoncello 1)&P8(Violoncello 2)&P8(Violoncello 3)&P8(Harpsichord),U(Violoncello 1)&U(Violoncello 2)&U(Violoncello 3)&P8(Violone)
537.0,546.0,Main Part,,,U(Viola 2)&U(Viola 3),U(Viola 1)&U(Viola 3),U(Viola 1)&U(Viola 2),U(Violoncello 2)&U(Violoncello 3)&P8(Violone)&U(Harpsichord),U(Violoncello 1)&U(Violoncello 3)&P8(Violone)&U(Harpsichord),U(Violoncello 1)&U(Violoncello 2)&P8(Violone)&U(Harpsichord),P8(Violoncello 1)&P8(Violoncello 2)&P8(Violoncello 3)&P8(Harpsichord),U(Violoncello 1)&U(Violoncello 2)&U(Violoncello 3)&P8(Violone)
546.0,549.0,Main Part,,,,,,U(Violoncello 2)&U(Violoncello 3)&P8(Violone)&U(Harpsichord),U(Violoncello 1)&U(Violoncello 3)&P8(Violone)&U(Harpsichord),U(Violoncello 1)&U(Violoncello 2)&P8(Violone)&U(Harpsichord),P8(Violoncello 1)&P8(Violoncello 2)&P8(Violoncello 3)&P8(Harpsichord),U(Violoncello 1)&U(Violoncello 2)&U(Violoncello 3)&P8(Violone)
549.0,552.0,,,,Main Part,,,U(Violoncello 2)&U(Violoncello 3)&P8(Violone)&U(Harpsichord),U(Violoncello 1)&U(Violoncello 3)&P8(Violone)&U(Harpsichord),U(Violoncello 1)&U(Violoncello 2)&P8(Violone)&U(Harpsichord),P8(Violoncello 1)&P8(Violoncello 2)&P8(Violoncello 3)&P8(Harpsichord),U(Violoncello 1)&U(Violoncello 2)&U(Violoncello 3)&P8(Violone)
552.0,555.0,,,,Main Part,,,U(Violoncello 2)&U(Violoncello 3)&P8(Violone)&U(Harpsichord),U(Violoncello 1)&U(Violoncello 3)&P8(Violone)&U(Harpsichord),U(Violoncello 1)&U(Violoncello 2)&P8(Violone)&U(Harpsichord),P8(Violoncello 1)&P8(Violoncello 2)&P8(Violoncello 3)&P8(Harpsichord),U(Violoncello 1)&U(Violoncello 2)&U(Violoncello 3)&P8(Violone)
555.0,558.0,Main Part,,,,,,U(Violoncello 2)&U(Violoncello 3)&P8(Violone)&U(Harpsichord),U(Violoncello 1)&U(Violoncello 3)&P8(Violone)&U(Harpsichord),U(Violoncello 1)&U(Violoncello 2)&P8(Violone)&U(Harpsichord),P8(Violoncello 1)&P8(Violoncello 2)&P8(Violoncello 3)&P8(Harpsichord),U(Violoncello 1)&U(Violoncello 2)&U(Violoncello 3)&P8(Violone)
558.0,561.0,Main Part,,,,,,U(Violoncello 2)&U(Violoncello 3)&P8(Violone)&U(Harpsichord),U(Violoncello 1)&U(Violoncello 3)&P8(Violone)&U(Harpsichord),U(Violoncello 1)&U(Violoncello 2)&P8(Violone)&U(Harpsichord),P8(Violoncello 1)&P8(Violoncello 2)&P8(Violoncello 3)&P8(Harpsichord),U(Violoncello 1)&U(Violoncello 2)&U(Violoncello 3)&P8(Violone)
561.0,564.0,Main Part,,,,,,U(Violoncello 2)&U(Violoncello 3)&P8(Violone)&U(Harpsichord),U(Violoncello 1)&U(Violoncello 3)&P8(Violone)&U(Harpsichord),U(Violoncello 1)&U(Violoncello 2)&P8(Violone)&U(Harpsichord),P8(Violoncello 1)&P8(Violoncello 2)&P8(Violoncello 3)&P8(Harpsichord),U(Violoncello 1)&U(Violoncello 2)&U(Violoncello 3)&P8(Violone)
564.0,575.5,Main Part,,,U(Viola 2)&U(Viola 3),U(Viola 1)&U(Viola 3),U(Viola 1)&U(Viola 2),U(Violoncello 2)&U(Violoncello 3)&P8(Violone)&U(Harpsichord),U(Violoncello 1)&U(Violoncello 3)&P8(Violone)&U(Harpsichord),U(Violoncello 1)&U(Violoncello 2)&P8(Violone)&U(Harpsichord),P8(Violoncello 1)&P8(Violoncello 2)&P8(Violoncello 3)&P8(Harpsichord),U(Violoncello 1)&U(Violoncello 2)&U(Violoncello 3)&P8(Violone)
