qstamp_start,qstamp_end,Flute 1,Flute 2,Oboe 1,Oboe 2,A Clarinet 1,A Clarinet 2,Bassoon 1,Bassoon 2,Contrabassoon,E Horn 1,E Horn 2,C Horn 3,C Horn 4,E Trumpet 1,E Trumpet 2,Trombone 1,Trombone 2,Trombone 3,Timpani,Violin 1,Violin 2,Viola,Violoncello,Contrabass
0.0,25.0,Main Part,U(Main),,,,,P8(Bassoon 2)&P8(Contrabassoon),P8(Bassoon 1)&P8(Contrabassoon),P8(Bassoon 1)&P8(Bassoon 2),,,,,P8(E Trumpet 2),P8(E Trumpet 1),,,,,U(Violin 2)&U(Viola)&P4(Violoncello)&P3(Contrabass),U(Violin 1)&U(Viola)&P4(Violoncello)&P3(Contrabass),U(Violin 1)&U(Violin 2)&P4(Violoncello)&P3(Contrabass),P4(Violin 1)&P4(Violin 2)&P4(Viola)&P6(Contrabass),P3(Violin 1)&P3(Violin 2)&P3(Viola)&P6(Violoncello)
25.0,46.0,,,U(A Clarinet 1),,U(Oboe 1),,,,,P8(E Horn 2)&P8(Timpani),P8(E Horn 1)&P8(Timpani),U(C Horn 4),U(C Horn 3),,,,P3(Trombone 3),P3(Trombone 2),P8(E Horn 1)&P8(E Horn 2),Main Part,,,,
46.0,52.0,P6(Flute 2)&P6(Oboe 2)&P6(A Clarinet 2),P6(Flute 1)&P8(Oboe 2)&P8(A Clarinet 2),Main Part,P6(Flute 1)&P8(Flute 2)&U(A Clarinet 2),U(Main),P6(Flute 1)&P8(Flute 2)&U(Oboe 2),,,,P8(E Horn 2)&P8(Timpani),P8(E Horn 1)&P8(Timpani),U(C Horn 4),U(C Horn 3),,,,,,P8(E Horn 1)&P8(E Horn 2),P3(Violin 2),P3(Violin 1),,,
52.0,58.0,Main Part,P8(Oboe 2),P8(Main),P8(Flute 2),,,,,,P8(E Horn 2)&U(Timpani),P8(E Horn 1)&P8(Timpani),U(C Horn 4),U(C Horn 3),,,,,,U(E Horn 1)&P8(E Horn 2),,,U(Violoncello),U(Viola),
58.0,64.0,P8(Oboe 1),P8(Oboe 2),P8(Flute 1),P8(Flute 2),Main Part,,P8(Main),,,,,,,,,,,,,,,U(Violoncello),U(Viola),
64.0,75.0,Main Part,P8(Oboe 2),P8(Main),P8(Flute 2),,P8(Bassoon 2),,P8(A Clarinet 2),,P8(E Horn 2)&P8(E Trumpet 1),P8(E Horn 1)&P8(E Trumpet 1),U(Trombone 2),U(Trombone 3),P8(E Horn 1)&P8(E Horn 2),,P8(Violin 1),U(C Horn 3),U(C Horn 4),,P8(Trombone 1),,,P8(Contrabass),P8(Violoncello)
75.0,78.0,P8(Oboe 1)&P8(E Horn 1)&P8(E Trumpet 1),Main Part,P8(Flute 1)&P8(E Horn 1)&U(E Trumpet 1),P8(Main)&P8(C Horn 3),P8(Bassoon 1),P8(Bassoon 2),P8(A Clarinet 1),P8(A Clarinet 2),P8(Trombone 3),P8(Flute 1)&P8(Oboe 1)&P8(E Trumpet 1),,P8(Main)&P8(Oboe 2),,P8(Flute 1)&U(Oboe 1)&P8(E Horn 1),P5(Trombone 2)&P8(Violoncello)&P8(Contrabass),P8(Violin 1)&U(Viola),P5(E Trumpet 2)&P5(Violoncello)&P5(Contrabass),P8(Contrabassoon),,P8(Trombone 1)&P8(Viola),,U(Trombone 1)&P8(Violin 1),P8(E Trumpet 2)&P5(Trombone 2)&P8(Contrabass),P8(E Trumpet 2)&P5(Trombone 2)&P8(Violoncello)
78.0,81.0,Main Part,P8(Oboe 2),P8(Main),P8(Flute 2),P3(A Clarinet 2)&P8(Bassoon 1)&P3(Bassoon 2),P3(A Clarinet 1)&P3(Bassoon 1)&P8(Bassoon 2),P8(A Clarinet 1)&P3(A Clarinet 2)&P3(Bassoon 2),P3(A Clarinet 1)&P8(A Clarinet 2)&P3(Bassoon 1),P8(Violoncello)&U(Contrabass),P3(E Horn 2)&P8(E Trumpet 1)&U(Trombone 1)&P3(Trombone 2)&P8(Violin 1)&P3(Violin 2)&U(Viola),P3(E Horn 1)&P3(E Trumpet 1)&P3(Trombone 1)&U(Trombone 2)&P3(Violin 1)&P3(Viola),P8(C Horn 4)&P8(E Trumpet 2)&P8(Trombone 3),P8(C Horn 3)&P8(E Trumpet 2)&U(Trombone 3),P8(E Horn 1)&P3(E Horn 2)&P8(Trombone 1)&P3(Trombone 2)&U(Violin 1)&P3(Violin 2)&P8(Viola),P8(C Horn 3)&P8(C Horn 4)&P8(Trombone 3),U(E Horn 1)&P3(E Horn 2)&P8(E Trumpet 1)&P3(Trombone 2)&P8(Violin 1)&P3(Violin 2)&U(Viola),P3(E Horn 1)&U(E Horn 2)&P3(E Trumpet 1)&P3(Trombone 1)&P3(Violin 1)&P3(Viola),P8(C Horn 3)&U(C Horn 4)&P8(E Trumpet 2),,P8(E Horn 1)&P3(E Horn 2)&U(E Trumpet 1)&P8(Trombone 1)&P3(Trombone 2)&P3(Violin 2)&P8(Viola),P3(E Horn 1)&P3(E Trumpet 1)&P3(Trombone 1)&P3(Violin 1)&P3(Viola),U(E Horn 1)&P3(E Horn 2)&P8(E Trumpet 1)&U(Trombone 1)&P3(Trombone 2)&P8(Violin 1)&P3(Violin 2),P8(Contrabassoon)&P8(Contrabass),U(Contrabassoon)&P8(Violoncello)
81.0,84.0,,Main Part,,P8(Bassoon 1),,P3(E Horn 2)&P8(C Horn 3)&P8(C Horn 4),P8(Oboe 2),,P8(Trombone 3),P8(E Trumpet 1),P3(A Clarinet 2)&P3(C Horn 3)&P3(C Horn 4),P8(A Clarinet 2)&P3(E Horn 2)&U(C Horn 4),P8(A Clarinet 2)&P3(E Horn 2)&U(C Horn 3),P8(E Horn 1),P5(Trombone 1)&P3(Trombone 2)&P5(Violin 1)&P3(Violin 2)&P5(Viola),P5(E Trumpet 2)&P8(Violin 1)&U(Viola),P3(E Trumpet 2)&P8(Violin 2),P8(Contrabassoon),,P5(E Trumpet 2)&P8(Trombone 1)&P8(Viola),P3(E Trumpet 2)&P8(Trombone 2),P5(E Trumpet 2)&U(Trombone 1)&P8(Violin 1),P8(Contrabass),P8(Violoncello)
84.0,93.0,Main Part,U(Oboe 1),U(Flute 2),,,,,,,,,,,P8(E Trumpet 2)&P8(Timpani),P8(E Trumpet 1)&P8(Timpani),,P8(Violin 2),,P8(E Trumpet 1)&P8(E Trumpet 2),,P8(Trombone 2),,P8(Contrabass),P8(Violoncello)
93.0,96.0,U(Flute 2)&P8(A Clarinet 1)&P8(E Horn 2)&P8(E Trumpet 1)&P8(E Trumpet 2)&P8(Timpani),U(Flute 1)&P8(A Clarinet 1)&P8(E Horn 2)&P8(E Trumpet 1)&P8(E Trumpet 2)&P8(Timpani),Main Part,,P8(Flute 1)&P8(Flute 2)&P8(E Horn 2)&U(E Trumpet 1)&P8(E Trumpet 2)&P8(Timpani),P8(Main)&P8(Bassoon 1)&P8(C Horn 3),P8(Main)&P8(A Clarinet 2)&U(C Horn 3),U(C Horn 4),P8(Trombone 3),,P8(Flute 1)&P8(Flute 2)&P8(A Clarinet 1)&P8(E Trumpet 1)&P8(E Trumpet 2)&U(Timpani),P8(Main)&P8(A Clarinet 2)&U(Bassoon 1),U(Bassoon 2),P8(Flute 1)&P8(Flute 2)&U(A Clarinet 1)&P8(E Horn 2)&P8(E Trumpet 2)&P8(Timpani),P8(Flute 1)&P8(Flute 2)&P8(A Clarinet 1)&P8(E Horn 2)&P8(E Trumpet 1)&P8(Timpani),,,P8(Contrabassoon),P8(Flute 1)&P8(Flute 2)&P8(A Clarinet 1)&U(E Horn 2)&P8(E Trumpet 1)&P8(E Trumpet 2),,U(Viola),U(Violin 2),P8(Contrabass),P8(Violoncello)
96.0,120.5,P3(Oboe 2),,P3(Oboe 2),P3(Flute 1)&P3(Oboe 1),,,,,P8(E Horn 1)&U(E Horn 2)&P5(C Horn 3)&P3(C Horn 4)&P8(E Trumpet 1)&P8(E Trumpet 2)&P5(Trombone 1)&P3(Trombone 2)&U(Trombone 3)&U(Timpani),P8(Contrabassoon)&P8(E Horn 2)&P5(C Horn 3)&P3(C Horn 4)&P8(E Trumpet 1)&U(E Trumpet 2)&P5(Trombone 1)&P3(Trombone 2)&P8(Trombone 3)&P8(Timpani),U(Contrabassoon)&P8(E Horn 1)&P5(C Horn 3)&P3(C Horn 4)&P8(E Trumpet 1)&P8(E Trumpet 2)&P5(Trombone 1)&P3(Trombone 2)&U(Trombone 3)&U(Timpani),P5(Contrabassoon)&P5(E Horn 1)&P5(E Horn 2)&P3(C Horn 4)&P5(E Trumpet 1)&P5(E Trumpet 2)&U(Trombone 1)&P3(Trombone 2)&P5(Trombone 3)&P5(Timpani),P3(Contrabassoon)&P3(E Horn 1)&P3(E Horn 2)&P3(C Horn 3)&P3(E Trumpet 1)&P3(E Trumpet 2)&P3(Trombone 1)&U(Trombone 2)&P3(Trombone 3)&P3(Timpani),P8(Contrabassoon)&P8(E Horn 1)&P8(E Horn 2)&P5(C Horn 3)&P3(C Horn 4)&P8(E Trumpet 2)&P5(Trombone 1)&P3(Trombone 2)&P8(Trombone 3)&P8(Timpani),P8(Contrabassoon)&U(E Horn 1)&P8(E Horn 2)&P5(C Horn 3)&P3(C Horn 4)&P8(E Trumpet 1)&P5(Trombone 1)&P3(Trombone 2)&P8(Trombone 3)&P8(Timpani),P5(Contrabassoon)&P5(E Horn 1)&P5(E Horn 2)&U(C Horn 3)&P3(C Horn 4)&P5(E Trumpet 1)&P5(E Trumpet 2)&P3(Trombone 2)&P5(Trombone 3)&P5(Timpani),P3(Contrabassoon)&P3(E Horn 1)&P3(E Horn 2)&P3(C Horn 3)&U(C Horn 4)&P3(E Trumpet 1)&P3(E Trumpet 2)&P3(Trombone 1)&P3(Trombone 3)&P3(Timpani),U(Contrabassoon)&P8(E Horn 1)&U(E Horn 2)&P5(C Horn 3)&P3(C Horn 4)&P8(E Trumpet 1)&P8(E Trumpet 2)&P5(Trombone 1)&P3(Trombone 2)&U(Timpani),U(Contrabassoon)&P8(E Horn 1)&U(E Horn 2)&P5(C Horn 3)&P3(C Horn 4)&P8(E Trumpet 1)&P8(E Trumpet 2)&P5(Trombone 1)&P3(Trombone 2)&U(Trombone 3),Main Part,,,P8(Contrabass),P8(Violoncello)
120.5,126.5,P8(Oboe 1),,P8(Flute 1),,U(A Clarinet 2),U(A Clarinet 1),,,,,,,,,,,,,,Main Part,U(Main)&U(Viola),U(Main)&U(Violin 2),,
126.5,138.5,,,,,U(A Clarinet 2),U(A Clarinet 1),,,,,,,,,,,,,,Main Part,U(Main)&P8(Viola),P8(Main)&P8(Violin 2),,
138.5,149.5,,,U(Oboe 2),U(Oboe 1),,,,,,,,,,,,,,,,Main Part,U(Main)&P8(Viola),P8(Main)&P8(Violin 2),,
149.5,155.5,P8(A Clarinet 1),P8(A Clarinet 2),,,P8(Flute 1),P8(Flute 2),U(Bassoon 2),U(Bassoon 1),,,,,,,,,,,,Main Part,U(Main)&P8(Viola),P8(Main)&P8(Violin 2),,
155.5,158.5,P8(A Clarinet 1),P8(A Clarinet 2)&P8(E Horn 2),U(Oboe 2),U(Oboe 1),P8(Flute 1),P8(Flute 2)&U(E Horn 2),,P3(E Horn 1),,P3(Bassoon 2),P8(Flute 2)&U(A Clarinet 2),,,,,,,,,Main Part,P8(Viola),P8(Violin 2),,
158.5,161.5,P8(A Clarinet 1),P8(A Clarinet 2)&P3(Bassoon 1)&P8(E Horn 2),U(Oboe 2),U(Oboe 1),P8(Flute 1),P8(Flute 2)&P3(Bassoon 1)&U(E Horn 2),P3(Flute 2)&P3(A Clarinet 2)&P3(E Horn 2),,,,P8(Flute 2)&U(A Clarinet 2)&P3(Bassoon 1),,,,,,,,,Main Part,,,,
161.5,167.75,,,,,,,,,,,,,,,,,,,,Main Part,,,,
167.75,168.75,P6(Flute 2)&U(Oboe 1)&P6(Oboe 2)&P8(A Clarinet 1)&P6(A Clarinet 2)&P3(Bassoon 1)&P3(Bassoon 2)&P3(Contrabassoon)&P3(Contrabass),P6(Flute 1)&P6(Oboe 1)&U(Oboe 2)&P6(A Clarinet 1)&P8(A Clarinet 2)&P4(Bassoon 1)&P4(Bassoon 2)&P4(Contrabassoon)&P4(Contrabass),U(Flute 1)&P6(Flute 2)&P6(Oboe 2)&P8(A Clarinet 1)&P6(A Clarinet 2)&P3(Bassoon 1)&P3(Bassoon 2)&P3(Contrabassoon)&P3(Contrabass),P6(Flute 1)&U(Flute 2)&P6(Oboe 1)&P6(A Clarinet 1)&P8(A Clarinet 2)&P4(Bassoon 1)&P4(Bassoon 2)&P4(Contrabassoon)&P4(Contrabass),P8(Flute 1)&P6(Flute 2)&P8(Oboe 1)&P6(Oboe 2)&P6(A Clarinet 2)&P3(Bassoon 1)&P3(Bassoon 2)&P3(Contrabassoon)&P3(Contrabass),P6(Flute 1)&P8(Flute 2)&P6(Oboe 1)&P8(Oboe 2)&P6(A Clarinet 1)&P4(Bassoon 1)&P4(Bassoon 2)&P4(Contrabassoon)&P4(Contrabass),P3(Flute 1)&P4(Flute 2)&P3(Oboe 1)&P4(Oboe 2)&P3(A Clarinet 1)&P4(A Clarinet 2)&P8(Bassoon 2)&P8(Contrabassoon)&P8(Contrabass),P3(Flute 1)&P4(Flute 2)&P3(Oboe 1)&P4(Oboe 2)&P3(A Clarinet 1)&P4(A Clarinet 2)&P8(Bassoon 1)&P8(Contrabassoon)&P8(Contrabass),P3(Flute 1)&P4(Flute 2)&P3(Oboe 1)&P4(Oboe 2)&P3(A Clarinet 1)&P4(A Clarinet 2)&P8(Bassoon 1)&P8(Bassoon 2)&U(Contrabass),,,,,,,,,,,Main Part,P8(Main),,,P3(Flute 1)&P4(Flute 2)&P3(Oboe 1)&P4(Oboe 2)&P3(A Clarinet 1)&P4(A Clarinet 2)&P8(Bassoon 1)&P8(Bassoon 2)&U(Contrabassoon)
168.75,170.75,Main Part,U(Oboe 2)&P8(A Clarinet 2),U(Main)&P8(A Clarinet 1),U(Flute 2)&P8(A Clarinet 2),P8(Main)&P8(Oboe 1),P8(Flute 2)&P8(Oboe 2),P8(Bassoon 2)&P8(Contrabassoon)&P8(Contrabass),P8(Bassoon 1)&P8(Contrabassoon)&P8(Contrabass),P8(Bassoon 1)&P8(Bassoon 2)&U(Contrabass),,,,,,,,,,,P8(Violin 2),P8(Violin 1),,,P8(Bassoon 1)&P8(Bassoon 2)&U(Contrabassoon)
170.75,171.75,P3(Flute 2)&U(Oboe 1)&P3(Oboe 2)&U(A Clarinet 1)&P3(A Clarinet 2)&P2(Bassoon 1)&P2(Bassoon 2)&P2(Contrabassoon)&P2(Contrabass),P3(Flute 1)&P3(Oboe 1)&U(Oboe 2)&P3(A Clarinet 1)&U(A Clarinet 2)&P2(Bassoon 1)&P2(Bassoon 2)&P2(Contrabassoon)&P2(Contrabass),U(Flute 1)&P3(Flute 2)&P3(Oboe 2)&U(A Clarinet 1)&P3(A Clarinet 2)&P2(Bassoon 1)&P2(Bassoon 2)&P2(Contrabassoon)&P2(Contrabass),P3(Flute 1)&U(Flute 2)&P3(Oboe 1)&P3(A Clarinet 1)&U(A Clarinet 2)&P2(Bassoon 1)&P2(Bassoon 2)&P2(Contrabassoon)&P2(Contrabass),U(Flute 1)&P3(Flute 2)&U(Oboe 1)&P3(Oboe 2)&P3(A Clarinet 2)&P2(Bassoon 1)&P2(Bassoon 2)&P2(Contrabassoon)&P2(Contrabass),P3(Flute 1)&U(Flute 2)&P3(Oboe 1)&U(Oboe 2)&P3(A Clarinet 1)&P2(Bassoon 1)&P2(Bassoon 2)&P2(Contrabassoon)&P2(Contrabass),P2(Flute 1)&P2(Flute 2)&P2(Oboe 1)&P2(Oboe 2)&P2(A Clarinet 1)&P2(A Clarinet 2)&P8(Bassoon 2)&P8(Contrabassoon)&P8(Contrabass),P2(Flute 1)&P2(Flute 2)&P2(Oboe 1)&P2(Oboe 2)&P2(A Clarinet 1)&P2(A Clarinet 2)&P8(Bassoon 1)&P8(Contrabassoon)&P8(Contrabass),P2(Flute 1)&P2(Flute 2)&P2(Oboe 1)&P2(Oboe 2)&P2(A Clarinet 1)&P2(A Clarinet 2)&P8(Bassoon 1)&P8(Bassoon 2)&U(Contrabass),,,,,,,,,,,Main Part,P8(Main),P3(Violoncello),P3(Viola),P2(Flute 1)&P2(Flute 2)&P2(Oboe 1)&P2(Oboe 2)&P2(A Clarinet 1)&P2(A Clarinet 2)&P8(Bassoon 1)&P8(Bassoon 2)&U(Contrabassoon)
171.75,173.75,Main Part,U(Oboe 2)&U(A Clarinet 2),U(Main)&U(A Clarinet 1),U(Flute 2)&U(A Clarinet 2),U(Main)&U(Oboe 1),U(Flute 2)&U(Oboe 2),P8(Bassoon 2)&P8(Contrabassoon)&P8(Contrabass),P8(Bassoon 1)&P8(Contrabassoon)&P8(Contrabass),P8(Bassoon 1)&P8(Bassoon 2)&U(Contrabass),,,,,,,,,,,P8(Violin 2),P8(Violin 1),,,P8(Bassoon 1)&P8(Bassoon 2)&U(Contrabassoon)
173.75,174.75,P3(Flute 2)&P3(Oboe 1)&P3(Oboe 2)&P8(A Clarinet 1)&P3(A Clarinet 2)&P3(Bassoon 1)&P3(Bassoon 2)&P3(Contrabassoon)&P3(Contrabass),P3(Flute 1)&U(Oboe 1)&P8(Oboe 2)&P3(A Clarinet 1)&P8(A Clarinet 2)&P5(Bassoon 1)&P5(Bassoon 2)&P5(Contrabassoon)&P5(Contrabass),P3(Flute 1)&U(Flute 2)&P8(Oboe 2)&P3(A Clarinet 1)&P8(A Clarinet 2)&P5(Bassoon 1)&P5(Bassoon 2)&P5(Contrabassoon)&P5(Contrabass),P3(Flute 1)&P8(Flute 2)&P8(Oboe 1)&P3(A Clarinet 1)&U(A Clarinet 2)&P5(Bassoon 1)&P5(Bassoon 2)&P5(Contrabassoon)&P5(Contrabass),P8(Flute 1)&P3(Flute 2)&P3(Oboe 1)&P3(Oboe 2)&P3(A Clarinet 2)&P3(Bassoon 1)&P3(Bassoon 2)&P3(Contrabassoon)&P3(Contrabass),P3(Flute 1)&P8(Flute 2)&P8(Oboe 1)&U(Oboe 2)&P3(A Clarinet 1)&P5(Bassoon 1)&P5(Bassoon 2)&P5(Contrabassoon)&P5(Contrabass),P3(Flute 1)&P5(Flute 2)&P5(Oboe 1)&P5(Oboe 2)&P3(A Clarinet 1)&P5(A Clarinet 2)&P8(Bassoon 2)&P8(Contrabassoon)&P8(Contrabass),P3(Flute 1)&P5(Flute 2)&P5(Oboe 1)&P5(Oboe 2)&P3(A Clarinet 1)&P5(A Clarinet 2)&P8(Bassoon 1)&P8(Contrabassoon)&P8(Contrabass),P3(Flute 1)&P5(Flute 2)&P5(Oboe 1)&P5(Oboe 2)&P3(A Clarinet 1)&P5(A Clarinet 2)&P8(Bassoon 1)&P8(Bassoon 2)&U(Contrabass),,,,,,,,,,,Main Part,P8(Main),,,P3(Flute 1)&P5(Flute 2)&P5(Oboe 1)&P5(Oboe 2)&P3(A Clarinet 1)&P5(A Clarinet 2)&P8(Bassoon 1)&P8(Bassoon 2)&U(Contrabassoon)
174.75,176.75,Main Part,U(Oboe 1)&P8(A Clarinet 2),U(Flute 2)&P8(A Clarinet 2),,,P8(Flute 2)&P8(Oboe 1),P8(Bassoon 2)&P8(Contrabassoon)&P8(Contrabass),P8(Bassoon 1)&P8(Contrabassoon)&P8(Contrabass),P8(Bassoon 1)&P8(Bassoon 2)&U(Contrabass),,,,,,,,,,,P8(Violin 2),P8(Violin 1),,,P8(Bassoon 1)&P8(Bassoon 2)&U(Contrabassoon)
176.75,177.75,P3(Flute 2)&U(Oboe 1)&P3(Oboe 2)&P8(A Clarinet 1)&P3(A Clarinet 2)&P2(Bassoon 1)&P2(Bassoon 2)&P2(Contrabassoon)&P2(Contrabass),P3(Flute 1)&P3(Oboe 1)&U(Oboe 2)&P3(A Clarinet 1)&P8(A Clarinet 2)&P2(Bassoon 1)&P2(Bassoon 2)&P2(Contrabassoon)&P2(Contrabass),U(Flute 1)&P3(Flute 2)&P3(Oboe 2)&P8(A Clarinet 1)&P3(A Clarinet 2)&P2(Bassoon 1)&P2(Bassoon 2)&P2(Contrabassoon)&P2(Contrabass),P3(Flute 1)&U(Flute 2)&P3(Oboe 1)&P3(A Clarinet 1)&P8(A Clarinet 2)&P2(Bassoon 1)&P2(Bassoon 2)&P2(Contrabassoon)&P2(Contrabass),P8(Flute 1)&P3(Flute 2)&P8(Oboe 1)&P3(Oboe 2)&P3(A Clarinet 2)&P2(Bassoon 1)&P2(Bassoon 2)&P2(Contrabassoon)&P2(Contrabass),P3(Flute 1)&P8(Flute 2)&P3(Oboe 1)&P8(Oboe 2)&P3(A Clarinet 1)&P2(Bassoon 1)&P2(Bassoon 2)&P2(Contrabassoon)&P2(Contrabass),P2(Flute 1)&P2(Flute 2)&P2(Oboe 1)&P2(Oboe 2)&P2(A Clarinet 1)&P2(A Clarinet 2)&P8(Bassoon 2)&P8(Contrabassoon)&P8(Contrabass),P2(Flute 1)&P2(Flute 2)&P2(Oboe 1)&P2(Oboe 2)&P2(A Clarinet 1)&P2(A Clarinet 2)&P8(Bassoon 1)&P8(Contrabassoon)&P8(Contrabass),P2(Flute 1)&P2(Flute 2)&P2(Oboe 1)&P2(Oboe 2)&P2(A Clarinet 1)&P2(A Clarinet 2)&P8(Bassoon 1)&P8(Bassoon 2)&U(Contrabass),,,,,,,,,,,Main Part,P8(Main),,,P2(Flute 1)&P2(Flute 2)&P2(Oboe 1)&P2(Oboe 2)&P2(A Clarinet 1)&P2(A Clarinet 2)&P8(Bassoon 1)&P8(Bassoon 2)&U(Contrabassoon)
177.75,179.75,Main Part,U(Oboe 2)&P8(A Clarinet 2),U(Main)&P8(A Clarinet 1),U(Flute 2)&P8(A Clarinet 2),P8(Main)&P8(Oboe 1),P8(Flute 2)&P8(Oboe 2),P8(Bassoon 2)&P8(Contrabassoon)&P8(Contrabass),P8(Bassoon 1)&P8(Contrabassoon)&P8(Contrabass),P8(Bassoon 1)&P8(Bassoon 2)&U(Contrabass),,,,,,,,,,,P8(Violin 2),P8(Violin 1),,,P8(Bassoon 1)&P8(Bassoon 2)&U(Contrabassoon)
179.75,180.75,P3(Flute 2)&U(Oboe 1)&P3(Oboe 2)&P8(A Clarinet 1)&P3(A Clarinet 2),P3(Flute 1)&P3(Oboe 1)&U(Oboe 2)&P3(A Clarinet 1)&P8(A Clarinet 2)&P3(Bassoon 1)&P3(Bassoon 2)&P3(Contrabassoon)&P3(Contrabass),U(Flute 1)&P3(Flute 2)&P3(Oboe 2)&P8(A Clarinet 1)&P3(A Clarinet 2),P3(Flute 1)&U(Flute 2)&P3(Oboe 1)&P3(A Clarinet 1)&P8(A Clarinet 2)&P3(Bassoon 1)&P3(Bassoon 2)&P3(Contrabassoon)&P3(Contrabass),P8(Flute 1)&P3(Flute 2)&P8(Oboe 1)&P3(Oboe 2)&P3(A Clarinet 2),P3(Flute 1)&P8(Flute 2)&P3(Oboe 1)&P8(Oboe 2)&P3(A Clarinet 1)&P3(Bassoon 1)&P3(Bassoon 2)&P3(Contrabassoon)&P3(Contrabass),P3(Flute 2)&P3(Oboe 2)&P3(A Clarinet 2)&P8(Bassoon 2)&P8(Contrabassoon)&P8(Contrabass),P3(Flute 2)&P3(Oboe 2)&P3(A Clarinet 2)&P8(Bassoon 1)&P8(Contrabassoon)&P8(Contrabass),P3(Flute 2)&P3(Oboe 2)&P3(A Clarinet 2)&P8(Bassoon 1)&P8(Bassoon 2)&U(Contrabass),,,,,,,,,,,Main Part,P8(Main),,,P3(Flute 2)&P3(Oboe 2)&P3(A Clarinet 2)&P8(Bassoon 1)&P8(Bassoon 2)&U(Contrabassoon)
180.75,182.75,Main Part,U(Oboe 2)&P8(Violoncello),U(Main)&P8(A Clarinet 1)&P3(A Clarinet 2),U(Flute 2)&P8(Violoncello),P8(Main)&P8(Oboe 1)&P3(A Clarinet 2),P3(Main)&P3(Oboe 1)&P3(A Clarinet 1),P8(Bassoon 2)&P8(Contrabassoon)&P8(Contrabass),P8(Bassoon 1)&P8(Contrabassoon)&P8(Contrabass),P8(Bassoon 1)&P8(Bassoon 2)&U(Contrabass),,,,,,,,,,,P8(Violin 2),P8(Violin 1),,P8(Flute 2)&P8(Oboe 2),P8(Bassoon 1)&P8(Bassoon 2)&U(Contrabassoon)
182.75,183.75,P3(Flute 2)&P8(Oboe 1)&P3(Oboe 2)&P8(A Clarinet 1)&P3(A Clarinet 2)&P8(Bassoon 1)&P3(Bassoon 2)&P3(Contrabassoon)&P3(Violoncello)&P3(Contrabass),P3(Flute 1)&P3(Oboe 1)&P5(Oboe 2)&P3(A Clarinet 1)&P8(A Clarinet 2)&P3(Bassoon 1)&P8(Bassoon 2)&P8(Contrabassoon)&P8(Violoncello)&P8(Contrabass),P8(Flute 1)&P3(Flute 2)&P3(Oboe 2)&U(A Clarinet 1)&P3(A Clarinet 2)&P8(Bassoon 1)&P3(Bassoon 2)&P3(Contrabassoon)&P3(Violoncello)&P3(Contrabass),P3(Flute 1)&P5(Flute 2)&P3(Oboe 1)&P3(A Clarinet 1)&P5(A Clarinet 2)&P3(Bassoon 1)&P5(Bassoon 2)&P5(Contrabassoon)&P5(Violoncello)&P5(Contrabass),P8(Flute 1)&P3(Flute 2)&U(Oboe 1)&P3(Oboe 2)&P3(A Clarinet 2)&P8(Bassoon 1)&P3(Bassoon 2)&P3(Contrabassoon)&P3(Violoncello)&P3(Contrabass),P3(Flute 1)&P8(Flute 2)&P3(Oboe 1)&P5(Oboe 2)&P3(A Clarinet 1)&P3(Bassoon 1)&P8(Bassoon 2)&P8(Contrabassoon)&P8(Violoncello)&P8(Contrabass),P8(Flute 1)&P3(Flute 2)&P8(Oboe 1)&P3(Oboe 2)&P8(A Clarinet 1)&P3(A Clarinet 2)&P3(Bassoon 2)&P3(Contrabassoon)&P3(Violoncello)&P3(Contrabass),P3(Flute 1)&P8(Flute 2)&P3(Oboe 1)&P5(Oboe 2)&P3(A Clarinet 1)&P8(A Clarinet 2)&P3(Bassoon 1)&P8(Contrabassoon)&P8(Violoncello)&P8(Contrabass),P3(Flute 1)&P8(Flute 2)&P3(Oboe 1)&P5(Oboe 2)&P3(A Clarinet 1)&P8(A Clarinet 2)&P3(Bassoon 1)&P8(Bassoon 2)&P8(Violoncello)&U(Contrabass),,,,,,,,,,,Main Part,P8(Main)&P8(Viola),P8(Main)&P8(Violin 2),P3(Flute 1)&P8(Flute 2)&P3(Oboe 1)&P5(Oboe 2)&P3(A Clarinet 1)&P8(A Clarinet 2)&P3(Bassoon 1)&P8(Bassoon 2)&P8(Contrabassoon)&P8(Contrabass),P3(Flute 1)&P8(Flute 2)&P3(Oboe 1)&P5(Oboe 2)&P3(A Clarinet 1)&P8(A Clarinet 2)&P3(Bassoon 1)&P8(Bassoon 2)&U(Contrabassoon)&P8(Violoncello)
183.75,189.75,Main Part,,,,,,,,P8(Violoncello)&U(Contrabass),,,,,,,,,,,P8(Violin 2),P8(Violin 1),,P8(Contrabassoon)&P8(Contrabass),U(Contrabassoon)&P8(Violoncello)
189.75,192.5,U(Flute 2),U(Flute 1),Main Part,,P8(Bassoon 1),P8(Bassoon 2),P8(A Clarinet 1),P8(A Clarinet 2),,,,,,,,,,,,P8(Violin 2),P8(Violin 1),P8(Main),,
192.5,198.5,,,P8(Oboe 2),P8(Oboe 1),Main Part,,P8(Main),,,,,P8(C Horn 4),P8(C Horn 3),,,,,,,,,,,
198.5,204.5,,,,,Main Part,,,,,P8(E Horn 2)&P8(E Trumpet 1)&U(E Trumpet 2)&P8(Timpani),P8(E Horn 1)&P8(E Trumpet 1)&P8(E Trumpet 2)&U(Timpani),P8(C Horn 4),P8(C Horn 3),P8(E Horn 1)&P8(E Horn 2)&P8(E Trumpet 2)&P8(Timpani),U(E Horn 1)&P8(E Horn 2)&P8(E Trumpet 1)&P8(Timpani),,,,P8(E Horn 1)&U(E Horn 2)&P8(E Trumpet 1)&P8(E Trumpet 2),,,,,
204.5,216.5,Main Part,P8(Oboe 1)&P8(Oboe 2),P8(Flute 2)&U(Oboe 2),P8(Flute 2)&U(Oboe 1),,P8(Bassoon 2),,P8(A Clarinet 2),,P8(E Horn 2)&P8(E Trumpet 1)&U(E Trumpet 2)&P8(Timpani),P8(E Horn 1)&P8(E Trumpet 1)&P8(E Trumpet 2)&U(Timpani),,,P8(E Horn 1)&P8(E Horn 2)&P8(E Trumpet 2)&P8(Timpani),U(E Horn 1)&P8(E Horn 2)&P8(E Trumpet 1)&P8(Timpani),,,,P8(E Horn 1)&U(E Horn 2)&P8(E Trumpet 1)&P8(E Trumpet 2),,,,,
216.5,222.5,P8(Oboe 1),Main Part,P8(Flute 1),P8(Main),,,,,,,,P8(C Horn 4),P8(C Horn 3),,,,,,,,,,,
222.5,228.5,,Main Part,,,,,,,,P8(E Horn 2)&P8(E Trumpet 1)&U(E Trumpet 2)&P8(Timpani),P8(E Horn 1)&P8(E Trumpet 1)&P8(E Trumpet 2)&U(Timpani),P8(C Horn 4),P8(C Horn 3),P8(E Horn 1)&P8(E Horn 2)&P8(E Trumpet 2)&P8(Timpani),U(E Horn 1)&P8(E Horn 2)&P8(E Trumpet 1)&P8(Timpani),,,,P8(E Horn 1)&U(E Horn 2)&P8(E Trumpet 1)&P8(E Trumpet 2),,,,,
228.5,234.0,Main Part,,,,P8(Bassoon 1),P8(Main)&P8(Bassoon 2),P8(A Clarinet 1),P8(Main)&P8(A Clarinet 2),,P8(E Horn 2)&P8(E Trumpet 1)&U(E Trumpet 2)&P8(Timpani)&P8(Violin 1),P8(E Horn 1)&P8(E Trumpet 1)&P8(E Trumpet 2)&U(Timpani)&P8(Violin 1),,,P8(E Horn 1)&P8(E Horn 2)&P8(E Trumpet 2)&P8(Timpani)&P8(Violin 1),U(E Horn 1)&P8(E Horn 2)&P8(E Trumpet 1)&P8(Timpani)&P8(Violin 1),,,,P8(E Horn 1)&U(E Horn 2)&P8(E Trumpet 1)&P8(E Trumpet 2)&P8(Violin 1),P8(E Horn 1)&P8(E Horn 2)&P8(E Trumpet 1)&P8(E Trumpet 2)&P8(Timpani),,,P8(Contrabass),P8(Violoncello)
234.0,240.0,P8(A Clarinet 2)&P8(Bassoon 2),,,,Main Part,P8(Flute 1)&P8(Bassoon 2),P8(Main),P8(Flute 1)&P8(A Clarinet 2),,P8(E Horn 2),P8(E Horn 1),,,P8(E Trumpet 2),P8(E Trumpet 1),,,,,,,,,
240.0,243.0,P7(Flute 2)&P3(Oboe 1)&P7(A Clarinet 1)&P4(A Clarinet 2)&P4(Bassoon 1),P7(Flute 1)&P5(Oboe 1)&U(A Clarinet 1)&P4(A Clarinet 2)&P4(Bassoon 1),P3(Flute 1)&P5(Flute 2)&P5(A Clarinet 1)&P2(A Clarinet 2)&P2(Bassoon 1),,P7(Flute 1)&U(Flute 2)&P5(Oboe 1)&P4(A Clarinet 2)&P4(Bassoon 1),P4(Flute 1)&P4(Flute 2)&P2(Oboe 1)&P4(A Clarinet 1)&U(Bassoon 1),P4(Flute 1)&P4(Flute 2)&P2(Oboe 1)&P4(A Clarinet 1)&U(A Clarinet 2),,,,,,,,,,,,,Main Part,,,,
243.0,246.0,,Main Part,P3(Viola),,U(Main)&P8(Violin 1),U(Bassoon 1)&P4(Violin 2)&P8(Violoncello),U(A Clarinet 2)&P4(Violin 2)&P8(Violoncello),,,,,,,,,,,,,P8(Main)&P8(A Clarinet 1),P4(A Clarinet 2)&P4(Bassoon 1)&P4(Violoncello),P3(Oboe 1),P8(A Clarinet 2)&P8(Bassoon 1)&P4(Violin 2),
246.0,249.0,,U(A Clarinet 1)&P8(Main),P3(Viola),,U(Flute 2)&P8(Main),U(Bassoon 1)&P8(Violoncello),U(A Clarinet 2)&P8(Violoncello),,,,,,,,,,,,,Main Part,P3(Viola),P3(Oboe 1)&P3(Violin 2),P8(A Clarinet 2)&P8(Bassoon 1),
249.0,252.0,P3(Main)&P3(A Clarinet 1),Main Part,,,P3(Flute 1)&U(Main),U(Bassoon 1),U(A Clarinet 2),,,,,,,,,,,,,,P3(Viola),P3(Violin 2)&P4(Violoncello),P4(Viola),
252.0,255.0,P3(Flute 2)&P3(A Clarinet 1)&P3(Viola),P3(Flute 1),,,P3(Flute 1)&U(Viola),U(Bassoon 1),U(A Clarinet 2),,,,,,,,,,,,,Main Part,P5(Main),P3(Flute 1)&U(A Clarinet 1),,
255.0,258.0,P3(Main)&P3(Oboe 2)&P8(A Clarinet 2)&P3(Viola),Main Part,P3(Bassoon 1),P3(Flute 1)&U(Main)&P3(A Clarinet 2),P8(Violin 1),P8(Flute 1)&P3(Main)&P3(Oboe 2)&P3(Viola),P3(Oboe 1)&P3(Violin 2),,,,,,,,,,,,,P8(A Clarinet 1),P3(Bassoon 1),P3(Flute 1)&P3(A Clarinet 2),,
258.0,261.0,P3(Flute 2)&P3(Oboe 2),P3(Flute 1)&U(Oboe 2),P8(A Clarinet 2)&P4(Main),P3(Flute 1)&U(Flute 2),P5(Violoncello),P8(Oboe 1)&P4(Main),P3(Violin 2),,,,,,,,,,,,,Main Part,P3(Bassoon 1),,P5(A Clarinet 1),
261.0,264.0,P4(Flute 2)&P8(E Horn 1)&P4(C Horn 3)&P3(C Horn 4),P4(Flute 1)&P4(E Horn 1)&P8(C Horn 3)&P6(C Horn 4),Main Part,,P5(Violoncello),P8(Main)&P4(Violin 2),P3(Violin 1),,,P8(Flute 1)&P4(Flute 2)&P4(C Horn 3)&P3(C Horn 4),,P4(Flute 1)&P8(Flute 2)&P4(E Horn 1)&P6(C Horn 4),P3(Flute 1)&P6(Flute 2)&P3(E Horn 1)&P6(C Horn 3),,,,,,,P3(Bassoon 1),P4(Main)&P4(A Clarinet 2),,P5(A Clarinet 1),
264.0,267.0,,,P8(A Clarinet 2),,,P8(Oboe 1),P8(Bassoon 2),P8(Bassoon 1),,,,,,,,,,,,Main Part,,,,
267.0,270.0,,,Main Part,,,,U(Bassoon 2)&P4(C Horn 4),U(Bassoon 1)&P4(C Horn 4),,,,,P4(Bassoon 1)&P4(Bassoon 2),,,,,,,,,,,
270.0,273.0,,,P3(Oboe 2),P3(Oboe 1),,,U(Bassoon 2),U(Bassoon 1),,,,P3(C Horn 4),P3(C Horn 3),,,,,,,Main Part,,,,
273.0,275.0,P3(Flute 2),P3(Flute 1),Main Part,,P3(A Clarinet 2),P3(A Clarinet 1),,,,P3(C Horn 3)&P8(C Horn 4),,P3(E Horn 1)&P3(C Horn 4),P8(E Horn 1)&P3(C Horn 3),,,,,,,,,,,
275.0,278.0,P3(Flute 2)&P4(Contrabass),P3(Flute 1)&P2(Contrabass),P6(Oboe 2),P6(Oboe 1),P3(A Clarinet 2),P3(A Clarinet 1),Main Part,,,,,,,,,,,,,,,,,P4(Flute 1)&P2(Flute 2)
278.0,288.0,Main Part,P8(A Clarinet 2),,,P8(Main),P8(Flute 2),U(Bassoon 2),U(Bassoon 1),,,,,,,,,,,,,,,,
288.0,294.0,Main Part,P8(A Clarinet 1)&P8(A Clarinet 2)&P3(Bassoon 1)&P3(Bassoon 2)&P8(Violoncello)&P8(Contrabass),,,P8(Flute 2)&U(A Clarinet 2)&P3(Bassoon 1)&P3(Bassoon 2)&P8(Violoncello)&P8(Contrabass),P8(Flute 2)&U(A Clarinet 1)&P3(Bassoon 1)&P3(Bassoon 2)&P8(Violoncello)&P8(Contrabass),P3(Flute 2)&P3(A Clarinet 1)&P3(A Clarinet 2)&U(Bassoon 2)&P3(Violoncello)&P3(Contrabass),P3(Flute 2)&P3(A Clarinet 1)&P3(A Clarinet 2)&U(Bassoon 1)&P3(Violoncello)&P3(Contrabass),,U(E Horn 2),U(E Horn 1),,,,,,,,,P3(Violin 2),P3(Violin 1)&P3(Viola),P3(Violin 2),P8(Flute 2)&P8(A Clarinet 1)&P8(A Clarinet 2)&P3(Bassoon 1)&P3(Bassoon 2)&P8(Contrabass),P8(Flute 2)&P8(A Clarinet 1)&P8(A Clarinet 2)&P3(Bassoon 1)&P3(Bassoon 2)&P8(Violoncello)
294.0,300.0,Main Part,,,,,,,,,U(E Horn 2),U(E Horn 1),,,,,,,,,P6(Violin 2)&P3(Viola),P6(Violin 1)&P4(Viola),P3(Violin 1)&P4(Violin 2),,
300.0,306.0,Main Part,,,,,,,,,U(E Horn 2)&P3(Violin 2)&U(Viola),U(E Horn 1)&P3(Violin 2)&U(Viola),,,,,,,,,P3(Violin 2),P3(E Horn 1)&P3(E Horn 2)&P3(Violin 1)&P3(Viola),U(E Horn 1)&U(E Horn 2)&P3(Violin 2),,
306.0,312.0,Main Part,,,,,,,,,U(E Horn 2),U(E Horn 1),,,,,,,,,P3(Violin 2)&P8(Viola),P3(Violin 1)&P3(Viola),P8(Violin 1)&P3(Violin 2),,
312.0,337.0,Main Part,,,,,,,,,U(E Horn 2),U(E Horn 1),,,,,,,,,,,,,
337.0,339.0,,,,,,,,,,U(E Horn 2)&P5(Violin 1)&P3(Violin 2),U(E Horn 1)&P5(Violin 1)&P3(Violin 2),,,,,,,,,P5(E Horn 1)&P5(E Horn 2)&P3(Violin 2),P3(E Horn 1)&P3(E Horn 2)&P3(Violin 1),Main Part,,
339.0,345.0,,,,,Main Part,,,,,U(E Horn 2),U(E Horn 1),,,,,,,,,,,,,
345.0,351.0,,,Main Part,,,,,,,U(E Horn 2),U(E Horn 1),,,,,,,,,,,,,
351.0,357.0,,,,,Main Part,,,,,U(E Horn 2),U(E Horn 1),,,,,,,,,,,,,
357.0,363.0,,,Main Part,,P7(A Clarinet 2),P7(A Clarinet 1),,,,,P3(Violin 1),,,,,,,,,P3(E Horn 2),,,,
363.0,379.0,Main Part,,,,,,,,,,,,,,,,,,,,,,,
379.0,384.0,,,Main Part,U(Main),,,P5(Bassoon 2)&P3(Trombone 1)&P5(Trombone 2)&P5(Trombone 3),P5(Bassoon 1)&P3(Trombone 1)&P8(Trombone 2)&P8(Trombone 3),,U(E Horn 2)&U(Viola),U(E Horn 1)&U(Viola),,,,,P3(Bassoon 1)&P3(Bassoon 2)&P3(Trombone 2)&P3(Trombone 3),P5(Bassoon 1)&P8(Bassoon 2)&P3(Trombone 1)&U(Trombone 3),P5(Bassoon 1)&P8(Bassoon 2)&P3(Trombone 1)&U(Trombone 2),,P8(Violin 2),P8(Violin 1),U(E Horn 1)&U(E Horn 2),,
384.0,408.0,P3(Flute 2),P3(Flute 1),U(Oboe 2),U(Oboe 1),,,,,,,,,,,,Main Part,,,,,,,,
408.0,425.0,,,,,,,,,,Main Part,,,,,,,,,,,,,,
425.0,427.0,,,,,,,U(Bassoon 2)&P4(Main)&P2(Trombone 2),U(Bassoon 1)&P4(Main)&P2(Trombone 2),,,,,,,,Main Part,P2(Bassoon 1)&P2(Bassoon 2)&P3(Main)&P4(Trombone 3),P4(Trombone 2),,,,,,
427.0,432.0,,,P3(Oboe 2)&P3(C Horn 3)&P3(C Horn 4)&U(E Trumpet 1)&P3(E Trumpet 2),P3(Oboe 1)&P5(C Horn 3)&P5(C Horn 4)&P3(E Trumpet 1)&U(E Trumpet 2),,,U(Bassoon 2)&P8(E Horn 2),U(Bassoon 1)&P8(E Horn 2),,Main Part,P8(Bassoon 1)&P8(Bassoon 2),P3(Oboe 1)&P5(Oboe 2)&U(C Horn 4)&P3(E Trumpet 1)&P5(E Trumpet 2),P3(Oboe 1)&P5(Oboe 2)&U(C Horn 3)&P3(E Trumpet 1)&P5(E Trumpet 2),U(Oboe 1)&P3(Oboe 2)&P3(C Horn 3)&P3(C Horn 4)&P3(E Trumpet 2),P3(Oboe 1)&U(Oboe 2)&P5(C Horn 3)&P5(C Horn 4)&P3(E Trumpet 1),P3(Trombone 2),P3(Trombone 1),,,,,,,
432.0,456.0,,,,,,,,,,,,Main Part,U(Main),,,,,,,,,,,
456.0,475.0,,,Main Part,,,,,,,,,P8(C Horn 4),P8(C Horn 3),,,,,,,,,,,
475.0,480.0,Main Part,P3(Oboe 2)&P4(Contrabassoon),,P3(Flute 2)&P6(Contrabassoon),,,P8(Bassoon 2),P8(Bassoon 1),P4(Flute 2)&P6(Oboe 2),P8(E Horn 2)&P3(C Horn 3),P8(E Horn 1)&P3(C Horn 3),P3(E Horn 1)&P3(E Horn 2),P8(Trombone 3),,,,,P8(C Horn 4),,,P4(Viola)&P6(Violoncello),P4(Violin 2)&P3(Violoncello),P6(Violin 2)&P3(Viola),
480.0,505.0,Main Part,P8(E Horn 1)&P8(Trombone 1),P8(Main),,,,,P8(Contrabassoon)&U(Trombone 3),P8(Bassoon 2)&P8(Trombone 3),P8(Flute 2)&U(Trombone 1),,,,,P8(Timpani),P8(Flute 2)&U(E Horn 1),,U(Bassoon 2)&P8(Contrabassoon),P8(E Trumpet 2),,,,,
505.0,528.0,Main Part,P8(Oboe 2)&P8(A Clarinet 1)&P8(A Clarinet 2)&P3(Contrabassoon)&P8(E Horn 1)&P8(E Horn 2)&P5(C Horn 3)&P5(C Horn 4)&P3(Contrabass),P8(Main),P8(Flute 2)&U(A Clarinet 1)&U(A Clarinet 2)&P3(Contrabassoon)&P8(E Horn 1)&P8(E Horn 2)&P5(C Horn 3)&P5(C Horn 4)&P3(Contrabass),P8(Flute 2)&U(Oboe 2)&U(A Clarinet 2)&P3(Contrabassoon)&P8(E Horn 1)&P8(E Horn 2)&P5(C Horn 3)&P5(C Horn 4)&P3(Contrabass),P8(Flute 2)&U(Oboe 2)&U(A Clarinet 1)&P3(Contrabassoon)&P8(E Horn 1)&P8(E Horn 2)&P5(C Horn 3)&P5(C Horn 4)&P3(Contrabass),,,P3(Flute 2)&P3(Oboe 2)&P3(A Clarinet 1)&P3(A Clarinet 2)&P3(E Horn 1)&P3(E Horn 2)&P3(C Horn 3)&P3(C Horn 4)&U(Contrabass),P8(Flute 2)&P8(Oboe 2)&P8(A Clarinet 1)&P8(A Clarinet 2)&P3(Contrabassoon)&U(E Horn 2)&P5(C Horn 3)&P5(C Horn 4)&P3(Contrabass),P8(Flute 2)&P8(Oboe 2)&P8(A Clarinet 1)&P8(A Clarinet 2)&P3(Contrabassoon)&U(E Horn 1)&P5(C Horn 3)&P5(C Horn 4)&P3(Contrabass),P5(Flute 2)&P5(Oboe 2)&P5(A Clarinet 1)&P5(A Clarinet 2)&P3(Contrabassoon)&P5(E Horn 1)&P5(E Horn 2)&U(C Horn 4)&P3(Contrabass),P5(Flute 2)&P5(Oboe 2)&P5(A Clarinet 1)&P5(A Clarinet 2)&P3(Contrabassoon)&P5(E Horn 1)&P5(E Horn 2)&U(C Horn 3)&P3(Contrabass),,,,,,,,,,,P3(Flute 2)&P3(Oboe 2)&P3(A Clarinet 1)&P3(A Clarinet 2)&U(Contrabassoon)&P3(E Horn 1)&P3(E Horn 2)&P3(C Horn 3)&P3(C Horn 4)
528.0,531.0,U(Flute 2)&P8(Oboe 1)&P8(Oboe 2)&P8(A Clarinet 1)&P8(A Clarinet 2)&P8(E Horn 1)&P8(E Horn 2),U(Flute 1)&P8(Oboe 1)&P8(Oboe 2)&P8(A Clarinet 1)&P8(A Clarinet 2)&P8(E Horn 1)&P8(E Horn 2),P8(Flute 1)&P8(Flute 2)&U(Oboe 2)&U(A Clarinet 1)&U(A Clarinet 2)&P8(E Horn 1)&P8(E Horn 2),P8(Flute 1)&P8(Flute 2)&U(Oboe 1)&U(A Clarinet 1)&U(A Clarinet 2)&P8(E Horn 1)&P8(E Horn 2),P8(Flute 1)&P8(Flute 2)&U(Oboe 1)&U(Oboe 2)&U(A Clarinet 2)&P8(E Horn 1)&P8(E Horn 2),P8(Flute 1)&P8(Flute 2)&U(Oboe 1)&U(Oboe 2)&U(A Clarinet 1)&P8(E Horn 1)&P8(E Horn 2),U(Main)&U(C Horn 4)&U(Violin 1)&U(Violoncello),P8(Contrabassoon)&P8(Contrabass),P8(Bassoon 2)&U(Contrabass),P8(Flute 1)&P8(Flute 2)&P8(Oboe 1)&P8(Oboe 2)&P8(A Clarinet 1)&P8(A Clarinet 2)&U(E Horn 2),P8(Flute 1)&P8(Flute 2)&P8(Oboe 1)&P8(Oboe 2)&P8(A Clarinet 1)&P8(A Clarinet 2)&U(E Horn 1),Main Part,U(Bassoon 1)&U(Main)&U(Violin 1)&U(Violoncello),,,P4(Trombone 2)&P8(Trombone 3),P4(Trombone 1)&P4(Trombone 3),P8(Trombone 1)&P4(Trombone 2),,U(Bassoon 1)&U(Main)&U(C Horn 4)&U(Violoncello),P8(Viola),P8(Violin 2),U(Bassoon 1)&U(Main)&U(C Horn 4)&U(Violin 1),P8(Bassoon 2)&U(Contrabassoon)
531.0,534.0,U(Flute 2)&P8(Oboe 1)&P8(Oboe 2)&P8(A Clarinet 1)&P8(A Clarinet 2)&P8(Main)&P8(E Horn 2),U(Flute 1)&P8(Oboe 1)&P8(Oboe 2)&P8(A Clarinet 1)&P8(A Clarinet 2)&P8(Main)&P8(E Horn 2),P8(Flute 1)&P8(Flute 2)&U(Oboe 2)&U(A Clarinet 1)&U(A Clarinet 2)&P8(Main)&P8(E Horn 2),P8(Flute 1)&P8(Flute 2)&U(Oboe 1)&U(A Clarinet 1)&U(A Clarinet 2)&P8(Main)&P8(E Horn 2),P8(Flute 1)&P8(Flute 2)&U(Oboe 1)&U(Oboe 2)&U(A Clarinet 2)&P8(Main)&P8(E Horn 2),P8(Flute 1)&P8(Flute 2)&U(Oboe 1)&U(Oboe 2)&U(A Clarinet 1)&P8(Main)&P8(E Horn 2),U(C Horn 3)&U(C Horn 4)&P4(Trombone 3)&U(Violin 1)&P4(Viola)&U(Violoncello),P8(Contrabassoon)&P8(Contrabass),P8(Bassoon 2)&U(Contrabass),Main Part,P8(Flute 1)&P8(Flute 2)&P8(Oboe 1)&P8(Oboe 2)&P8(A Clarinet 1)&P8(A Clarinet 2)&U(Main),U(Bassoon 1)&U(C Horn 4)&P4(Trombone 3)&U(Violin 1)&P4(Viola)&U(Violoncello),U(Bassoon 1)&U(C Horn 3)&P4(Trombone 3)&U(Violin 1)&P4(Viola)&U(Violoncello),,,,,P4(Bassoon 1)&P4(C Horn 3)&P4(C Horn 4)&P4(Violin 1)&U(Viola)&P4(Violoncello),,U(Bassoon 1)&U(C Horn 3)&U(C Horn 4)&P4(Trombone 3)&P4(Viola)&U(Violoncello),,P4(Bassoon 1)&P4(C Horn 3)&P4(C Horn 4)&U(Trombone 3)&P4(Violin 1)&P4(Violoncello),U(Bassoon 1)&U(C Horn 3)&U(C Horn 4)&P4(Trombone 3)&U(Violin 1)&P4(Viola),P8(Bassoon 2)&U(Contrabassoon)
534.0,537.0,U(Flute 2)&P8(Oboe 1)&P8(Oboe 2)&P8(A Clarinet 1)&P8(A Clarinet 2)&P8(E Horn 1)&P8(E Horn 2),U(Flute 1)&P8(Oboe 1)&P8(Oboe 2)&P8(A Clarinet 1)&P8(A Clarinet 2)&P8(E Horn 1)&P8(E Horn 2),P8(Flute 1)&P8(Flute 2)&U(Oboe 2)&U(A Clarinet 1)&P8(A Clarinet 2)&P8(E Horn 1)&P8(E Horn 2),P8(Flute 1)&P8(Flute 2)&U(Oboe 1)&U(A Clarinet 1)&P8(A Clarinet 2)&P8(E Horn 1)&P8(E Horn 2),P8(Flute 1)&P8(Flute 2)&U(Oboe 1)&U(Oboe 2)&P8(A Clarinet 2)&P8(E Horn 1)&P8(E Horn 2),P8(Flute 1)&P8(Flute 2)&P8(Oboe 1)&P8(Oboe 2)&P8(A Clarinet 1)&P8(E Horn 1)&P8(E Horn 2),U(Main)&U(C Horn 4)&U(Violin 1)&U(Violoncello),P8(Contrabassoon)&P8(Contrabass),P8(Bassoon 2)&U(Contrabass),P8(Flute 1)&P8(Flute 2)&P8(Oboe 1)&P8(Oboe 2)&P8(A Clarinet 1)&P8(A Clarinet 2)&U(E Horn 2),P8(Flute 1)&P8(Flute 2)&P8(Oboe 1)&P8(Oboe 2)&P8(A Clarinet 1)&P8(A Clarinet 2)&U(E Horn 1),Main Part,U(Bassoon 1)&U(Main)&U(Violin 1)&U(Violoncello),,,P6(Trombone 2),P6(Trombone 1),,,U(Bassoon 1)&U(Main)&U(C Horn 4)&U(Violoncello),P8(Viola),P8(Violin 2),U(Bassoon 1)&U(Main)&U(C Horn 4)&U(Violin 1),P8(Bassoon 2)&U(Contrabassoon)
537.0,540.0,U(Flute 2)&U(Oboe 1)&U(Oboe 2)&U(A Clarinet 1)&P8(A Clarinet 2)&P8(Main),U(Flute 1)&U(Oboe 1)&U(Oboe 2)&U(A Clarinet 1)&P8(A Clarinet 2)&P8(Main),U(Flute 1)&U(Flute 2)&U(Oboe 2)&U(A Clarinet 1)&P8(A Clarinet 2)&P8(Main),U(Flute 1)&U(Flute 2)&U(Oboe 1)&U(A Clarinet 1)&P8(A Clarinet 2)&P8(Main),U(Flute 1)&U(Flute 2)&U(Oboe 1)&U(Oboe 2)&P8(A Clarinet 2)&P8(Main),P8(Flute 1)&P8(Flute 2)&P8(Oboe 1)&P8(Oboe 2)&P8(A Clarinet 1)&U(Main),U(C Horn 3)&U(C Horn 4)&U(Violin 1)&U(Violoncello),P8(Contrabass),,Main Part,,U(Bassoon 1)&U(C Horn 4)&U(Violin 1)&U(Violoncello),U(Bassoon 1)&U(C Horn 3)&U(Violin 1)&U(Violoncello),,,,,,,U(Bassoon 1)&U(C Horn 3)&U(C Horn 4)&U(Violoncello),,,U(Bassoon 1)&U(C Horn 3)&U(C Horn 4)&U(Violin 1),P8(Bassoon 2)
540.0,552.5,U(Flute 2)&P8(Oboe 1)&P8(A Clarinet 1)&P8(A Clarinet 2),U(Flute 1)&P8(Oboe 1)&P8(A Clarinet 1)&P8(A Clarinet 2),P8(Flute 1)&P8(Flute 2)&P8(A Clarinet 1)&P8(A Clarinet 2),,P8(Flute 1)&P8(Flute 2)&P8(Oboe 1)&P8(A Clarinet 2),P8(Flute 1)&P8(Flute 2)&P8(Oboe 1)&P8(A Clarinet 1),U(Main)&U(C Horn 4),P8(Contrabassoon),P8(Bassoon 2),,,Main Part,U(Bassoon 1)&U(Main),,,,,,,,,,,
552.5,555.5,U(Flute 2)&P8(Oboe 1)&P8(Oboe 2)&P8(A Clarinet 1)&P8(A Clarinet 2)&P8(Bassoon 1)&P8(Bassoon 2),U(Flute 1)&P8(Oboe 1)&P8(Oboe 2)&P8(A Clarinet 1)&P8(A Clarinet 2)&P8(Bassoon 1)&P8(Bassoon 2),P8(Flute 1)&P8(Flute 2)&U(Oboe 2)&U(A Clarinet 1)&U(A Clarinet 2)&P8(Bassoon 1)&P8(Bassoon 2),P8(Flute 1)&P8(Flute 2)&U(Oboe 1)&U(A Clarinet 1)&U(A Clarinet 2)&P8(Bassoon 1)&P8(Bassoon 2),P8(Flute 1)&P8(Flute 2)&U(Oboe 1)&U(Oboe 2)&U(A Clarinet 2)&P8(Bassoon 1)&P8(Bassoon 2),P8(Flute 1)&P8(Flute 2)&U(Oboe 1)&U(Oboe 2)&U(A Clarinet 1)&P8(Bassoon 1)&P8(Bassoon 2),P8(Flute 1)&P8(Flute 2)&P8(Oboe 1)&P8(Oboe 2)&P8(A Clarinet 1)&P8(A Clarinet 2)&U(Bassoon 2),P8(Flute 1)&P8(Flute 2)&P8(Oboe 1)&P8(Oboe 2)&P8(A Clarinet 1)&P8(A Clarinet 2)&U(Bassoon 1),,Main Part,U(Main)&P8(Violin 1),,,,,,,U(Violoncello)&P8(Contrabass),,P8(Main)&P8(E Horn 2),P8(Viola),P8(Violin 2),U(Trombone 3)&P8(Contrabass),P8(Trombone 3)&P8(Violoncello)
555.5,558.5,U(Flute 2)&P8(Main)&P8(Oboe 2)&P8(A Clarinet 1)&P8(A Clarinet 2)&P8(Bassoon 1)&P8(Bassoon 2),U(Flute 1)&P8(Main)&P8(Oboe 2)&P8(A Clarinet 1)&P8(A Clarinet 2)&P8(Bassoon 1)&P8(Bassoon 2),Main Part,P8(Flute 1)&P8(Flute 2)&U(Main)&U(A Clarinet 1)&U(A Clarinet 2)&P8(Bassoon 1)&P8(Bassoon 2),P8(Flute 1)&P8(Flute 2)&U(Main)&U(Oboe 2)&U(A Clarinet 2)&P8(Bassoon 1)&P8(Bassoon 2),P8(Flute 1)&P8(Flute 2)&U(Main)&U(Oboe 2)&U(A Clarinet 1)&P8(Bassoon 1)&P8(Bassoon 2),P8(Flute 1)&P8(Flute 2)&P8(Main)&P8(Oboe 2)&P8(A Clarinet 1)&P8(A Clarinet 2)&U(Bassoon 2),P8(Flute 1)&P8(Flute 2)&P8(Main)&P8(Oboe 2)&P8(A Clarinet 1)&P8(A Clarinet 2)&U(Bassoon 1),,U(E Horn 2)&P8(Violin 1)&P4(Violin 2)&P4(Viola),U(E Horn 1)&P8(Violin 1)&P4(Violin 2)&P4(Viola),,,,,P3(Trombone 2),P3(Trombone 1),U(Violoncello)&P8(Contrabass),,P8(E Horn 1)&P8(E Horn 2)&P4(Violin 2)&P4(Viola),P4(E Horn 1)&P4(E Horn 2)&P4(Violin 1)&P8(Viola),P4(E Horn 1)&P4(E Horn 2)&P4(Violin 1)&P8(Violin 2),U(Trombone 3)&P8(Contrabass),P8(Trombone 3)&P8(Violoncello)
558.5,561.5,U(Flute 2)&P8(Oboe 1)&P8(Oboe 2)&P8(A Clarinet 1)&P8(A Clarinet 2)&P8(Bassoon 1)&P8(Bassoon 2),U(Flute 1)&P8(Oboe 1)&P8(Oboe 2)&P8(A Clarinet 1)&P8(A Clarinet 2)&P8(Bassoon 1)&P8(Bassoon 2),P8(Flute 1)&P8(Flute 2)&U(Oboe 2)&U(A Clarinet 1)&U(A Clarinet 2)&P8(Bassoon 1)&P8(Bassoon 2),P8(Flute 1)&P8(Flute 2)&U(Oboe 1)&U(A Clarinet 1)&U(A Clarinet 2)&P8(Bassoon 1)&P8(Bassoon 2),P8(Flute 1)&P8(Flute 2)&U(Oboe 1)&U(Oboe 2)&U(A Clarinet 2)&P8(Bassoon 1)&P8(Bassoon 2),P8(Flute 1)&P8(Flute 2)&U(Oboe 1)&U(Oboe 2)&U(A Clarinet 1)&P8(Bassoon 1)&P8(Bassoon 2),P8(Flute 1)&P8(Flute 2)&P8(Oboe 1)&P8(Oboe 2)&P8(A Clarinet 1)&P8(A Clarinet 2)&U(Bassoon 2),P8(Flute 1)&P8(Flute 2)&P8(Oboe 1)&P8(Oboe 2)&P8(A Clarinet 1)&P8(A Clarinet 2)&U(Bassoon 1),,Main Part,U(Main)&P8(Violin 1),,,,,,,U(Violoncello)&P8(Contrabass),,P8(Main)&P8(E Horn 2),P8(Viola),P8(Violin 2),U(Trombone 3)&P8(Contrabass),P8(Trombone 3)&P8(Violoncello)
561.5,564.5,U(Flute 2)&P8(Main)&P8(Oboe 2)&P8(A Clarinet 1)&P8(A Clarinet 2)&P8(Bassoon 1)&P8(Bassoon 2),U(Flute 1)&P8(Main)&P8(Oboe 2)&P8(A Clarinet 1)&P8(A Clarinet 2)&P8(Bassoon 1)&P8(Bassoon 2),Main Part,P8(Flute 1)&P8(Flute 2)&U(Main)&U(A Clarinet 1)&U(A Clarinet 2)&P8(Bassoon 1)&P8(Bassoon 2),P8(Flute 1)&P8(Flute 2)&U(Main)&U(Oboe 2)&U(A Clarinet 2)&P8(Bassoon 1)&P8(Bassoon 2),P8(Flute 1)&P8(Flute 2)&U(Main)&U(Oboe 2)&U(A Clarinet 1)&P8(Bassoon 1)&P8(Bassoon 2),P8(Flute 1)&P8(Flute 2)&P8(Main)&P8(Oboe 2)&P8(A Clarinet 1)&P8(A Clarinet 2)&U(Bassoon 2),P8(Flute 1)&P8(Flute 2)&P8(Main)&P8(Oboe 2)&P8(A Clarinet 1)&P8(A Clarinet 2)&U(Bassoon 1),,P3(E Horn 2)&P5(Violin 1)&P8(Violin 2)&P5(Viola),P3(E Horn 1)&P7(Violin 1)&P3(Violin 2)&P7(Viola),,,,,P8(Violoncello)&P8(Contrabass),P3(Trombone 3),P3(Trombone 2),,P5(E Horn 1)&P7(E Horn 2)&P5(Violin 2)&P8(Viola),P8(E Horn 1)&P3(E Horn 2)&P5(Violin 1)&P5(Viola),P5(E Horn 1)&P7(E Horn 2)&P8(Violin 1)&P5(Violin 2),P8(Trombone 1)&P8(Contrabass),P8(Trombone 1)&P8(Violoncello)
564.5,567.5,P5(Flute 2)&P8(Oboe 1)&P5(Oboe 2)&P8(A Clarinet 1)&P5(A Clarinet 2)&P8(Bassoon 1)&P5(Bassoon 2),P5(Flute 1)&P5(Oboe 1)&P8(Oboe 2)&P5(A Clarinet 1)&P8(A Clarinet 2)&P5(Bassoon 1)&P8(Bassoon 2),P8(Flute 1)&P5(Flute 2)&P5(Oboe 2)&U(A Clarinet 1)&P5(A Clarinet 2)&P8(Bassoon 1)&P5(Bassoon 2),P5(Flute 1)&P8(Flute 2)&P5(Oboe 1)&P5(A Clarinet 1)&U(A Clarinet 2)&P5(Bassoon 1)&P8(Bassoon 2),P8(Flute 1)&P5(Flute 2)&U(Oboe 1)&P5(Oboe 2)&P5(A Clarinet 2)&P8(Bassoon 1)&P5(Bassoon 2),P5(Flute 1)&P8(Flute 2)&P5(Oboe 1)&U(Oboe 2)&P5(A Clarinet 1)&P5(Bassoon 1)&P8(Bassoon 2),P8(Flute 1)&P5(Flute 2)&P8(Oboe 1)&P5(Oboe 2)&P8(A Clarinet 1)&P5(A Clarinet 2)&P5(Bassoon 2),P5(Flute 1)&P8(Flute 2)&P5(Oboe 1)&P8(Oboe 2)&P5(A Clarinet 1)&P8(A Clarinet 2)&P5(Bassoon 1),,,,,,,,,P4(Violoncello)&P4(Contrabass),,,Main Part,,,P4(Trombone 2)&P8(Contrabass),P4(Trombone 2)&P8(Violoncello)
567.5,569.5,P8(Main)&P8(A Clarinet 1)&P8(Bassoon 1),P8(Oboe 2)&P8(A Clarinet 2)&P8(Bassoon 2),Main Part,P8(Flute 2)&U(A Clarinet 2)&P8(Bassoon 2),P8(Flute 1)&U(Main)&P8(Bassoon 1),P8(Flute 2)&U(Oboe 2)&P8(Bassoon 2),P8(Flute 1)&P8(Main)&P8(A Clarinet 1),P8(Flute 2)&P8(Oboe 2)&P8(A Clarinet 2),,,,,,,,P2(Trombone 2)&P5(Trombone 3),P2(Trombone 1)&P4(Trombone 3),P5(Trombone 1)&P4(Trombone 2),,P8(Violin 2),P8(Violin 1),,,
569.5,573.5,P8(Oboe 1)&P8(A Clarinet 1)&P8(Bassoon 1),P8(Oboe 2)&P8(A Clarinet 2)&P8(Bassoon 2),P8(Flute 1)&P8(A Clarinet 1)&P8(Bassoon 1),P8(Flute 2)&P8(A Clarinet 2)&P8(Bassoon 2),P8(Flute 1)&P8(Oboe 1)&P8(Bassoon 1),P8(Flute 2)&P8(Oboe 2)&P8(Bassoon 2),P8(Flute 1)&P8(Oboe 1)&P8(A Clarinet 1),P8(Flute 2)&P8(Oboe 2)&P8(A Clarinet 2),,,,,,,,,,,,Main Part,P8(Main),,,
573.5,576.0,P8(A Clarinet 1)&P8(Bassoon 1),P8(A Clarinet 2)&P8(Bassoon 2),Main Part,,P8(Flute 1)&P8(Bassoon 1),P8(Flute 2)&P8(Bassoon 2),P8(Flute 1)&P8(A Clarinet 1),P8(Flute 2)&P8(A Clarinet 2),,U(E Horn 2),U(E Horn 1),,,,,,,,,,,,P8(Contrabass),P8(Violoncello)
576.0,582.0,,P8(A Clarinet 2),,,P8(Bassoon 1),P8(Flute 2),P8(A Clarinet 1),,,U(E Horn 2),U(E Horn 1),,,,,,,,,Main Part,,,,
582.0,588.0,P8(Oboe 1),P8(Oboe 2)&P8(A Clarinet 2),P8(Flute 1),P8(Flute 2)&U(A Clarinet 2),,P8(Flute 2)&U(Oboe 2),,,,U(E Horn 2),U(E Horn 1),,,,,,,,,Main Part,,,,
588.0,599.0,P8(Oboe 1)&P8(A Clarinet 1),P8(Oboe 2)&P8(A Clarinet 2),P8(Flute 1)&P8(A Clarinet 1),P8(Flute 2)&P8(A Clarinet 2),P8(Flute 1)&P8(Oboe 1),P8(Flute 2)&P8(Oboe 2),,,,,,,,,,,,,,Main Part,,,P8(Contrabass),P8(Violoncello)
599.0,600.0,U(Flute 2)&U(Oboe 1)&U(Oboe 2)&P5(A Clarinet 1)&P3(A Clarinet 2)&P5(Bassoon 1)&P3(Bassoon 2)&P8(Contrabassoon)&P8(E Horn 1)&P8(E Horn 2)&P3(C Horn 3)&P8(C Horn 4)&P8(Timpani)&U(Violin 1)&U(Violin 2),U(Flute 1)&U(Oboe 1)&U(Oboe 2)&P5(A Clarinet 1)&P3(A Clarinet 2)&P5(Bassoon 1)&P3(Bassoon 2)&P8(Contrabassoon)&P8(E Horn 1)&P8(E Horn 2)&P3(C Horn 3)&P8(C Horn 4)&P8(Timpani)&U(Violin 1)&U(Violin 2),U(Flute 1)&U(Flute 2)&U(Oboe 2)&P5(A Clarinet 1)&P3(A Clarinet 2)&P5(Bassoon 1)&P3(Bassoon 2)&P8(Contrabassoon)&P8(E Horn 1)&P8(E Horn 2)&P3(C Horn 3)&P8(C Horn 4)&P8(Timpani)&U(Violin 1)&U(Violin 2),U(Flute 1)&U(Flute 2)&U(Oboe 1)&P5(A Clarinet 1)&P3(A Clarinet 2)&P5(Bassoon 1)&P3(Bassoon 2)&P8(Contrabassoon)&P8(E Horn 1)&P8(E Horn 2)&P3(C Horn 3)&P8(C Horn 4)&P8(Timpani)&U(Violin 1)&U(Violin 2),P5(Flute 1)&P5(Flute 2)&P5(Oboe 1)&P5(Oboe 2)&P3(A Clarinet 2)&P8(Bassoon 1)&P3(Bassoon 2)&P5(Contrabassoon)&P5(E Horn 1)&P5(E Horn 2)&P3(C Horn 3)&P5(C Horn 4)&P5(Timpani)&P5(Violin 1)&P5(Violin 2),P3(Flute 1)&P3(Flute 2)&P3(Oboe 1)&P3(Oboe 2)&P3(A Clarinet 1)&P3(Bassoon 1)&P8(Bassoon 2)&P3(Contrabassoon)&P3(E Horn 1)&P3(E Horn 2)&U(C Horn 3)&P3(C Horn 4)&P3(Timpani)&P3(Violin 1)&P3(Violin 2),P5(Flute 1)&P5(Flute 2)&P5(Oboe 1)&P5(Oboe 2)&P8(A Clarinet 1)&P3(A Clarinet 2)&P3(Bassoon 2)&P5(Contrabassoon)&P5(E Horn 1)&P5(E Horn 2)&P3(C Horn 3)&P5(C Horn 4)&P5(Timpani)&P5(Violin 1)&P5(Violin 2),P3(Flute 1)&P3(Flute 2)&P3(Oboe 1)&P3(Oboe 2)&P3(A Clarinet 1)&P8(A Clarinet 2)&P3(Bassoon 1)&P3(Contrabassoon)&P3(E Horn 1)&P3(E Horn 2)&P8(C Horn 3)&P3(C Horn 4)&P3(Timpani)&P3(Violin 1)&P3(Violin 2),P8(Flute 1)&P8(Flute 2)&P8(Oboe 1)&P8(Oboe 2)&P5(A Clarinet 1)&P3(A Clarinet 2)&P5(Bassoon 1)&P3(Bassoon 2)&P8(E Horn 1)&P8(E Horn 2)&P3(C Horn 3)&P8(C Horn 4)&P8(Timpani)&P8(Violin 1)&P8(Violin 2),P8(Flute 1)&P8(Flute 2)&P8(Oboe 1)&P8(Oboe 2)&P5(A Clarinet 1)&P3(A Clarinet 2)&P5(Bassoon 1)&P3(Bassoon 2)&P8(Contrabassoon)&U(E Horn 2)&P3(C Horn 3)&U(C Horn 4)&U(Timpani)&P8(Violin 1)&P8(Violin 2),P8(Flute 1)&P8(Flute 2)&P8(Oboe 1)&P8(Oboe 2)&P5(A Clarinet 1)&P3(A Clarinet 2)&P5(Bassoon 1)&P3(Bassoon 2)&P8(Contrabassoon)&U(E Horn 1)&P3(C Horn 3)&U(C Horn 4)&U(Timpani)&P8(Violin 1)&P8(Violin 2),P3(Flute 1)&P3(Flute 2)&P3(Oboe 1)&P3(Oboe 2)&P3(A Clarinet 1)&U(A Clarinet 2)&P3(Bassoon 1)&P8(Bassoon 2)&P3(Contrabassoon)&P3(E Horn 1)&P3(E Horn 2)&P3(C Horn 4)&P3(Timpani)&P3(Violin 1)&P3(Violin 2),P8(Flute 1)&P8(Flute 2)&P8(Oboe 1)&P8(Oboe 2)&P5(A Clarinet 1)&P3(A Clarinet 2)&P5(Bassoon 1)&P3(Bassoon 2)&P8(Contrabassoon)&U(E Horn 1)&U(E Horn 2)&P3(C Horn 3)&U(Timpani)&P8(Violin 1)&P8(Violin 2),,,,,,P8(Flute 1)&P8(Flute 2)&P8(Oboe 1)&P8(Oboe 2)&P5(A Clarinet 1)&P3(A Clarinet 2)&P5(Bassoon 1)&P3(Bassoon 2)&P8(Contrabassoon)&U(E Horn 1)&U(E Horn 2)&P3(C Horn 3)&U(C Horn 4)&P8(Violin 1)&P8(Violin 2),U(Flute 1)&U(Flute 2)&U(Oboe 1)&U(Oboe 2)&P5(A Clarinet 1)&P3(A Clarinet 2)&P5(Bassoon 1)&P3(Bassoon 2)&P8(Contrabassoon)&P8(E Horn 1)&P8(E Horn 2)&P3(C Horn 3)&P8(C Horn 4)&P8(Timpani)&U(Violin 2),U(Flute 1)&U(Flute 2)&U(Oboe 1)&U(Oboe 2)&P5(A Clarinet 1)&P3(A Clarinet 2)&P5(Bassoon 1)&P3(Bassoon 2)&P8(Contrabassoon)&P8(E Horn 1)&P8(E Horn 2)&P3(C Horn 3)&P8(C Horn 4)&P8(Timpani)&U(Violin 1),Main Part,P8(Contrabass),P8(Violoncello)
600.0,604.0,Main Part,U(Main)&U(Violin 1),,P8(C Horn 4),P8(Bassoon 1),P8(Bassoon 2)&P3(Viola),P8(A Clarinet 1),P8(A Clarinet 2)&P3(Viola),U(Contrabass),U(E Horn 2)&U(Timpani),U(E Horn 1)&U(Timpani),,P8(Oboe 2),,,U(Trombone 2)&P8(Trombone 3),U(Trombone 1)&P8(Trombone 3),P8(Trombone 1)&P8(Trombone 2),U(E Horn 1)&U(E Horn 2),U(Main)&U(Flute 2),,P3(A Clarinet 2)&P3(Bassoon 2),,U(Contrabassoon)
604.0,606.0,U(Flute 2)&P8(Oboe 2)&U(Violin 1)&P8(Violin 2),U(Flute 1)&P8(Oboe 2)&U(Violin 1)&P8(Violin 2),P3(A Clarinet 2)&P3(Bassoon 2),P8(Flute 1)&P8(Flute 2)&P8(Violin 1)&P8(Violin 2),P8(Bassoon 1),P3(Oboe 1)&P8(Bassoon 2),P8(A Clarinet 1),P3(Oboe 1)&P8(A Clarinet 2),P8(C Horn 3)&P8(C Horn 4)&P4(Viola)&P8(Violoncello)&U(Contrabass),P6(E Horn 2)&P6(Timpani),P6(E Horn 1)&P8(Timpani),P8(Contrabassoon)&P8(C Horn 4)&P4(Viola)&P8(Violoncello)&P8(Contrabass),P8(Contrabassoon)&P8(C Horn 3)&P4(Viola)&P8(Violoncello)&P8(Contrabass),,,Main Part,U(Main)&P8(Trombone 3),P8(Main)&P8(Trombone 2),P6(E Horn 1)&P8(E Horn 2),U(Flute 1)&U(Flute 2)&P8(Oboe 2)&P8(Violin 2),P8(Flute 1)&P8(Flute 2)&P8(Oboe 2)&P8(Violin 1),P4(Contrabassoon)&P4(C Horn 3)&P4(C Horn 4)&P4(Violoncello)&P4(Contrabass),P8(Contrabassoon)&P8(C Horn 3)&P8(C Horn 4)&P4(Viola)&P8(Contrabass),U(Contrabassoon)&P8(C Horn 3)&P8(C Horn 4)&P4(Viola)&P8(Violoncello)
606.0,610.0,Main Part,U(Main)&U(Violin 1)&P8(Violin 2),,,P8(Bassoon 1)&P8(E Horn 1),P8(Bassoon 2)&P6(Viola),P8(A Clarinet 1)&P8(E Horn 1),P8(A Clarinet 2)&P6(Viola),U(Contrabass),P8(A Clarinet 1)&P8(Bassoon 1),,P8(C Horn 4),P8(C Horn 3),P8(E Trumpet 2),P8(E Trumpet 1),U(Trombone 2)&P8(Trombone 3),U(Trombone 1)&P8(Trombone 3),P8(Trombone 1)&P8(Trombone 2),,U(Main)&U(Flute 2)&P8(Violin 2),P8(Main)&P8(Flute 2)&P8(Violin 1),P6(A Clarinet 2)&P6(Bassoon 2),,U(Contrabassoon)
610.0,617.0,P8(Bassoon 1),P8(Bassoon 2),P8(Violin 1),,,,P8(Flute 1),P8(Flute 2),P8(Violoncello)&U(Contrabass),,,P8(C Horn 4),P8(C Horn 3),P8(E Trumpet 2),P8(E Trumpet 1),Main Part,P8(Main)&P8(Trombone 3),P8(Main)&P8(Trombone 2),,P8(Oboe 1),,,P8(Contrabassoon)&P8(Contrabass),U(Contrabassoon)&P8(Violoncello)
617.0,624.0,Main Part,P8(Oboe 2),P8(Main)&P8(Bassoon 1),P8(Flute 2),,P8(Bassoon 2),P8(Main)&P8(Oboe 1),P8(A Clarinet 2),U(Contrabass),,,P8(C Horn 4)&P8(Trombone 3),P8(C Horn 3)&P8(Trombone 3),P8(E Trumpet 2)&P8(Timpani),P8(E Trumpet 1)&P8(Timpani),P8(Trombone 2),P8(Trombone 1),P8(C Horn 3)&P8(C Horn 4),P8(E Trumpet 1)&P8(E Trumpet 2),,,,,U(Contrabassoon)
624.0,636.5,Main Part,,,,,,,,P8(C Horn 3)&P8(C Horn 4)&P8(E Trumpet 1)&P8(E Trumpet 2)&P3(Trombone 1)&P3(Trombone 2)&P8(Trombone 3)&P8(Timpani),U(E Horn 2),U(E Horn 1),P8(Contrabassoon)&U(C Horn 4)&P8(E Trumpet 1)&P8(E Trumpet 2)&P3(Trombone 1)&P3(Trombone 2)&P8(Trombone 3)&U(Timpani),P8(Contrabassoon)&U(C Horn 3)&P8(E Trumpet 1)&P8(E Trumpet 2)&P3(Trombone 1)&P3(Trombone 2)&P8(Trombone 3)&U(Timpani),P8(Contrabassoon)&P8(C Horn 3)&P8(C Horn 4)&P8(E Trumpet 2)&P3(Trombone 1)&P3(Trombone 2)&P8(Trombone 3)&P8(Timpani),P8(Contrabassoon)&P8(C Horn 3)&P8(C Horn 4)&P8(E Trumpet 1)&P3(Trombone 1)&P3(Trombone 2)&P8(Trombone 3)&P8(Timpani),P3(Contrabassoon)&P3(C Horn 3)&P3(C Horn 4)&P3(E Trumpet 1)&P3(E Trumpet 2)&P8(Trombone 2)&P3(Trombone 3)&P3(Timpani),P3(Contrabassoon)&P3(C Horn 3)&P3(C Horn 4)&P3(E Trumpet 1)&P3(E Trumpet 2)&P8(Trombone 1)&P3(Trombone 3)&P3(Timpani),P8(Contrabassoon)&P8(C Horn 3)&P8(C Horn 4)&P8(E Trumpet 1)&P8(E Trumpet 2)&P3(Trombone 1)&P3(Trombone 2)&P8(Timpani),P8(Contrabassoon)&U(C Horn 3)&U(C Horn 4)&P8(E Trumpet 1)&P8(E Trumpet 2)&P3(Trombone 1)&P3(Trombone 2)&P8(Trombone 3),,,,,
636.5,639.5,P8(A Clarinet 1),P8(A Clarinet 2),Main Part,,P8(Flute 1),P8(Flute 2),,,,P8(Main)&U(E Horn 2),P8(Main)&U(E Horn 1),,,,,,,,,,,,P8(Contrabass),P8(Violoncello)
639.5,642.5,P8(A Clarinet 1),P8(A Clarinet 2),P8(Oboe 2)&P4(E Horn 1)&P8(E Horn 2),P8(Oboe 1)&P4(E Horn 1)&P8(E Horn 2),P8(Flute 1),P8(Flute 2),,,,P4(Oboe 1)&P4(Oboe 2)&P4(E Horn 2),P8(Oboe 1)&P8(Oboe 2)&P4(E Horn 1),,,,,,,,,Main Part,,,P8(Contrabass),P8(Violoncello)
642.5,645.5,P3(Flute 2),P3(Flute 1),Main Part,,P3(A Clarinet 2),P3(A Clarinet 1),,,,,P8(Main),,,,,,,,,,P8(Viola),P8(Violin 2),P8(Contrabass),P8(Violoncello)
645.5,648.0,P3(Flute 2),P3(Flute 1),,,P3(A Clarinet 2),P3(A Clarinet 1),,,,U(E Horn 2),U(E Horn 1),,,,,,,,,Main Part,,,P8(Contrabass),P8(Violoncello)
648.0,663.0,P8(Oboe 1)&P8(A Clarinet 1)&P8(Bassoon 1),P8(Oboe 2)&P8(A Clarinet 2)&P8(Bassoon 2),P8(Flute 1)&U(A Clarinet 1)&P8(Bassoon 1),P8(Flute 2)&P8(A Clarinet 2)&P8(Bassoon 2),P8(Flute 1)&U(Oboe 1)&P8(Bassoon 1),P8(Flute 2)&P8(Oboe 2)&P8(Bassoon 2),P8(Flute 1)&P8(Oboe 1)&P8(A Clarinet 1),P8(Flute 2)&P8(Oboe 2)&P8(A Clarinet 2),,Main Part,,,,P8(E Trumpet 2)&P8(Timpani),P8(E Trumpet 1)&P8(Timpani),,,,P8(E Trumpet 1)&P8(E Trumpet 2),,,,,
663.0,673.0,P8(Main)&P8(A Clarinet 1),P8(Oboe 2)&P8(A Clarinet 2),Main Part,P8(Flute 2)&U(A Clarinet 2),P8(Flute 1)&U(Main),P8(Flute 2)&U(Oboe 2),P8(Viola),,P6(Trombone 1)&P3(Trombone 2)&P8(Trombone 3),,,,,P8(E Trumpet 2),P8(E Trumpet 1),P6(Contrabassoon)&P4(Trombone 2)&P6(Trombone 3),P3(Contrabassoon)&P4(Trombone 1)&P3(Trombone 3),P8(Contrabassoon)&P6(Trombone 1)&P3(Trombone 2),,P8(Violin 2),P8(Violin 1),P8(Bassoon 1),,
673.0,694.0,Main Part,P8(A Clarinet 2),,,P8(Main),P8(Flute 2),,P8(Contrabassoon)&U(Trombone 3)&P8(Contrabass),P8(Bassoon 2)&P8(Trombone 3)&U(Contrabass),P8(E Horn 2)&P8(E Trumpet 1)&P8(E Trumpet 2)&P8(Timpani),P8(E Horn 1)&P8(E Trumpet 1)&P8(E Trumpet 2)&U(Timpani),P8(C Horn 4),P8(C Horn 3),P8(E Horn 1)&P8(E Horn 2)&P8(E Trumpet 2)&P8(Timpani),P8(E Horn 1)&P8(E Horn 2)&P8(E Trumpet 1)&P8(Timpani),,,U(Bassoon 2)&P8(Contrabassoon)&P8(Contrabass),P8(E Horn 1)&U(E Horn 2)&P8(E Trumpet 1)&P8(E Trumpet 2),P8(Violin 2),P8(Violin 1),,,P8(Bassoon 2)&U(Contrabassoon)&P8(Trombone 3)
694.0,709.0,P8(A Clarinet 1),,Main Part,,P8(Flute 1),,P8(Viola),,P8(Trombone 3)&P8(Violoncello)&U(Contrabass),,,,P8(E Trumpet 2),,P8(C Horn 4),,,P8(Contrabassoon)&P8(Violoncello)&P8(Contrabass),,P8(Main),,P8(Bassoon 1),P8(Contrabassoon)&P8(Trombone 3)&P8(Contrabass),U(Contrabassoon)&P8(Trombone 3)&P8(Violoncello)
709.0,720.0,P8(A Clarinet 1),P8(A Clarinet 2),Main Part,,P8(Flute 1),P8(Flute 2),,,P8(Violoncello)&U(Contrabass),P8(E Horn 2),P8(E Horn 1),,,P8(E Trumpet 2),P8(E Trumpet 1),,,,,,,,P8(Contrabassoon)&P8(Contrabass),U(Contrabassoon)&P8(Violoncello)
720.0,726.0,,,P3(Oboe 2)&P8(Bassoon 1)&P8(Bassoon 2)&P3(Contrabassoon)&P8(Trombone 1)&P3(Trombone 2)&P3(Trombone 3)&P8(Timpani),P3(Oboe 1)&P3(Bassoon 1)&P3(Bassoon 2)&P5(Contrabassoon)&P3(Trombone 1)&P8(Trombone 2)&P5(Trombone 3)&P3(Timpani),,,P8(Oboe 1)&P3(Oboe 2)&U(Bassoon 2)&P3(Contrabassoon)&U(Trombone 1)&P3(Trombone 2)&P3(Trombone 3)&P8(Timpani),P8(Oboe 1)&P3(Oboe 2)&U(Bassoon 1)&P3(Contrabassoon)&U(Trombone 1)&P3(Trombone 2)&P3(Trombone 3)&P8(Timpani),P3(Oboe 1)&P5(Oboe 2)&P3(Bassoon 1)&P3(Bassoon 2)&P3(Trombone 1)&P5(Trombone 2)&P8(Trombone 3)&P3(Timpani),Main Part,P3(C Horn 4)&P3(Contrabass),,P3(E Horn 2)&P8(Contrabass),,,P8(Oboe 1)&P3(Oboe 2)&U(Bassoon 1)&U(Bassoon 2)&P3(Contrabassoon)&P3(Trombone 2)&P3(Trombone 3)&P8(Timpani),P3(Oboe 1)&P8(Oboe 2)&P3(Bassoon 1)&P3(Bassoon 2)&P5(Contrabassoon)&P3(Trombone 1)&P5(Trombone 3)&P3(Timpani),P3(Oboe 1)&P5(Oboe 2)&P3(Bassoon 1)&P3(Bassoon 2)&P8(Contrabassoon)&P3(Trombone 1)&P5(Trombone 2)&P3(Timpani),P8(Oboe 1)&P3(Oboe 2)&P8(Bassoon 1)&P8(Bassoon 2)&P3(Contrabassoon)&P8(Trombone 1)&P3(Trombone 2)&P3(Trombone 3),,,,,P3(E Horn 2)&P8(C Horn 4)
726.0,732.0,,,P3(Oboe 2),P3(Oboe 1),,,,,,Main Part,,,,,,,,,,,,,,
732.0,744.0,P3(Flute 2)&P8(A Clarinet 1)&P3(A Clarinet 2)&P8(Bassoon 1)&P3(Bassoon 2),P3(Flute 1)&P3(A Clarinet 1)&P8(A Clarinet 2)&P3(Bassoon 1)&P8(Bassoon 2),Main Part,,P8(Flute 1)&P3(Flute 2)&P3(A Clarinet 2)&P8(Bassoon 1)&P3(Bassoon 2),P3(Flute 1)&P8(Flute 2)&P3(A Clarinet 1)&P3(Bassoon 1)&P8(Bassoon 2),P8(Flute 1)&P3(Flute 2)&P8(A Clarinet 1)&P3(A Clarinet 2)&P3(Bassoon 2),P3(Flute 1)&P8(Flute 2)&P3(A Clarinet 1)&P8(A Clarinet 2)&P3(Bassoon 1),,,,,,,,,,,,,,P8(Main),P8(Contrabass),P8(Violoncello)
744.0,747.5,Main Part,P3(Main)&P3(A Clarinet 1)&P8(A Clarinet 2)&P3(Bassoon 1)&P8(Bassoon 2),,,P8(Main)&P3(Flute 2)&P3(A Clarinet 2)&P8(Bassoon 1)&P3(Bassoon 2),P3(Main)&P8(Flute 2)&P3(A Clarinet 1)&P3(Bassoon 1)&P8(Bassoon 2),P8(Main)&P3(Flute 2)&P8(A Clarinet 1)&P3(A Clarinet 2)&P3(Bassoon 2),P3(Main)&P8(Flute 2)&P3(A Clarinet 1)&P8(A Clarinet 2)&P3(Bassoon 1),,,,P8(C Horn 4),P8(C Horn 3),,,,,,,,,P8(Violoncello),P8(Viola),
747.5,750.0,P3(Flute 2)&P8(A Clarinet 1)&P3(A Clarinet 2),P3(Flute 1)&P3(A Clarinet 1)&P8(A Clarinet 2),P3(Oboe 2),P3(Oboe 1),P8(Flute 1)&P3(Flute 2)&P3(A Clarinet 2),P3(Flute 1)&P8(Flute 2)&P3(A Clarinet 1),P3(Bassoon 2),P3(Bassoon 1),,,,,,,,,,,,,,Main Part,P8(Main),
750.0,753.5,,,Main Part,P3(Main)&P3(Bassoon 1)&P8(Bassoon 2),,,P8(Main)&P3(Oboe 2)&P3(Bassoon 2),P3(Main)&P8(Oboe 2)&P3(Bassoon 1),,,,,,,,,,,,,,,,
753.5,756.0,,,P3(Oboe 2),P3(Oboe 1),P3(A Clarinet 2)&P8(Violin 1)&P3(Violin 2),P3(A Clarinet 1)&P3(Violin 1)&P8(Violin 2),P3(Bassoon 2),P3(Bassoon 1),,,,,,,,,,,,P8(A Clarinet 1)&P3(A Clarinet 2)&P3(Violin 2),P3(A Clarinet 1)&P8(A Clarinet 2)&P3(Violin 1),Main Part,P8(Main),
756.0,768.0,P3(Flute 2),P3(Flute 1),,,P3(A Clarinet 2),P3(A Clarinet 1),,,,,,,,,,,,,,Main Part,,,,
768.0,792.0,Main Part,,,,P8(Main),,,,,,,,,,,,,,,,,,,
792.0,805.0,Main Part,,,,,,,,,,,,,,,,,,,P8(Violin 2)&P8(Viola),P8(Violin 1)&P8(Viola),P8(Violin 1)&P8(Violin 2),P8(Contrabass),P8(Violoncello)
805.0,816.0,P8(A Clarinet 1)&P8(A Clarinet 2)&P8(E Horn 1),,,,P8(Flute 1)&U(A Clarinet 2)&P8(E Horn 1),P8(Flute 1)&U(A Clarinet 1)&P8(E Horn 1),P8(Bassoon 2),P8(Bassoon 1),P8(Violoncello)&U(Contrabass),P8(Flute 1)&P8(A Clarinet 1)&P8(A Clarinet 2),,,,,,,,,,Main Part,P8(Main)&P8(Viola),P8(Main)&P8(Violin 2),P8(Contrabassoon)&P8(Contrabass),U(Contrabassoon)&P8(Violoncello)
816.0,817.0,,,,,P3(A Clarinet 2)&P8(Bassoon 1)&P3(Bassoon 2)&P8(E Horn 1)&P5(E Horn 2)&U(E Trumpet 1)&P5(E Trumpet 2)&P8(Viola),P3(A Clarinet 1)&P3(Bassoon 1)&P8(Bassoon 2)&P3(E Horn 1)&P3(E Horn 2)&P3(E Trumpet 1)&P3(E Trumpet 2)&P3(Viola),P8(A Clarinet 1)&P3(A Clarinet 2)&P3(Bassoon 2)&U(E Horn 1)&P5(E Horn 2)&P8(E Trumpet 1)&P5(E Trumpet 2)&U(Viola),P3(A Clarinet 1)&P8(A Clarinet 2)&P3(Bassoon 1)&P3(E Horn 1)&P3(E Horn 2)&P3(E Trumpet 1)&P3(E Trumpet 2)&P3(Viola),P8(Main)&U(Contrabass),P8(A Clarinet 1)&P3(A Clarinet 2)&U(Bassoon 1)&P3(Bassoon 2)&P5(E Horn 2)&P8(E Trumpet 1)&P5(E Trumpet 2)&U(Viola),P5(A Clarinet 1)&P3(A Clarinet 2)&P5(Bassoon 1)&P3(Bassoon 2)&P5(E Horn 1)&P5(E Trumpet 1)&P8(E Trumpet 2)&P5(Viola),,,U(A Clarinet 1)&P3(A Clarinet 2)&P8(Bassoon 1)&P3(Bassoon 2)&P8(E Horn 1)&P5(E Horn 2)&P5(E Trumpet 2)&P8(Viola),P5(A Clarinet 1)&P3(A Clarinet 2)&P5(Bassoon 1)&P3(Bassoon 2)&P5(E Horn 1)&P8(E Horn 2)&P5(E Trumpet 1)&P5(Viola),,,,,P8(Violin 2),P8(Violin 1),P8(A Clarinet 1)&P3(A Clarinet 2)&U(Bassoon 1)&P3(Bassoon 2)&U(E Horn 1)&P5(E Horn 2)&P8(E Trumpet 1)&P5(E Trumpet 2),Main Part,U(Contrabassoon)&P8(Main)
817.0,823.0,,,,,P8(Bassoon 1),,P8(A Clarinet 1),,P8(Violoncello)&U(Contrabass),,,,,,,,,,,Main Part,P8(Main),,P8(Contrabassoon)&P8(Contrabass),U(Contrabassoon)&P8(Violoncello)
823.0,834.0,,,,,P8(Bassoon 1),,P8(A Clarinet 1),,P8(Violoncello)&U(Contrabass),,,,,P8(E Trumpet 2),P8(E Trumpet 1),,,,,Main Part,P8(Main),,P8(Contrabassoon)&P8(Contrabass),U(Contrabassoon)&P8(Violoncello)
834.0,843.0,,,,,P8(Bassoon 1),,P8(A Clarinet 1),,P8(Violoncello)&U(Contrabass),,,,,P8(E Trumpet 2),P8(E Trumpet 1),,,,,Main Part,P8(Main),,P8(Contrabassoon)&P8(Contrabass),U(Contrabassoon)&P8(Violoncello)
843.0,847.0,,,P3(Oboe 2)&U(A Clarinet 1)&P3(A Clarinet 2)&P8(E Horn 1)&P8(E Horn 2)&P8(Timpani)&P3(Viola),P3(Oboe 1)&P3(A Clarinet 1)&U(A Clarinet 2)&P3(E Horn 1)&P3(E Horn 2)&P3(Timpani)&U(Viola),U(Oboe 1)&P3(Oboe 2)&P3(A Clarinet 2)&P8(E Horn 1)&P8(E Horn 2)&P8(Timpani)&P3(Viola),P3(Oboe 1)&U(Oboe 2)&P3(A Clarinet 1)&P3(E Horn 1)&P3(E Horn 2)&P3(Timpani)&U(Viola),P3(Bassoon 2),P3(Bassoon 1)&P3(Main)&P3(Violin 2),P8(Violoncello)&U(Contrabass),P8(Oboe 1)&P3(Oboe 2)&P8(A Clarinet 1)&P3(A Clarinet 2)&P8(E Horn 2)&P8(Timpani)&P3(Viola),P8(Oboe 1)&P3(Oboe 2)&P8(A Clarinet 1)&P3(A Clarinet 2)&P8(E Horn 1)&U(Timpani)&P3(Viola),P8(C Horn 4),P8(C Horn 3),,,,,,P8(Oboe 1)&P3(Oboe 2)&P8(A Clarinet 1)&P3(A Clarinet 2)&P8(E Horn 1)&U(E Horn 2)&P3(Viola),Main Part,P3(Bassoon 2)&P8(Main),P3(Oboe 1)&U(Oboe 2)&P3(A Clarinet 1)&U(A Clarinet 2)&P3(E Horn 1)&P3(E Horn 2)&P3(Timpani),P8(Contrabassoon)&P8(Contrabass),U(Contrabassoon)&P8(Violoncello)
847.0,851.0,,,P3(Oboe 2)&U(A Clarinet 1)&P3(A Clarinet 2)&P3(Bassoon 1)&P8(Bassoon 2)&P8(E Horn 1)&P8(E Horn 2)&P3(C Horn 3)&P3(C Horn 4)&P8(Timpani)&P3(Viola),P3(Oboe 1)&P3(A Clarinet 1)&U(A Clarinet 2)&P8(Bassoon 1)&P3(Bassoon 2)&P3(E Horn 1)&P3(E Horn 2)&P5(C Horn 3)&P5(C Horn 4)&P3(Timpani)&U(Viola),U(Oboe 1)&P3(Oboe 2)&P3(A Clarinet 2)&P3(Bassoon 1)&P8(Bassoon 2)&P8(E Horn 1)&P8(E Horn 2)&P3(C Horn 3)&P3(C Horn 4)&P8(Timpani)&P3(Viola),P3(Oboe 1)&U(Oboe 2)&P3(A Clarinet 1)&P8(Bassoon 1)&P3(Bassoon 2)&P3(E Horn 1)&P3(E Horn 2)&P5(C Horn 3)&P5(C Horn 4)&P3(Timpani)&U(Viola),P3(Oboe 1)&P8(Oboe 2)&P3(A Clarinet 1)&P8(A Clarinet 2)&P3(Bassoon 2)&P3(E Horn 1)&P3(E Horn 2)&P5(C Horn 3)&P5(C Horn 4)&P3(Timpani)&P8(Viola),P8(Oboe 1)&P3(Oboe 2)&P8(A Clarinet 1)&P3(A Clarinet 2)&P3(Bassoon 1)&P8(E Horn 1)&U(E Horn 2)&P3(C Horn 3)&P3(C Horn 4)&U(Timpani)&P3(Viola),P8(Violoncello)&U(Contrabass),P8(Oboe 1)&P3(Oboe 2)&P8(A Clarinet 1)&P3(A Clarinet 2)&P3(Bassoon 1)&P8(Bassoon 2)&P8(E Horn 2)&P3(C Horn 3)&P3(C Horn 4)&P8(Timpani)&P3(Viola),P8(Oboe 1)&P3(Oboe 2)&P8(A Clarinet 1)&P3(A Clarinet 2)&P3(Bassoon 1)&U(Bassoon 2)&P8(E Horn 1)&P3(C Horn 3)&P3(C Horn 4)&U(Timpani)&P3(Viola),P3(Oboe 1)&P5(Oboe 2)&P3(A Clarinet 1)&P5(A Clarinet 2)&P5(Bassoon 1)&P3(Bassoon 2)&P3(E Horn 1)&P3(E Horn 2)&P8(C Horn 4)&P3(Timpani)&P5(Viola),P3(Oboe 1)&P5(Oboe 2)&P3(A Clarinet 1)&P5(A Clarinet 2)&P5(Bassoon 1)&P3(Bassoon 2)&P3(E Horn 1)&P3(E Horn 2)&P8(C Horn 3)&P3(Timpani)&P5(Viola),,,,,,P8(Oboe 1)&P3(Oboe 2)&P8(A Clarinet 1)&P3(A Clarinet 2)&P3(Bassoon 1)&U(Bassoon 2)&P8(E Horn 1)&U(E Horn 2)&P3(C Horn 3)&P3(C Horn 4)&P3(Viola),Main Part,P8(Main),P3(Oboe 1)&U(Oboe 2)&P3(A Clarinet 1)&U(A Clarinet 2)&P8(Bassoon 1)&P3(Bassoon 2)&P3(E Horn 1)&P3(E Horn 2)&P5(C Horn 3)&P5(C Horn 4)&P3(Timpani),P8(Contrabassoon)&P8(Contrabass),U(Contrabassoon)&P8(Violoncello)
851.0,852.0,P3(Flute 2)&P8(E Trumpet 1)&P8(E Trumpet 2)&P8(Trombone 1)&P3(Trombone 2)&P4(Trombone 3),P3(Flute 1)&P3(E Trumpet 1)&P3(E Trumpet 2)&P3(Trombone 1)&P8(Trombone 2)&P6(Trombone 3),P3(Oboe 2)&U(A Clarinet 1)&P3(A Clarinet 2)&P8(E Horn 1)&P8(E Horn 2)&P3(C Horn 3)&P3(C Horn 4)&P8(Timpani),P3(Oboe 1)&P3(A Clarinet 1)&U(A Clarinet 2)&P3(E Horn 1)&P3(E Horn 2)&P3(Timpani),U(Oboe 1)&P3(Oboe 2)&P3(A Clarinet 2)&P8(E Horn 1)&P8(E Horn 2)&P3(C Horn 3)&P3(C Horn 4)&P8(Timpani),P3(Oboe 1)&U(Oboe 2)&P3(A Clarinet 1)&P3(E Horn 1)&P3(E Horn 2)&P3(Timpani),P8(Viola),,P8(Violoncello)&P8(Contrabass),P8(Oboe 1)&P3(Oboe 2)&P8(A Clarinet 1)&P3(A Clarinet 2)&P8(E Horn 2)&P3(C Horn 3)&P3(C Horn 4)&P8(Timpani),P8(Oboe 1)&P3(Oboe 2)&P8(A Clarinet 1)&P3(A Clarinet 2)&P8(E Horn 1)&P3(C Horn 3)&P3(C Horn 4)&P8(Timpani),P3(Oboe 1)&P3(A Clarinet 1)&P3(E Horn 1)&P3(E Horn 2)&P8(C Horn 4)&P3(Timpani),P3(Oboe 1)&P3(A Clarinet 1)&P3(E Horn 1)&P3(E Horn 2)&P8(C Horn 3)&P3(Timpani),P8(Flute 1)&P3(Flute 2)&P8(E Trumpet 2)&P8(Trombone 1)&P3(Trombone 2)&P4(Trombone 3),P8(Flute 1)&P3(Flute 2)&P8(E Trumpet 1)&U(Trombone 1)&P3(Trombone 2)&P4(Trombone 3),P8(Flute 1)&P3(Flute 2)&P8(E Trumpet 1)&U(E Trumpet 2)&P3(Trombone 2)&P4(Trombone 3),P3(Flute 1)&P8(Flute 2)&P3(E Trumpet 1)&P3(E Trumpet 2)&P3(Trombone 1)&P6(Trombone 3),P4(Flute 1)&P6(Flute 2)&P4(E Trumpet 1)&P4(E Trumpet 2)&P4(Trombone 1)&P6(Trombone 2),P8(Oboe 1)&P3(Oboe 2)&P8(A Clarinet 1)&P3(A Clarinet 2)&P8(E Horn 1)&P8(E Horn 2)&P3(C Horn 3)&P3(C Horn 4),Main Part,P8(Main),P8(Bassoon 1),P8(Contrabassoon)&P8(Contrabass),P8(Contrabassoon)&P8(Violoncello)
852.0,876.0,Main Part,P8(Oboe 2),P8(Main),P8(Flute 2),,,P8(Bassoon 2),P8(Bassoon 1),P8(Trombone 3),,,,,,,,,P8(Contrabassoon),,,,,P8(Contrabass),P8(Violoncello)
876.0,888.0,Main Part,U(Main)&U(Oboe 1)&P8(Oboe 2)&P8(Bassoon 2)&P8(C Horn 3)&P8(C Horn 4)&P8(Viola),U(Main)&U(Flute 2)&P8(Oboe 2)&P8(Bassoon 2)&P8(C Horn 3)&P8(C Horn 4)&P8(Viola),P8(Main)&P8(Flute 2)&P8(Oboe 1)&P8(Bassoon 2)&P8(C Horn 3)&P8(C Horn 4)&P8(Viola),,,,P8(Main)&P8(Flute 2)&P8(Oboe 1)&P8(Oboe 2)&P8(C Horn 3)&P8(C Horn 4)&P8(Viola),,,,P8(Main)&P8(Flute 2)&P8(Oboe 1)&P8(Oboe 2)&P8(Bassoon 2)&P8(C Horn 4)&P8(Viola),P8(Main)&P8(Flute 2)&P8(Oboe 1)&P8(Oboe 2)&P8(Bassoon 2)&P8(C Horn 3)&P8(Viola),P3(E Trumpet 2),P3(E Trumpet 1),P3(Trombone 2)&P5(Trombone 3),P3(Trombone 1)&P7(Trombone 3),P5(Trombone 1)&P7(Trombone 2),,,,P8(Main)&P8(Flute 2)&P8(Oboe 1)&P8(Oboe 2)&P8(Bassoon 2)&P8(C Horn 3)&P8(C Horn 4),P8(Contrabass),P8(Violoncello)
888.0,900.0,Main Part,U(Main)&U(Oboe 1)&P8(Oboe 2)&P8(A Clarinet 1)&P8(Bassoon 2),U(Main)&U(Flute 2)&P8(Oboe 2)&P8(A Clarinet 1)&P8(Bassoon 2),P8(Main)&P8(Flute 2)&P8(Oboe 1)&P8(A Clarinet 1)&P8(Bassoon 2),P8(Main)&P8(Flute 2)&P8(Oboe 1)&P8(Oboe 2)&P8(Bassoon 2),P8(Bassoon 1)&P8(C Horn 4),P8(A Clarinet 2)&U(C Horn 4),P8(Main)&P8(Flute 2)&P8(Oboe 1)&P8(Oboe 2)&P8(A Clarinet 1),,U(E Horn 2),U(E Horn 1),,P8(A Clarinet 2)&U(Bassoon 1),,,,,,,,,,P8(Contrabass),P8(Violoncello)
900.0,913.0,Main Part,P8(Oboe 2)&P8(A Clarinet 2)&P8(Bassoon 1)&P8(Bassoon 2)&P8(C Horn 3)&P8(C Horn 4),P8(Main)&P8(A Clarinet 1),P8(Flute 2)&U(A Clarinet 2)&P8(Bassoon 1)&P8(Bassoon 2)&P8(C Horn 3)&P8(C Horn 4),P8(Main)&P8(Oboe 1),P8(Flute 2)&U(Oboe 2)&P8(Bassoon 1)&P8(Bassoon 2)&P8(C Horn 3)&P8(C Horn 4),P8(Flute 2)&P8(Oboe 2)&P8(A Clarinet 2)&U(Bassoon 2)&P8(C Horn 3)&P8(C Horn 4),P8(Flute 2)&P8(Oboe 2)&P8(A Clarinet 2)&U(Bassoon 1)&P8(C Horn 3)&P8(C Horn 4),P8(Violoncello)&P8(Contrabass),,,P8(Flute 2)&P8(Oboe 2)&P8(A Clarinet 2)&P8(Bassoon 1)&P8(Bassoon 2)&U(C Horn 4),P8(Flute 2)&P8(Oboe 2)&P8(A Clarinet 2)&P8(Bassoon 1)&P8(Bassoon 2)&U(C Horn 3),,,,,,,,,,P8(Contrabassoon)&P8(Contrabass),P8(Contrabassoon)&P8(Violoncello)
913.0,925.0,P8(Oboe 1),P8(Oboe 2),P8(Flute 1),P8(Flute 2),P8(Violin 1),,,P8(Contrabassoon)&P8(Violoncello)&P8(Contrabass),P8(Bassoon 2)&P8(Violoncello)&P8(Contrabass),P8(E Horn 2)&P8(Timpani),P8(E Horn 1)&U(Timpani),,,,,Main Part,U(Main)&P8(Trombone 3),P8(Main)&P8(Trombone 2),P8(E Horn 1)&U(E Horn 2),P8(A Clarinet 1),,,P8(Bassoon 2)&P8(Contrabassoon)&P8(Contrabass),P8(Bassoon 2)&P8(Contrabassoon)&P8(Violoncello)
925.0,937.0,P3(Flute 2),P3(Flute 1),P3(Oboe 2),P3(Oboe 1),P3(A Clarinet 2)&P5(Contrabassoon)&P8(C Horn 3)&P5(Violoncello)&P5(Contrabass),P3(A Clarinet 1)&P3(C Horn 3),,,P5(A Clarinet 1)&P5(C Horn 3)&P8(Violoncello)&P8(Contrabass),P8(E Horn 2),P8(E Horn 1),P8(A Clarinet 1)&P3(A Clarinet 2)&P5(Contrabassoon)&P5(Violoncello)&P5(Contrabass),,,,Main Part,P8(Main)&P8(Trombone 3),P8(Main)&P8(Trombone 2),,,,,P5(A Clarinet 1)&P8(Contrabassoon)&P5(C Horn 3)&P8(Contrabass),P5(A Clarinet 1)&P8(Contrabassoon)&P5(C Horn 3)&P8(Violoncello)
937.0,940.0,P3(Flute 2)&P8(A Clarinet 1)&P3(A Clarinet 2)&P3(E Trumpet 1)&P3(E Trumpet 2)&P3(Timpani)&P8(Violoncello)&P8(Contrabass),P3(Flute 1)&P3(A Clarinet 1)&P8(A Clarinet 2)&P8(E Trumpet 1)&P8(E Trumpet 2)&P8(Timpani)&P3(Violoncello)&P3(Contrabass),Main Part,P3(Main)&P3(Bassoon 1)&P8(Bassoon 2),P8(Flute 1)&P3(Flute 2)&P3(A Clarinet 2)&P3(E Trumpet 1)&P3(E Trumpet 2)&P3(Timpani)&P8(Violoncello)&P8(Contrabass),P3(Flute 1)&P8(Flute 2)&P3(A Clarinet 1)&U(E Trumpet 1)&P8(E Trumpet 2)&P8(Timpani)&P3(Violoncello)&P3(Contrabass),P8(Main)&P3(Oboe 2)&P3(Bassoon 2),P3(Main)&P8(Oboe 2)&P3(Bassoon 1),,P8(E Horn 2),P8(E Horn 1),,,P3(Flute 1)&P8(Flute 2)&P3(A Clarinet 1)&U(A Clarinet 2)&P8(E Trumpet 2)&P8(Timpani)&P3(Violoncello)&P3(Contrabass),P3(Flute 1)&P8(Flute 2)&P3(A Clarinet 1)&P8(A Clarinet 2)&P8(E Trumpet 1)&P8(Timpani)&P3(Violoncello)&P3(Contrabass),,,,P3(Flute 1)&P8(Flute 2)&P3(A Clarinet 1)&P8(A Clarinet 2)&P8(E Trumpet 1)&P8(E Trumpet 2)&P3(Violoncello)&P3(Contrabass),P3(Violin 2),P3(Violin 1),,P8(Flute 1)&P3(Flute 2)&P8(A Clarinet 1)&P3(A Clarinet 2)&P3(E Trumpet 1)&P3(E Trumpet 2)&P3(Timpani)&P8(Contrabass),P8(Flute 1)&P3(Flute 2)&P8(A Clarinet 1)&P3(A Clarinet 2)&P3(E Trumpet 1)&P3(E Trumpet 2)&P3(Timpani)&P8(Violoncello)
940.0,943.0,P3(Main)&P8(A Clarinet 1)&P3(A Clarinet 2),Main Part,P2(Oboe 2)&P8(Bassoon 1)&P2(Bassoon 2)&P5(E Horn 1)&P5(E Horn 2),P2(Oboe 1)&P2(Bassoon 1)&P8(Bassoon 2)&P4(E Horn 1)&P4(E Horn 2),P8(Flute 1)&P3(Main)&P3(A Clarinet 2),P3(Flute 1)&P8(Main)&P3(A Clarinet 1),P8(Oboe 1)&P2(Oboe 2)&P2(Bassoon 2)&P5(E Horn 1)&P5(E Horn 2),P2(Oboe 1)&P8(Oboe 2)&P2(Bassoon 1)&P4(E Horn 1)&P4(E Horn 2),,P5(Oboe 1)&P4(Oboe 2)&P5(Bassoon 1)&P4(Bassoon 2)&P8(E Horn 2),P5(Oboe 1)&P4(Oboe 2)&P5(Bassoon 1)&P4(Bassoon 2)&P8(E Horn 1),,,P8(E Trumpet 2)&P8(Timpani),P8(E Trumpet 1)&P8(Timpani),,,,P8(E Trumpet 1)&P8(E Trumpet 2),,U(Viola),U(Violin 2),P8(Contrabass),P8(Violoncello)
943.0,946.0,P3(Flute 2)&P8(A Clarinet 1)&P3(A Clarinet 2)&P8(E Trumpet 1)&P8(E Trumpet 2)&P7(Violoncello)&P7(Contrabass),P3(Flute 1)&P3(A Clarinet 1)&P8(A Clarinet 2)&P3(E Trumpet 1)&P3(E Trumpet 2)&P5(Violoncello)&P5(Contrabass),Main Part,P8(Bassoon 2),P8(Flute 1)&P3(Flute 2)&P3(A Clarinet 2)&U(E Trumpet 1)&P8(E Trumpet 2)&P7(Violoncello)&P7(Contrabass),P3(Flute 1)&P8(Flute 2)&P3(A Clarinet 1)&P3(E Trumpet 1)&P3(E Trumpet 2)&P5(Violoncello)&P5(Contrabass),P8(Main),P8(Oboe 2),,P8(E Horn 2),P8(E Horn 1),,,P8(Flute 1)&P3(Flute 2)&U(A Clarinet 1)&P3(A Clarinet 2)&P8(E Trumpet 2)&P7(Violoncello)&P7(Contrabass),P8(Flute 1)&P3(Flute 2)&P8(A Clarinet 1)&P3(A Clarinet 2)&P8(E Trumpet 1)&P7(Violoncello)&P7(Contrabass),,,,,,,,P7(Flute 1)&P5(Flute 2)&P7(A Clarinet 1)&P5(A Clarinet 2)&P7(E Trumpet 1)&P7(E Trumpet 2)&P8(Contrabass),P7(Flute 1)&P5(Flute 2)&P7(A Clarinet 1)&P5(A Clarinet 2)&P7(E Trumpet 1)&P7(E Trumpet 2)&P8(Violoncello)
946.0,949.0,P8(A Clarinet 1),Main Part,P3(Oboe 2)&P3(Bassoon 1)&P8(Bassoon 2)&P5(E Horn 1)&P5(E Horn 2),P3(Oboe 1)&P8(Bassoon 1)&P3(Bassoon 2)&P3(E Horn 1)&P3(E Horn 2),P8(Flute 1),P8(Main),P3(Oboe 1)&P8(Oboe 2)&P3(Bassoon 2)&P3(E Horn 1)&P3(E Horn 2),P8(Oboe 1)&P3(Oboe 2)&P3(Bassoon 1)&P5(E Horn 1)&P5(E Horn 2),,P5(Oboe 1)&P3(Oboe 2)&P3(Bassoon 1)&P5(Bassoon 2)&P8(E Horn 2),P5(Oboe 1)&P3(Oboe 2)&P3(Bassoon 1)&P5(Bassoon 2)&P8(E Horn 1),,,P8(E Trumpet 2)&P8(Timpani),P8(E Trumpet 1)&P8(Timpani),,,,P8(E Trumpet 1)&P8(E Trumpet 2),P8(Viola),,P8(Violin 1),P8(Contrabass),P8(Violoncello)
949.0,952.0,P3(Flute 2)&P3(A Clarinet 1)&P8(A Clarinet 2)&P3(E Trumpet 1)&P3(E Trumpet 2)&P3(Timpani)&P8(Violoncello)&P8(Contrabass),P3(Flute 1)&U(A Clarinet 1)&P3(A Clarinet 2)&P8(E Trumpet 1)&P8(E Trumpet 2)&P8(Timpani)&P3(Violoncello)&P3(Contrabass),Main Part,P3(Main)&P8(Bassoon 1)&P3(Bassoon 2),P3(Flute 1)&U(Flute 2)&P3(A Clarinet 2)&P8(E Trumpet 1)&P8(E Trumpet 2)&P8(Timpani)&P3(Violoncello)&P3(Contrabass),P8(Flute 1)&P3(Flute 2)&P3(A Clarinet 1)&P3(E Trumpet 1)&P3(E Trumpet 2)&P3(Timpani)&P8(Violoncello)&P8(Contrabass),P3(Main)&P8(Oboe 2)&P3(Bassoon 2),P8(Main)&P3(Oboe 2)&P3(Bassoon 1),,P8(E Horn 2),P8(E Horn 1),,,P3(Flute 1)&P8(Flute 2)&P8(A Clarinet 1)&P3(A Clarinet 2)&P8(E Trumpet 2)&P8(Timpani)&P3(Violoncello)&P3(Contrabass),P3(Flute 1)&P8(Flute 2)&P8(A Clarinet 1)&P3(A Clarinet 2)&P8(E Trumpet 1)&P8(Timpani)&P3(Violoncello)&P3(Contrabass),,,,P3(Flute 1)&P8(Flute 2)&P8(A Clarinet 1)&P3(A Clarinet 2)&P8(E Trumpet 1)&P8(E Trumpet 2)&P3(Violoncello)&P3(Contrabass),,P3(Viola),P3(Violin 2),P8(Flute 1)&P3(Flute 2)&P3(A Clarinet 1)&P8(A Clarinet 2)&P3(E Trumpet 1)&P3(E Trumpet 2)&P3(Timpani)&P8(Contrabass),P8(Flute 1)&P3(Flute 2)&P3(A Clarinet 1)&P8(A Clarinet 2)&P3(E Trumpet 1)&P3(E Trumpet 2)&P3(Timpani)&P8(Violoncello)
952.0,955.0,P3(Main)&P3(A Clarinet 1)&P8(A Clarinet 2),Main Part,P2(Oboe 2)&P8(Bassoon 1)&P2(Bassoon 2)&P4(E Horn 1)&P4(E Horn 2),P2(Oboe 1)&P2(Bassoon 1)&P8(Bassoon 2)&P5(E Horn 1)&P5(E Horn 2),P3(Flute 1)&U(Main)&P3(A Clarinet 2),P8(Flute 1)&P3(Main)&P3(A Clarinet 1),P8(Oboe 1)&P2(Oboe 2)&P2(Bassoon 2)&P4(E Horn 1)&P4(E Horn 2),P2(Oboe 1)&P8(Oboe 2)&P2(Bassoon 1)&P5(E Horn 1)&P5(E Horn 2),,P4(Oboe 1)&P5(Oboe 2)&P4(Bassoon 1)&P5(Bassoon 2)&P8(E Horn 2),P4(Oboe 1)&P5(Oboe 2)&P4(Bassoon 1)&P5(Bassoon 2)&P8(E Horn 1),,,P8(E Trumpet 2)&P8(Timpani),P8(E Trumpet 1)&P8(Timpani),,,,P8(E Trumpet 1)&P8(E Trumpet 2),U(Violin 2),U(Violin 1),,P8(Contrabass),P8(Violoncello)
955.0,958.0,P5(Flute 2)&P8(A Clarinet 1)&P5(A Clarinet 2)&P5(E Trumpet 1)&P5(E Trumpet 2)&P5(Timpani)&P3(Violoncello)&P3(Contrabass),P5(Flute 1)&P5(A Clarinet 1)&P8(A Clarinet 2)&P8(E Trumpet 1)&P8(E Trumpet 2)&P8(Timpani)&P7(Violoncello)&P7(Contrabass),Main Part,P8(Bassoon 2),P8(Flute 1)&P5(Flute 2)&P5(A Clarinet 2)&P5(E Trumpet 1)&P5(E Trumpet 2)&P5(Timpani)&P3(Violoncello)&P3(Contrabass),P5(Flute 1)&P8(Flute 2)&P5(A Clarinet 1)&U(E Trumpet 1)&P8(E Trumpet 2)&P8(Timpani)&P7(Violoncello)&P7(Contrabass),P8(Main),P8(Oboe 2),,P8(E Horn 2),P8(E Horn 1),,,P5(Flute 1)&P8(Flute 2)&P5(A Clarinet 1)&U(A Clarinet 2)&P8(E Trumpet 2)&P8(Timpani)&P7(Violoncello)&P7(Contrabass),P5(Flute 1)&P8(Flute 2)&P5(A Clarinet 1)&P8(A Clarinet 2)&P8(E Trumpet 1)&P8(Timpani)&P7(Violoncello)&P7(Contrabass),,,,P5(Flute 1)&P8(Flute 2)&P5(A Clarinet 1)&P8(A Clarinet 2)&P8(E Trumpet 1)&P8(E Trumpet 2)&P7(Violoncello)&P7(Contrabass),,,,P3(Flute 1)&P7(Flute 2)&P3(A Clarinet 1)&P7(A Clarinet 2)&P7(E Trumpet 1)&P7(E Trumpet 2)&P7(Timpani)&P8(Contrabass),P3(Flute 1)&P7(Flute 2)&P3(A Clarinet 1)&P7(A Clarinet 2)&P7(E Trumpet 1)&P7(E Trumpet 2)&P7(Timpani)&P8(Violoncello)
958.0,961.0,P8(A Clarinet 1),Main Part,U(Oboe 2)&P3(Bassoon 1)&P3(Bassoon 2),U(Oboe 1)&P3(Bassoon 1)&P3(Bassoon 2),P8(Flute 1),P8(Main),P3(Oboe 1)&P3(Oboe 2)&U(Bassoon 2),P3(Oboe 1)&P3(Oboe 2)&U(Bassoon 1),,,,,,P8(E Trumpet 2),P8(E Trumpet 1),,,,,,,,P8(Contrabass),P8(Violoncello)
961.0,968.0,Main Part,P8(Oboe 2)&P8(A Clarinet 1),P8(Main)&P8(A Clarinet 2),P8(Flute 2)&U(A Clarinet 1),P8(Flute 2)&U(Oboe 2),P8(Main)&P8(Oboe 1),,P3(Violin 2),P3(E Horn 1)&P3(E Horn 2)&P5(C Horn 3)&P8(C Horn 4)&P3(E Trumpet 1)&P3(E Trumpet 2)&P3(Trombone 1)&P8(Trombone 2)&P8(Trombone 3)&P3(Timpani)&P7(Violin 1)&P8(Violoncello)&U(Contrabass),P3(Contrabassoon)&P8(E Horn 2)&P3(C Horn 3)&P3(C Horn 4)&P8(E Trumpet 1)&U(E Trumpet 2)&U(Trombone 1)&P3(Trombone 2)&P3(Trombone 3)&P8(Timpani)&P5(Violin 1)&P3(Violoncello)&P3(Contrabass),P3(Contrabassoon)&P8(E Horn 1)&P3(C Horn 3)&P3(C Horn 4)&P8(E Trumpet 1)&P8(E Trumpet 2)&P8(Trombone 1)&P3(Trombone 2)&P3(Trombone 3)&U(Timpani)&P5(Violin 1)&P3(Violoncello)&P3(Contrabass),P5(Contrabassoon)&P3(E Horn 1)&P3(E Horn 2)&P5(C Horn 4)&P3(E Trumpet 1)&P3(E Trumpet 2)&P3(Trombone 1)&P5(Trombone 2)&P5(Trombone 3)&P3(Timpani)&P3(Violin 1)&P5(Violoncello)&P5(Contrabass),P8(Contrabassoon)&P3(E Horn 1)&P3(E Horn 2)&P5(C Horn 3)&P3(E Trumpet 1)&P3(E Trumpet 2)&P3(Trombone 1)&U(Trombone 2)&U(Trombone 3)&P3(Timpani)&P7(Violin 1)&U(Violoncello)&P8(Contrabass),P3(Contrabassoon)&P8(E Horn 1)&P8(E Horn 2)&P3(C Horn 3)&P3(C Horn 4)&P8(E Trumpet 2)&P8(Trombone 1)&P3(Trombone 2)&P3(Trombone 3)&P8(Timpani)&P5(Violin 1)&P3(Violoncello)&P3(Contrabass),P3(Contrabassoon)&U(E Horn 1)&P8(E Horn 2)&P3(C Horn 3)&P3(C Horn 4)&P8(E Trumpet 1)&U(Trombone 1)&P3(Trombone 2)&P3(Trombone 3)&P8(Timpani)&P5(Violin 1)&P3(Violoncello)&P3(Contrabass),P3(Contrabassoon)&U(E Horn 1)&P8(E Horn 2)&P3(C Horn 3)&P3(C Horn 4)&P8(E Trumpet 1)&U(E Trumpet 2)&P3(Trombone 2)&P3(Trombone 3)&P8(Timpani)&P5(Violin 1)&P3(Violoncello)&P3(Contrabass),P8(Contrabassoon)&P3(E Horn 1)&P3(E Horn 2)&P5(C Horn 3)&U(C Horn 4)&P3(E Trumpet 1)&P3(E Trumpet 2)&P3(Trombone 1)&U(Trombone 3)&P3(Timpani)&P7(Violin 1)&U(Violoncello)&P8(Contrabass),P8(Contrabassoon)&P3(E Horn 1)&P3(E Horn 2)&P5(C Horn 3)&U(C Horn 4)&P3(E Trumpet 1)&P3(E Trumpet 2)&P3(Trombone 1)&U(Trombone 2)&P3(Timpani)&P7(Violin 1)&U(Violoncello)&P8(Contrabass),P3(Contrabassoon)&P8(E Horn 1)&U(E Horn 2)&P3(C Horn 3)&P3(C Horn 4)&P8(E Trumpet 1)&P8(E Trumpet 2)&P8(Trombone 1)&P3(Trombone 2)&P3(Trombone 3)&P5(Violin 1)&P3(Violoncello)&P3(Contrabass),P7(Contrabassoon)&P5(E Horn 1)&P5(E Horn 2)&P3(C Horn 3)&P7(C Horn 4)&P5(E Trumpet 1)&P5(E Trumpet 2)&P5(Trombone 1)&P7(Trombone 2)&P7(Trombone 3)&P5(Timpani)&P7(Violoncello)&P7(Contrabass),P3(Bassoon 2),,P8(Contrabassoon)&P3(E Horn 1)&P3(E Horn 2)&P5(C Horn 3)&U(C Horn 4)&P3(E Trumpet 1)&P3(E Trumpet 2)&P3(Trombone 1)&U(Trombone 2)&U(Trombone 3)&P3(Timpani)&P7(Violin 1)&P8(Contrabass),U(Contrabassoon)&P3(E Horn 1)&P3(E Horn 2)&P5(C Horn 3)&P8(C Horn 4)&P3(E Trumpet 1)&P3(E Trumpet 2)&P3(Trombone 1)&P8(Trombone 2)&P8(Trombone 3)&P3(Timpani)&P7(Violin 1)&P8(Violoncello)
968.0,973.0,P8(Oboe 1)&P8(A Clarinet 2),P8(Oboe 2)&P8(A Clarinet 1),P8(Flute 1)&P8(A Clarinet 2),P8(Flute 2)&U(A Clarinet 1),P8(Flute 2)&U(Oboe 2),P8(Flute 1)&P8(Oboe 1),U(Bassoon 2),U(Bassoon 1),P8(C Horn 4)&P8(Trombone 3)&P8(Violoncello)&U(Contrabass),P8(E Horn 2)&P8(E Trumpet 1)&P8(E Trumpet 2)&P8(Timpani),P8(E Horn 1)&P8(E Trumpet 1)&P8(E Trumpet 2)&U(Timpani),,P8(Contrabassoon)&U(Trombone 3)&U(Violoncello)&P8(Contrabass),P8(E Horn 1)&P8(E Horn 2)&P8(E Trumpet 2)&P8(Timpani),P8(E Horn 1)&P8(E Horn 2)&P8(E Trumpet 1)&P8(Timpani),,,P8(Contrabassoon)&U(C Horn 4)&U(Violoncello)&P8(Contrabass),P8(E Horn 1)&U(E Horn 2)&P8(E Trumpet 1)&P8(E Trumpet 2),Main Part,,,P8(Contrabassoon)&U(C Horn 4)&U(Trombone 3)&P8(Contrabass),U(Contrabassoon)&P8(C Horn 4)&P8(Trombone 3)&P8(Violoncello)
973.0,980.0,Main Part,P8(Oboe 2)&P8(A Clarinet 1),P8(Main)&P8(A Clarinet 2),P8(Flute 2)&U(A Clarinet 1),P8(Flute 2)&U(Oboe 2),P8(Main)&P8(Oboe 1),,,P2(E Horn 1)&P2(E Horn 2)&P2(E Trumpet 1)&P2(E Trumpet 2)&P2(Trombone 1)&P4(Trombone 2)&P8(Trombone 3)&P2(Timpani)&P4(Violin 1)&P8(Violoncello)&U(Contrabass),P2(Contrabassoon)&P8(E Horn 2)&P8(E Trumpet 1)&U(E Trumpet 2)&U(Trombone 1)&P3(Trombone 2)&P2(Trombone 3)&P8(Timpani)&P5(Violin 1)&P2(Violoncello)&P2(Contrabass),P2(Contrabassoon)&P8(E Horn 1)&P8(E Trumpet 1)&P8(E Trumpet 2)&P8(Trombone 1)&P3(Trombone 2)&P2(Trombone 3)&U(Timpani)&P5(Violin 1)&P2(Violoncello)&P2(Contrabass),U(C Horn 4),U(C Horn 3),P2(Contrabassoon)&P8(E Horn 1)&P8(E Horn 2)&P8(E Trumpet 2)&P8(Trombone 1)&P3(Trombone 2)&P2(Trombone 3)&P8(Timpani)&P5(Violin 1)&P2(Violoncello)&P2(Contrabass),P2(Contrabassoon)&U(E Horn 1)&P8(E Horn 2)&P8(E Trumpet 1)&U(Trombone 1)&P3(Trombone 2)&P2(Trombone 3)&P8(Timpani)&P5(Violin 1)&P2(Violoncello)&P2(Contrabass),P2(Contrabassoon)&U(E Horn 1)&P8(E Horn 2)&P8(E Trumpet 1)&U(E Trumpet 2)&P3(Trombone 2)&P2(Trombone 3)&P8(Timpani)&P5(Violin 1)&P2(Violoncello)&P2(Contrabass),P4(Contrabassoon)&P3(E Horn 1)&P3(E Horn 2)&P3(E Trumpet 1)&P3(E Trumpet 2)&P3(Trombone 1)&P4(Trombone 3)&P3(Timpani)&P7(Violin 1)&P4(Violoncello)&P4(Contrabass),P8(Contrabassoon)&P2(E Horn 1)&P2(E Horn 2)&P2(E Trumpet 1)&P2(E Trumpet 2)&P2(Trombone 1)&P4(Trombone 2)&P2(Timpani)&P4(Violin 1)&U(Violoncello)&P8(Contrabass),P2(Contrabassoon)&P8(E Horn 1)&U(E Horn 2)&P8(E Trumpet 1)&P8(E Trumpet 2)&P8(Trombone 1)&P3(Trombone 2)&P2(Trombone 3)&P5(Violin 1)&P2(Violoncello)&P2(Contrabass),P4(Contrabassoon)&P5(E Horn 1)&P5(E Horn 2)&P5(E Trumpet 1)&P5(E Trumpet 2)&P5(Trombone 1)&P7(Trombone 2)&P4(Trombone 3)&P5(Timpani)&P4(Violoncello)&P4(Contrabass),P3(Viola),P3(Violin 2),P8(Contrabassoon)&P2(E Horn 1)&P2(E Horn 2)&P2(E Trumpet 1)&P2(E Trumpet 2)&P2(Trombone 1)&P4(Trombone 2)&U(Trombone 3)&P2(Timpani)&P4(Violin 1)&P8(Contrabass),U(Contrabassoon)&P2(E Horn 1)&P2(E Horn 2)&P2(E Trumpet 1)&P2(E Trumpet 2)&P2(Trombone 1)&P4(Trombone 2)&P8(Trombone 3)&P2(Timpani)&P4(Violin 1)&P8(Violoncello)
980.0,985.0,P3(Flute 2)&P8(Oboe 1)&P3(Oboe 2),P3(Flute 1)&P3(Oboe 1)&P8(Oboe 2),P8(Flute 1)&P3(Flute 2)&P3(Oboe 2),P3(Flute 1)&P8(Flute 2)&P3(Oboe 1),P3(A Clarinet 2),P3(A Clarinet 1),,,P8(Trombone 3)&P8(Violoncello)&U(Contrabass),P8(E Horn 2)&P8(E Trumpet 1)&U(E Trumpet 2)&P8(Timpani),P8(E Horn 1)&P8(E Trumpet 1)&P8(E Trumpet 2)&U(Timpani),,,P8(E Horn 1)&P8(E Horn 2)&P8(E Trumpet 2)&P8(Timpani),U(E Horn 1)&P8(E Horn 2)&P8(E Trumpet 1)&P8(Timpani),,,P8(Contrabassoon)&P8(Violoncello)&P8(Contrabass),P8(E Horn 1)&U(E Horn 2)&P8(E Trumpet 1)&P8(E Trumpet 2),Main Part,,,P8(Contrabassoon)&P8(Trombone 3)&P8(Contrabass),U(Contrabassoon)&P8(Trombone 3)&P8(Violoncello)
985.0,998.0,Main Part,,,,,,P8(Bassoon 2)&P8(Contrabassoon)&U(Violoncello)&P8(Contrabass),P8(Bassoon 1)&U(Contrabassoon)&P8(Violoncello)&U(Contrabass),P8(Bassoon 1)&U(Bassoon 2)&P8(Violoncello)&U(Contrabass),P8(E Trumpet 1),P8(E Trumpet 2),,,P8(E Horn 1),P8(E Horn 2),,,,,,,,U(Bassoon 1)&P8(Bassoon 2)&P8(Contrabassoon)&P8(Contrabass),P8(Bassoon 1)&U(Bassoon 2)&U(Contrabassoon)&P8(Violoncello)
998.0,1001.0,Main Part,P8(Oboe 2)&P8(C Horn 3),,P8(Flute 2)&P8(C Horn 3),P8(Main)&P3(A Clarinet 2)&P8(Trombone 1)&P3(Trombone 2)&U(Violin 2),P3(Main)&P3(A Clarinet 1)&P3(Trombone 1)&P8(Trombone 2)&P3(Violin 2),P8(Bassoon 2)&P8(Contrabassoon)&U(Violoncello)&P8(Contrabass),P8(Bassoon 1)&U(Contrabassoon)&P8(Violoncello)&U(Contrabass),P8(Bassoon 1)&U(Bassoon 2)&P8(Violoncello)&U(Contrabass),P8(E Horn 2)&P8(C Horn 4)&P8(E Trumpet 1)&U(E Trumpet 2)&P8(Trombone 3)&P8(Timpani),P8(E Horn 1)&P8(C Horn 4)&P8(E Trumpet 1)&P8(E Trumpet 2)&P8(Trombone 3)&U(Timpani),P8(Flute 2)&P8(Oboe 2),P8(E Horn 1)&P8(E Horn 2)&P8(E Trumpet 1)&P8(E Trumpet 2)&P8(Trombone 3)&P8(Timpani),P8(E Horn 1)&P8(E Horn 2)&P8(C Horn 4)&P8(E Trumpet 2)&P8(Trombone 3)&P8(Timpani),U(E Horn 1)&P8(E Horn 2)&P8(C Horn 4)&P8(E Trumpet 1)&P8(Trombone 3)&P8(Timpani),P8(Main)&P8(A Clarinet 1)&P3(A Clarinet 2)&P3(Trombone 2)&P8(Violin 2),P3(Main)&P3(A Clarinet 1)&P8(A Clarinet 2)&P3(Trombone 1)&P3(Violin 2),P8(E Horn 1)&P8(E Horn 2)&P8(C Horn 4)&P8(E Trumpet 1)&P8(E Trumpet 2)&P8(Timpani),P8(E Horn 1)&U(E Horn 2)&P8(C Horn 4)&P8(E Trumpet 1)&P8(E Trumpet 2)&P8(Trombone 3),P8(Viola),P8(Main)&U(A Clarinet 1)&P3(A Clarinet 2)&P8(Trombone 1)&P3(Trombone 2),P8(Violin 1),U(Bassoon 1)&P8(Bassoon 2)&P8(Contrabassoon)&P8(Contrabass),P8(Bassoon 1)&U(Bassoon 2)&U(Contrabassoon)&P8(Violoncello)
1001.0,1004.0,Main Part,P8(Oboe 2)&P8(C Horn 3),,P8(Flute 2)&P8(C Horn 3),,,P8(Bassoon 2)&P8(Contrabassoon)&U(Violoncello)&P8(Contrabass),P8(Bassoon 1)&U(Contrabassoon)&P8(Violoncello)&U(Contrabass),P8(Bassoon 1)&U(Bassoon 2)&P8(Violoncello)&U(Contrabass),P8(E Horn 2)&P8(E Trumpet 1)&U(E Trumpet 2)&P8(Trombone 3)&P8(Timpani),P8(E Horn 1)&P8(E Trumpet 1)&P8(E Trumpet 2)&P8(Trombone 3)&U(Timpani),P8(Flute 2)&P8(Oboe 2),,P8(E Horn 1)&P8(E Horn 2)&P8(E Trumpet 2)&P8(Trombone 3)&P8(Timpani),U(E Horn 1)&P8(E Horn 2)&P8(E Trumpet 1)&P8(Trombone 3)&P8(Timpani),P8(Main)&P8(Violin 2),,P8(E Horn 1)&P8(E Horn 2)&P8(E Trumpet 1)&P8(E Trumpet 2)&P8(Timpani),P8(E Horn 1)&U(E Horn 2)&P8(E Trumpet 1)&P8(E Trumpet 2)&P8(Trombone 3),P8(Viola),P8(Main)&P8(Trombone 1),P8(Violin 1),U(Bassoon 1)&P8(Bassoon 2)&P8(Contrabassoon)&P8(Contrabass),P8(Bassoon 1)&U(Bassoon 2)&U(Contrabassoon)&P8(Violoncello)
1004.0,1007.0,Main Part,P8(Oboe 2)&P8(Trombone 2),P8(Main)&P8(A Clarinet 2)&P8(Trombone 1)&U(Violin 2),P8(Flute 2)&P8(Trombone 2),P8(C Horn 3),P8(Main)&P8(Oboe 1)&U(Trombone 1)&P8(Violin 2),P8(Bassoon 2)&P8(Contrabassoon)&U(Violoncello)&P8(Contrabass),P8(Bassoon 1)&U(Contrabassoon)&P8(Violoncello)&U(Contrabass),P8(Bassoon 1)&U(Bassoon 2)&P8(Violoncello)&U(Contrabass),P8(E Horn 2)&P8(E Trumpet 1)&U(E Trumpet 2)&P8(Trombone 3)&P8(Timpani),P8(E Horn 1)&P8(E Trumpet 1)&P8(E Trumpet 2)&P8(Trombone 3)&U(Timpani),P8(A Clarinet 1),,P8(E Horn 1)&P8(E Horn 2)&P8(E Trumpet 2)&P8(Trombone 3)&P8(Timpani),U(E Horn 1)&P8(E Horn 2)&P8(E Trumpet 1)&P8(Trombone 3)&P8(Timpani),P8(Main)&P8(Oboe 1)&U(A Clarinet 2)&P8(Violin 2),P8(Flute 2)&P8(Oboe 2),P8(E Horn 1)&P8(E Horn 2)&P8(E Trumpet 1)&P8(E Trumpet 2)&P8(Timpani),P8(E Horn 1)&U(E Horn 2)&P8(E Trumpet 1)&P8(E Trumpet 2)&P8(Trombone 3),P8(Viola),P8(Main)&U(Oboe 1)&P8(A Clarinet 2)&P8(Trombone 1),P8(Violin 1),U(Bassoon 1)&P8(Bassoon 2)&P8(Contrabassoon)&P8(Contrabass),P8(Bassoon 1)&U(Bassoon 2)&U(Contrabassoon)&P8(Violoncello)
1007.0,1009.0,Main Part,P8(Oboe 2)&P8(Trombone 2),P8(Main)&P8(A Clarinet 2)&P8(Trombone 1)&U(Violin 2),P8(Flute 2)&P8(Trombone 2),P8(C Horn 3),P8(Main)&P8(Oboe 1)&U(Trombone 1)&P8(Violin 2),P8(Bassoon 2)&P8(Contrabassoon)&U(Violoncello)&P8(Contrabass),P8(Bassoon 1)&U(Contrabassoon)&P8(Violoncello)&U(Contrabass),P8(Bassoon 1)&U(Bassoon 2)&P8(Violoncello)&U(Contrabass),P8(E Horn 2)&P8(E Trumpet 1)&U(E Trumpet 2)&P8(Trombone 3)&P8(Timpani),P8(E Horn 1)&P8(E Trumpet 1)&P8(E Trumpet 2)&P8(Trombone 3)&U(Timpani),P8(A Clarinet 1),,P8(E Horn 1)&P8(E Horn 2)&P8(E Trumpet 2)&P8(Trombone 3)&P8(Timpani),U(E Horn 1)&P8(E Horn 2)&P8(E Trumpet 1)&P8(Trombone 3)&P8(Timpani),P8(Main)&P8(Oboe 1)&U(A Clarinet 2)&P8(Violin 2),P8(Flute 2)&P8(Oboe 2),P8(E Horn 1)&P8(E Horn 2)&P8(E Trumpet 1)&P8(E Trumpet 2)&P8(Timpani),P8(E Horn 1)&U(E Horn 2)&P8(E Trumpet 1)&P8(E Trumpet 2)&P8(Trombone 3),P8(Viola),P8(Main)&U(Oboe 1)&P8(A Clarinet 2)&P8(Trombone 1),P8(Violin 1),U(Bassoon 1)&P8(Bassoon 2)&P8(Contrabassoon)&P8(Contrabass),P8(Bassoon 1)&U(Bassoon 2)&U(Contrabassoon)&P8(Violoncello)
1009.0,1026.0,P8(Oboe 1),,P8(Flute 1),,,,Main Part,P8(Main)&P8(Contrabassoon)&P8(Violoncello)&P8(Contrabass),P8(Main)&P8(Bassoon 2)&P8(Violoncello)&U(Contrabass),P8(E Horn 2)&P8(E Trumpet 1)&U(E Trumpet 2)&P8(Trombone 3)&P8(Timpani),P8(E Horn 1)&P8(E Trumpet 1)&P8(E Trumpet 2)&P8(Trombone 3)&U(Timpani),,,P8(E Horn 1)&P8(E Horn 2)&P8(E Trumpet 2)&P8(Trombone 3)&P8(Timpani),U(E Horn 1)&P8(E Horn 2)&P8(E Trumpet 1)&P8(Trombone 3)&P8(Timpani),,,P8(E Horn 1)&P8(E Horn 2)&P8(E Trumpet 1)&P8(E Trumpet 2)&P8(Timpani),P8(E Horn 1)&U(E Horn 2)&P8(E Trumpet 1)&P8(E Trumpet 2)&P8(Trombone 3),,,,U(Main)&P8(Bassoon 2)&P8(Contrabassoon)&P8(Contrabass),P8(Main)&P8(Bassoon 2)&U(Contrabassoon)&P8(Violoncello)
