qstamp,tstamp,measure,beat,Flute 1,Flute 2,Oboe 1,Oboe 2,A Clarinet 1,A Clarinet 2,Bassoon 1,Bassoon 2,"B basso Horn 1 [sic, B not Bb]","B basso Horn 2 [sic, B not Bb]","B Trumpet 1 [sic, B not Bb]","B Trumpet 2 [sic, B not Bb]",Trombone 1,Trombone 2,Trombone 3,Tuba,Timpani,Violin 1,Violin 2,Viola,Violoncello,Contrabass
0.0,0.0,1,4.0,r,r,r,r,r,r,F#2,F#2,F#4,F#3,r,r,r,r,r,F#2,r,r,r,F#4,F#4,F#2
0.75,0.6338,1,4.75,r,r,r,r,r,r,G#2,G#2,F#4,F#3,r,r,r,r,r,F#2,r,r,r,F#4,F#4,F#2
1.0,0.8451,2,1.0,r,r,r,r,r,r,B-2,B-2,F#4,F#3,r,r,r,r,r,F#2,r,r,r,F#4,E4,F#2
2.0,1.6901,2,2.0,r,r,r,r,r,r,C3,C3,F#4,F#3,r,r,r,r,r,F#2,r,r,r,F#4,E-4,F#2
2.75,2.3239,2,2.75,r,r,r,r,r,r,C#3,C#3,F#4,F#3,r,r,r,r,r,F#2,r,r,r,F#4,C#4,F#2
3.0,2.5352,2,3.0,r,r,r,r,r,r,E-3,E-3,F#4,F#3,r,r,r,r,r,F#2,r,r,r,F#4,C4,F#2
4.0,3.3803,2,4.0,r,r,r,r,r,r,C3,C3,F#4,F#3,r,r,r,r,r,F#2,r,r,r,F#4,F#4,F#2
5.0,4.2254,3,1.0,r,r,r,r,r,r,C#3,C#3,F#4,F#3,r,r,r,r,r,F#2,r,r,r,F#4,E4,F#2
5.5,4.6479,3,1.5,r,r,r,r,r,r,C#3,C#3,F#4,F#3,r,r,r,r,r,F#2,r,r,r,F#4,E4,F#2
5.625,4.7535,3,1.625,r,r,r,r,r,r,E-3,E-3,F#4,F#3,r,r,r,r,r,F#2,r,r,r,F#4,E4,F#2
5.75,4.8592,3,1.75,r,r,r,r,r,r,E3,E3,F#4,F#3,r,r,r,r,r,F#2,r,r,r,F#4,E4,F#2
5.875,4.9648,3,1.875,r,r,r,r,r,r,F#3,F#3,F#4,F#3,r,r,r,r,r,F#2,r,r,r,F#4,E4,F#2
6.0,5.0704,3,2.0,r,r,r,r,r,r,G3,G3,G4,G3,r,r,r,r,r,F#2,r,r,r,E4,C#4,F#2
6.75,5.7042,3,2.75,r,r,r,r,r,r,G3,G3,G4,G3,r,r,r,r,r,F#2,r,r,r,E4,B-3,F#2
7.0,5.9155,3,3.0,r,r,r,r,r,r,F#3,F#3,F#4,F#3,r,r,r,r,r,F#2,r,r,r,E-4,B3,F#2
8.0,6.7606,3,4.0,B4,B4,B4,F#4,r,r,E-3,E-3,r,r,r,r,B3,B3,F#3,E-2,r,r,r,r,B3,E-2
8.75,7.3944,3,4.75,B4,B4,B4,F#4,r,r,E-3,E-3,r,r,r,r,B3,B3,F#3,E-2,r,r,r,r,E4,E-2
9.0,7.6056,4,1.0,E5,E5,B4,G#4,r,r,B2,B2,r,r,r,r,E4,B3,G#3,B1,r,r,r,r,E4,B1
9.5,8.0282,4,1.5,E5,E5,B4,G#4,r,r,B2,B2,r,r,r,r,E4,B3,G#3,B1,r,r,r,r,F#4,B1
10.0,8.4507,4,2.0,E-5,E-5,B4,F#4,r,r,B2,B2,F#4,F#3,r,r,E-4,B3,F#3,B1,r,r,r,r,E-4,B1
10.5,8.8732,4,2.5,E-5,E-5,B4,F#4,r,r,B2,B2,F#4,F#3,r,r,E-4,B3,F#3,B1,r,r,r,r,E4,B1
11.0,9.2958,4,3.0,C#5,C#5,B-4,E4,r,r,B2,B2,F#4,F#3,r,r,C#4,B-3,E3,B1,r,r,r,r,C#4,B1
11.5,9.7183,4,3.5,C#5,C#5,B-4,E4,r,r,B2,B2,F#4,F#3,r,r,C#4,B-3,E3,B1,r,r,r,r,E-4,B1
12.0,10.1408,4,4.0,B4,B4,B4,E-4,r,r,B2,B2,F#4,F#3,r,r,B3,B3,E-3,B1,r,r,r,r,B3,B1
12.5,10.5634,4,4.5,B4,B4,B4,E-4,r,r,B2,B2,F#4,F#3,r,r,B3,B3,E-3,B1,r,r,r,r,F#3,B1
13.0,10.9859,5,1.0,r,r,r,r,r,r,r,r,r,r,r,r,r,r,r,r,r,r,r,r,B3,r
13.5,11.4085,5,1.5,r,r,r,r,r,r,r,r,r,r,r,r,r,r,r,r,r,r,r,r,E-4,r
14.0,11.831,5,2.0,B4,B4,B4,F#4,r,r,B3,F#3,B3,r,r,r,r,r,r,r,r,r,r,r,F#4,E-2
14.75,12.4648,5,2.75,B4,B4,B4,F#4,r,r,B3,F#3,B3,r,r,r,r,r,r,r,r,r,r,r,B3,E-2
15.0,12.6761,5,3.0,E5,E5,B4,E4,r,r,B3,E3,E4,r,r,r,r,r,r,r,r,r,r,r,E4,C#2
16.0,13.5211,5,4.0,E5,E5,B-4,E4,r,r,B-3,E3,E4,r,r,r,r,r,r,r,r,r,r,r,E4,F#1
16.5,13.9437,5,4.5,E5,E5,B-4,E4,r,r,B-3,E3,E4,r,r,r,r,r,r,r,r,r,r,r,C#4,F#1
17.0,14.3662,6,1.0,r,r,r,r,r,r,r,r,r,r,r,r,r,r,r,r,r,r,r,r,F#4,r
17.5,14.7887,6,1.5,r,r,r,r,r,r,r,r,r,r,r,r,r,r,r,r,r,r,r,r,E-4,r
18.0,15.2113,6,2.0,B4,B4,B4,F#4,r,r,B3,F#3,B3,r,r,r,r,r,r,r,r,r,r,r,B4,E-2
18.5,15.6338,6,2.5,B4,B4,B4,F#4,r,r,B3,F#3,B3,r,r,r,r,r,r,r,r,r,r,r,B3,E-2
18.75,15.8451,6,2.75,B4,B4,B4,F#4,r,r,B3,F#3,B3,r,r,r,r,r,r,r,r,r,r,r,E-4,E-2
19.0,16.0563,6,3.0,E5,E5,B4,E4,r,r,B3,E3,E4,r,r,r,r,r,r,r,r,r,r,r,E4,C#2
20.0,16.9014,6,4.0,E5,E5,B-4,E4,r,r,B-3,E3,E4,r,r,r,r,r,r,r,r,r,r,r,E4,F#1
20.5,17.3239,6,4.5,E5,E5,B-4,E4,r,r,B-3,E3,E4,r,r,r,r,r,r,r,r,r,r,r,C#4,F#1
21.0,17.7465,7,1.0,r,r,r,r,r,r,r,r,r,r,r,r,r,r,r,r,r,r,r,r,E-4,r
22.0,18.5915,7,2.0,E-5,E-5,B-4,E-4,r,r,B-2,F#2,E-4,E-3,r,r,r,r,r,r,r,r,r,r,E-4,F#2
22.5,19.0141,7,2.5,E-5,E-5,B-4,E-4,r,r,B-2,F#2,E-4,E-3,r,r,r,r,r,r,r,r,r,r,E-4,F#2
23.0,19.4366,7,3.0,r,r,r,r,r,r,r,r,r,r,r,r,r,r,r,r,r,r,r,r,E4,r
23.5,19.8592,7,3.5,r,r,r,r,r,r,r,r,r,r,r,r,r,r,r,r,r,r,r,r,F#4,r
24.0,20.2817,7,4.0,B4,B4,B4,E4,r,r,E-3,G#2,B3,B2,r,r,r,r,r,r,r,r,r,r,E-4,G#2
24.5,20.7042,7,4.5,B4,B4,B4,E4,r,r,E-3,G#2,B3,B2,r,r,r,r,r,r,r,r,r,r,C#4,G#2
25.0,21.1268,8,1.0,r,r,r,r,r,r,r,r,r,r,r,r,r,r,r,r,r,r,r,r,B3,r
25.5,21.5493,8,1.5,r,r,r,r,r,r,r,r,r,r,r,r,r,r,r,r,r,r,r,r,B-3,r
26.0,21.9718,8,2.0,C#5,C#5,G#4,C#4,r,r,E3,E2,C#4,G#3,r,r,r,r,r,r,r,r,r,r,G#3,E2
26.5,22.3944,8,2.5,C#5,C#5,G#4,C#4,r,r,E3,E2,C#4,G#3,r,r,r,r,r,r,r,r,r,r,C#4,E2
27.0,22.8169,8,3.0,r,r,r,r,r,r,r,r,r,r,r,r,r,r,r,r,r,r,r,r,E-4,r
27.5,23.2394,8,3.5,r,r,r,r,r,r,r,r,r,r,r,r,r,r,r,r,r,r,r,r,E4,r
28.0,23.662,8,4.0,B-4,B-4,B-4,C#4,r,r,C#3,F#2,B-3,F#3,r,r,r,r,r,r,r,r,r,r,C#4,F#2
28.5,24.0845,8,4.5,B-4,B-4,B-4,C#4,r,r,C#3,F#2,B-3,F#3,r,r,r,r,r,r,r,r,r,r,B3,F#2
29.0,24.507,9,1.0,r,r,r,r,r,r,r,r,r,r,r,r,r,r,r,r,r,r,r,r,B-3,r
29.5,24.9296,9,1.5,r,r,r,r,r,r,r,r,r,r,r,r,r,r,r,r,r,r,r,r,G#3,r
30.0,25.3521,9,2.0,B4,B4,B4,F#4,r,r,E-3,E-2,B3,B2,r,r,r,r,r,r,r,r,r,r,F#3,E-2
30.5,25.7746,9,2.5,B4,B4,B4,F#4,r,r,E-3,E-2,B3,B2,r,r,r,r,r,r,r,r,r,r,B3,E-2
31.0,26.1972,9,3.0,r,r,r,r,r,r,r,r,r,r,r,r,r,r,r,r,r,r,r,r,F#4,r
32.0,27.0423,9,4.0,F#5,F#5,B4,F#4,r,r,D3,D2,B3,B2,r,r,r,r,r,r,r,r,r,r,F#4,D2
32.5,27.4648,9,4.5,F#5,F#5,B4,F#4,r,r,D3,D2,B3,B2,r,r,r,r,r,r,r,r,r,r,B3,D2
33.0,27.8873,10,1.0,r,r,r,r,r,r,r,r,r,r,r,r,r,r,r,r,r,r,r,r,G#4,r
34.0,28.7324,10,2.0,F5,F5,B4,F4,r,r,C#3,C#2,B3,G#3,r,r,r,r,r,r,r,r,r,r,G#4,C#2
34.5,29.1549,10,2.5,F5,F5,B4,F4,r,r,C#3,C#2,B3,G#3,r,r,r,r,r,r,r,r,r,r,B4,C#2
35.0,29.5775,10,3.0,F5,F5,B4,F4,r,r,C#3,C#2,B3,G#3,r,r,r,r,r,r,r,r,r,r,B-4,C#2
35.5,30.0,10,3.5,F5,F5,B4,F4,r,r,C#3,C#2,B3,G#3,r,r,r,r,r,r,r,r,r,r,G#4,C#2
36.0,30.4225,10,4.0,G#5,G#5,B4,G#4,r,r,B3,C#3,B3,G#3,r,r,r,r,r,r,r,r,r,r,E-4,C#3
36.75,31.0563,10,4.75,G#5,G#5,B4,G#4,r,r,B3,C#3,B3,G#3,r,r,r,r,r,r,r,r,r,r,F4,C#3
37.0,31.2676,11,1.0,r,r,r,r,r,r,r,r,r,r,r,r,r,r,r,r,r,r,r,r,F4,r
38.0,32.1127,11,2.0,F#5,D5,A4,F#4,r,r,A3,D3,r,r,r,r,r,r,r,r,r,r,r,r,F#4,D2
39.0,32.9577,11,3.0,G5,B-4,B-4,G4,r,r,B-3,C#3,r,r,r,r,r,r,r,r,r,r,r,r,F#4,C#2
39.5,33.3803,11,3.5,G5,B-4,B-4,G4,r,r,B-3,C#3,r,r,r,r,r,r,r,r,r,r,r,r,E4,C#2
40.0,33.8028,11,4.0,G5,B-4,B-4,G4,r,r,B-3,C#3,r,r,r,r,r,r,r,r,r,r,r,r,B-3,C#2
40.5,34.2254,11,4.5,G5,B-4,B-4,G4,r,r,B-3,C#3,r,r,r,r,r,r,r,r,r,r,r,r,E4,C#2
41.0,34.6479,12,1.0,r,r,r,r,r,r,r,r,r,r,r,r,r,r,r,r,r,r,r,r,E4,r
42.0,35.493,12,2.0,F#5,A4,A4,F#4,r,r,A3,D3,r,r,r,r,r,r,r,r,r,r,r,r,F#4,D2
43.0,36.338,12,3.0,B-5,G5,B-4,G4,r,r,E4,C#3,r,r,r,r,r,r,r,r,r,r,r,r,F#4,C#2
43.5,36.7606,12,3.5,B-5,G5,B-4,G4,r,r,E4,C#3,r,r,r,r,r,r,r,r,r,r,r,r,E4,C#2
44.0,37.1831,12,4.0,B-5,G5,B-4,G4,r,r,E4,C#3,r,r,r,r,r,r,r,r,r,r,r,r,B-3,C#2
44.75,37.8169,12,4.75,B-5,G5,B-4,G4,r,r,E4,C#3,r,r,r,r,r,r,r,r,r,r,r,r,G4,C#2
45.0,38.0282,13,1.0,r,r,r,r,r,r,r,r,r,r,r,r,r,r,r,r,r,r,r,r,G4,r
46.0,38.8732,13,2.0,A5,D5,A4,D4,r,r,A3,D3,r,r,r,r,r,r,r,r,r,r,r,r,G4,D2
46.5,39.2958,13,2.5,A5,D5,A4,D4,r,r,A3,D3,r,r,r,r,r,r,r,r,r,r,r,r,F#4,D2
47.0,39.7183,13,3.0,r,r,r,r,r,r,r,r,F#4,F#3,r,r,r,r,r,r,r,r,r,r,F#4,r
47.5,40.1408,13,3.5,r,r,r,r,r,r,r,r,F#4,F#3,r,r,r,r,r,r,r,r,r,r,F#4,r
48.0,40.5634,13,4.0,F#6,r,r,r,r,r,F#3,F#2,F#4,F#3,r,r,r,r,r,r,r,F#5,F#5,F#4,F#2,F#2
48.5,40.9859,13,4.5,F#6,r,r,r,r,r,F#3,F#2,F#4,F#3,r,r,r,r,r,r,r,F#5,F#5,F#4,F#2,F#2
48.75,41.1972,13,4.75,F#6,r,r,r,r,r,F#3,F#2,F#4,F#3,r,r,r,r,r,r,r,F#5,F#5,F#4,G#2,F#2
49.0,41.4085,14,1.0,E6,r,r,r,r,r,F#3,F#2,F#4,F#3,r,r,r,r,r,r,r,E5,E5,F#4,B-2,F#2
49.5,41.831,14,1.5,E6,r,r,r,r,r,F#3,F#2,F#4,F#3,r,r,r,r,r,r,r,E5,E5,F#4,B-2,F#2
50.0,42.2535,14,2.0,E-6,r,r,r,r,r,F#3,F#2,F#4,F#3,r,r,r,r,r,r,r,E-5,E-5,F#4,C3,F#2
50.5,42.6761,14,2.5,E-6,r,r,r,r,r,F#3,F#2,F#4,F#3,r,r,r,r,r,r,r,E-5,E-5,F#4,C3,F#2
50.75,42.8873,14,2.75,C#6,r,r,r,r,r,F#3,F#2,F#4,F#3,r,r,r,r,r,r,r,C#5,C#5,F#4,C#3,F#2
51.0,43.0986,14,3.0,C6,r,r,r,r,r,F#3,F#2,F#4,F#3,r,r,r,r,r,r,r,C5,C5,F#4,E-3,F#2
51.5,43.5211,14,3.5,C6,r,r,r,r,r,F#3,F#2,F#4,F#3,r,r,r,r,r,r,r,C5,C5,F#4,E-3,F#2
52.0,43.9437,14,4.0,F#6,r,r,r,r,r,F#3,F#2,F#4,F#3,r,r,r,r,r,r,r,F#5,F#5,C3,C3,F#2
52.5,44.3662,14,4.5,F#6,r,r,r,r,r,F#3,F#2,F#4,F#3,r,r,r,r,r,r,r,F#5,F#5,C3,C3,F#2
53.0,44.7887,15,1.0,E6,r,r,r,r,r,F#3,F#2,F#4,F#3,r,r,r,r,r,r,r,E5,E5,C#3,C#3,F#2
53.5,45.2113,15,1.5,E6,r,r,r,r,r,F#3,F#2,F#4,F#3,r,r,r,r,r,r,r,E5,E5,C#3,C#3,F#2
53.625,45.3169,15,1.625,E6,r,r,r,r,r,F#3,F#2,F#4,F#3,r,r,r,r,r,r,r,E5,E5,C#3,E-3,F#2
53.75,45.4225,15,1.75,E6,r,r,r,r,r,F#3,F#2,F#4,F#3,r,r,r,r,r,r,r,E5,E5,C#3,E3,F#2
53.875,45.5282,15,1.875,E6,r,r,r,r,r,F#3,F#2,F#4,F#3,r,r,r,r,r,r,r,E5,E5,E-3,F#3,F#2
54.0,45.6338,15,2.0,C#6,r,r,r,r,r,F#3,F#2,E4,C#4,r,r,r,r,r,r,r,C#5,C#5,E3,G3,F#2
54.5,46.0563,15,2.5,C#6,r,r,r,r,r,F#3,F#2,E4,C#4,r,r,r,r,r,r,r,C#5,C#5,E3,G3,F#2
54.75,46.2676,15,2.75,B-5,r,r,r,r,r,F#3,F#2,E4,C#4,r,r,r,r,r,r,r,B-4,B-4,E3,G3,F#2
55.0,46.4789,15,3.0,B5,B5,r,r,r,r,F#3,F#2,E-4,B3,r,r,r,r,r,r,r,B4,B4,E-3,F#3,F#2
55.5,46.9014,15,3.5,B5,B5,r,r,r,r,F#3,F#2,E-4,B3,r,r,r,r,r,r,r,B4,B4,E-3,F#3,F#2
56.0,47.3239,15,4.0,B5,B5,F#5,B4,B4,F#4,r,r,E-4,B3,B4,B4,B3,B3,F#3,E-3,r,B4,B4,r,E-3,E-2
56.5,47.7465,15,4.5,B5,B5,F#5,B4,B4,F#4,r,r,B3,B2,B4,B4,B3,B3,F#3,E-3,r,B4,B4,r,E-3,E-2
56.75,47.9577,15,4.75,B5,B5,F#5,B4,B4,F#4,r,r,B3,B2,B4,B4,B3,B3,F#3,E-3,r,E5,E5,r,E-3,E-2
57.0,48.169,16,1.0,E6,B5,G#5,B4,E5,G#4,r,r,B3,B2,E5,B4,E4,B3,G#3,B2,r,E5,E5,r,B2,B1
57.5,48.5915,16,1.5,E6,B5,G#5,B4,E5,G#4,r,r,B3,B2,E5,B4,E4,B3,G#3,B2,r,F#5,F#5,r,B2,B1
58.0,49.0141,16,2.0,E-6,B5,F#5,B4,E-5,F#4,r,r,B3,B2,E-5,F#4,E-4,B3,F#3,B2,r,E-5,E-5,r,B2,B1
58.5,49.4366,16,2.5,E-6,B5,F#5,B4,E-5,F#4,r,r,B3,B2,E-5,F#4,E-4,B3,F#3,B2,r,E5,E5,r,B2,B1
59.0,49.8592,16,3.0,C#6,B-5,E5,B-4,C#5,E4,r,r,F#4,F#3,C#5,F#4,C#4,B-3,E3,B2,r,C#5,C#5,r,B2,B1
59.5,50.2817,16,3.5,C#6,B-5,E5,B-4,C#5,E4,r,r,F#4,F#3,C#5,F#4,C#4,B-3,E3,B2,r,E-5,E-5,r,B2,B1
60.0,50.7042,16,4.0,B5,B5,E-5,B4,B4,E-4,r,r,F#4,F#3,B4,E-4,B3,B3,E-3,B2,r,B4,B4,r,B2,B1
60.5,51.1268,16,4.5,B5,B5,E-5,B4,B4,E-4,r,r,F#4,F#3,B4,E-4,B3,B3,E-3,B2,r,F#4,F#4,r,B2,B1
61.0,51.5493,17,1.0,r,r,r,r,r,r,r,r,r,r,r,r,r,r,r,r,r,B4,B4,r,r,r
61.5,51.9718,17,1.5,r,r,r,r,r,r,r,r,r,r,r,r,r,r,r,r,r,E-5,E-5,r,r,r
62.0,52.3944,17,2.0,r,r,B4,F#4,B4,r,B3,F#3,r,r,r,r,r,r,r,r,r,F#5,F#5,B3,E-3,E-2
62.75,53.0282,17,2.75,r,r,B4,F#4,B4,r,B3,F#3,r,r,r,r,r,r,r,r,r,B4,B4,B3,E-3,E-2
63.0,53.2394,17,3.0,r,r,B4,E4,E5,r,E4,E3,r,r,r,r,r,r,r,r,r,E5,E5,B3,C#3,C#2
64.0,54.0845,17,4.0,r,r,B-4,E4,E5,r,E4,E3,r,r,r,r,r,r,r,r,r,E5,E5,B-3,F#2,F#1
65.0,54.9296,18,1.0,r,r,B4,E-4,E-5,r,E-4,F#3,r,r,r,r,r,r,r,r,r,E-5,E-5,B3,B2,B1
66.0,55.7746,18,2.0,r,r,r,r,r,r,r,r,B3,r,r,r,r,r,r,r,r,r,B3,F#3,E-3,E-2
67.0,56.6197,18,3.0,r,r,r,r,r,r,r,r,E4,r,r,r,r,r,r,r,r,r,B3,E3,C#3,C#2
68.0,57.4648,18,4.0,r,r,r,r,r,r,r,r,E4,r,r,r,r,r,r,r,r,r,B-3,E3,F#2,F#1
69.0,58.3099,19,1.0,r,r,r,r,r,r,r,r,E4,r,r,r,r,r,r,r,r,r,r,r,r,r
69.5,58.7324,19,1.5,r,r,r,r,r,r,r,r,C#4,r,r,r,r,r,r,r,r,r,r,r,r,r
70.0,59.1549,19,2.0,r,r,r,r,r,r,r,r,F#4,r,r,r,r,r,r,r,r,r,r,r,r,r
70.5,59.5775,19,2.5,r,r,r,r,r,r,r,r,C#4,r,r,r,r,r,r,r,r,r,r,r,r,r
71.0,60.0,19,3.0,r,r,r,r,r,r,r,r,E4,r,r,r,r,r,r,r,r,r,r,r,r,r
71.5,60.4225,19,3.5,r,r,r,r,r,r,r,r,C#4,r,r,r,r,r,r,r,r,r,r,r,r,r
72.0,60.8451,19,4.0,r,r,r,r,r,r,r,r,F#4,r,r,r,r,r,r,r,r,r,r,r,r,r
72.5,61.2676,19,4.5,r,r,r,r,r,r,r,r,C#4,r,r,r,r,r,r,r,r,r,r,r,r,r
73.0,61.6901,20,1.0,r,r,r,r,r,r,E4,r,E4,r,r,r,r,r,r,r,r,r,r,r,r,r
74.0,62.5352,20,2.0,r,r,F#5,F#4,r,r,E4,r,E4,r,r,r,r,r,r,r,r,r,r,r,r,r
75.0,63.3803,20,3.0,r,r,B5,B4,r,r,E4,r,E4,r,r,r,r,r,r,r,r,r,r,r,r,r
76.0,64.2254,20,4.0,r,r,B5,B4,r,r,E-4,r,E-4,r,r,r,r,r,r,r,r,r,r,r,r,r
77.0,65.0704,21,1.0,r,r,B5,B4,r,r,D4,r,D4,r,r,r,r,r,r,r,r,r,r,r,r,r
77.5,65.493,21,1.5,r,r,G#5,G#4,r,r,F#4,r,F#4,r,r,r,r,r,r,r,r,r,r,r,r,r
78.0,65.9155,21,2.0,r,r,C#6,C#5,r,r,F#4,r,F#4,r,r,r,r,r,r,r,r,r,r,r,r,r
78.5,66.338,21,2.5,r,r,G#5,G#4,r,r,F4,r,F4,r,r,r,r,r,r,r,r,r,r,r,r,r
79.0,66.7606,21,3.0,r,r,B5,B4,r,r,D4,r,D4,r,r,r,r,r,r,r,r,r,r,r,r,r
79.5,67.1831,21,3.5,r,r,G#5,G#4,r,r,F#4,r,F#4,r,r,r,r,r,r,r,r,r,r,r,r,r
80.0,67.6056,21,4.0,r,r,C#6,C#5,r,r,F#4,r,F#4,r,r,r,r,r,r,r,r,r,r,r,r,r
80.5,68.0282,21,4.5,r,r,G#5,G#4,r,r,F4,r,F4,r,r,r,r,r,r,r,r,r,r,r,r,r
81.0,68.4507,22,1.0,r,r,B5,B4,r,r,C#4,r,C#4,r,r,r,r,r,r,r,r,r,r,r,r,r
81.5,68.8732,22,1.5,r,r,B5,B4,r,r,G#4,r,G#4,r,r,r,r,r,r,r,r,r,r,r,r,r
82.0,69.2958,22,2.0,r,r,A5,A4,r,r,G#4,r,G#4,r,r,r,r,r,r,r,r,r,r,r,r,r
82.5,69.7183,22,2.5,r,r,A5,A4,r,r,F#4,r,F#4,r,r,r,r,r,r,r,r,r,r,r,r,r
83.0,70.1408,22,3.0,r,r,G#5,G#4,r,r,F#4,r,F#4,r,r,r,r,r,r,r,r,r,r,r,r,r
83.5,70.5634,22,3.5,r,r,G#5,G#4,r,r,E4,r,E4,r,r,r,r,r,r,r,r,r,r,r,r,r
84.0,70.9859,22,4.0,B5,B4,F#5,F#4,r,r,E4,r,E4,r,r,r,r,r,r,r,r,r,r,r,r,r
84.5,71.4085,22,4.5,B5,B4,G#5,G#4,r,r,E-4,r,E-4,r,r,r,r,r,r,r,r,r,r,r,r,r
85.0,71.831,23,1.0,E6,E5,A5,A4,r,r,C#4,r,C#4,r,r,r,r,r,r,r,r,r,r,r,r,r
85.5,72.2535,23,1.5,E6,E5,A5,A4,r,r,C4,r,C4,r,r,r,r,r,r,r,r,r,r,r,r,r
86.0,72.6761,23,2.0,E6,E5,G#5,G#4,r,r,B3,r,B3,r,r,r,r,r,r,r,r,r,r,r,r,r
86.5,73.0986,23,2.5,E6,E5,G#5,G#4,r,r,E4,r,E4,r,r,r,r,r,r,r,r,r,r,r,r,r
87.0,73.5211,23,3.0,E6,E5,G5,G4,r,r,C#4,r,C#4,r,r,r,r,r,r,r,r,r,r,r,r,r
87.5,73.9437,23,3.5,C#6,C#5,G5,G4,r,r,B3,r,B3,r,r,r,r,r,r,r,r,r,r,r,r,r
88.0,74.3662,23,4.0,F#6,F#5,C#5,C#4,r,r,B3,r,B3,r,r,r,r,r,r,r,r,r,r,r,r,r
88.5,74.7887,23,4.5,C#6,C#5,F#5,F#4,r,r,B-3,r,B-3,r,r,r,r,r,r,r,r,r,r,r,r,r
89.0,75.2113,24,1.0,E6,E5,G5,G4,r,r,C#4,r,C#4,r,r,r,r,r,r,r,r,r,r,r,r,r
89.5,75.6338,24,1.5,C#6,C#5,G5,G4,r,r,B3,r,B3,r,r,r,r,r,r,r,r,r,r,r,r,r
90.0,76.0563,24,2.0,F#6,F#5,C#5,C#4,r,r,B3,r,B3,r,r,r,r,r,r,r,r,r,r,r,r,r
90.5,76.4789,24,2.5,C#6,C#5,F#5,F#4,r,r,B-3,r,B-3,r,r,r,r,r,r,r,r,r,r,r,r,r
91.0,76.9014,24,3.0,E6,C#5,E5,C#4,r,r,A3,r,A3,r,r,r,r,r,r,r,r,r,r,r,r,r
91.5,77.3239,24,3.5,E6,C#6,E5,C#5,r,r,A3,r,A3,r,r,r,r,r,r,r,r,r,r,r,r,r
92.0,77.7465,24,4.0,E6,C#6,E5,C#5,r,r,A4,r,A4,r,r,r,r,r,r,r,r,r,r,r,F#2,F#1
92.5,78.169,24,4.5,E6,C6,E5,C5,r,r,A4,r,A4,r,r,r,r,r,r,r,r,r,r,r,F#2,F#1
93.0,78.5915,25,1.0,E6,C6,E5,C5,r,r,A4,r,A4,r,r,r,r,r,r,r,r,r,r,r,B2,B1
93.5,79.0141,25,1.5,E6,B-5,E5,B-4,r,r,G4,r,G4,r,r,r,r,r,r,r,r,r,r,r,B2,B1
94.0,79.4366,25,2.0,E-6,B5,E-5,B4,r,r,F#4,r,F#4,r,r,r,r,r,r,r,r,r,r,r,B2,B1
94.5,79.8592,25,2.5,E-6,A5,E-5,A4,r,r,F#4,r,F#4,r,r,r,r,r,r,r,r,r,r,r,B2,B1
95.0,80.2817,25,3.0,D6,G#5,D5,G#4,r,r,F#4,r,F#4,r,r,r,r,r,r,r,r,r,r,r,B2,B1
95.5,80.7042,25,3.5,F#6,B5,F#5,B4,r,r,D4,r,D4,r,r,r,r,r,r,r,r,r,r,r,G#2,G#1
96.0,81.1268,25,4.0,F#6,B5,F#5,B4,r,r,G#3,r,D4,r,r,r,r,r,r,r,r,r,r,r,C#3,C#2
96.5,81.5493,25,4.5,F6,B5,F5,B4,r,r,C#4,r,C#4,r,r,r,r,r,r,r,r,r,r,r,G#2,G#1
97.0,81.9718,26,1.0,D6,B5,D5,B4,r,r,F#4,r,D4,r,r,r,r,r,r,r,r,r,r,r,B2,B1
97.5,82.3944,26,1.5,F#6,B5,F#5,B4,r,r,D4,r,D4,r,r,r,r,r,r,r,r,r,r,r,G#2,G#1
98.0,82.8169,26,2.0,F#6,B5,F#5,B4,r,r,G#3,r,D4,r,r,r,r,r,r,r,r,r,r,r,C#3,C#2
98.5,83.2394,26,2.5,F6,B5,F5,B4,r,r,C#4,r,C#4,r,r,r,r,r,r,r,r,r,r,r,G#2,G#1
99.0,83.662,26,3.0,C#6,B5,C#5,B4,r,r,F#4,r,C#4,r,r,r,r,r,r,r,r,r,r,r,A2,A1
99.5,84.0845,26,3.5,E6,A5,E5,A4,r,r,C4,r,C4,r,r,r,r,r,r,r,r,r,r,r,F#2,F#1
100.0,84.507,26,4.0,E6,A5,E5,A4,r,r,F#3,r,C4,r,r,r,r,r,r,r,r,r,r,r,B2,B1
100.5,84.9296,26,4.5,E-6,A5,E-5,A4,r,r,B3,r,B3,r,r,r,r,r,r,r,r,r,r,r,F#2,F#1
101.0,85.3521,27,1.0,B5,A5,B4,A4,r,r,D4,r,B3,r,r,r,r,r,r,r,r,r,r,r,G#2,G#1
101.5,85.7746,27,1.5,D6,A5,D5,A4,r,r,B3,r,B3,r,r,r,r,r,r,r,r,r,r,r,G#2,G#1
102.0,86.1972,27,2.0,D6,G#5,D5,G#4,r,r,B3,r,D4,D3,r,r,r,r,r,r,r,r,r,r,F2,F1
102.5,86.6197,27,2.5,C#6,G#5,C#5,G#4,r,r,G#3,r,D4,D3,r,r,r,r,r,r,r,r,r,r,F2,F1
103.0,87.0423,27,3.0,C#6,r,C#5,r,r,r,F3,r,D4,D3,r,r,r,r,r,r,r,r,r,r,G#2,G#1
103.5,87.4648,27,3.5,B5,r,B4,r,r,r,F3,r,D4,D3,r,r,r,r,r,r,r,r,r,r,G#2,G#1
104.0,87.8873,27,4.0,A5,r,A4,r,r,C#4,r,r,D4,D3,r,r,r,r,r,r,r,r,r,r,B2,B1
104.5,88.3099,27,4.5,G#5,r,G#4,r,G#4,C#4,r,r,D4,D3,r,r,r,r,r,r,r,r,r,r,B2,B1
105.0,88.7324,28,1.0,F#5,r,r,r,F#4,B3,G#3,r,B3,D3,r,r,r,r,r,r,r,r,r,r,r,D2
105.5,89.1549,28,1.5,E5,r,r,r,E4,B3,G#3,r,B3,D3,r,r,r,r,r,r,r,r,r,r,r,D2
106.0,89.5775,28,2.0,D5,r,r,r,D4,B3,G#3,F2,B3,B3,r,r,r,r,r,r,B2,r,r,r,r,F2
107.5,90.8451,28,3.5,C#5,r,r,r,C#4,B3,G#3,F2,B3,B3,r,r,r,r,r,r,B2,r,r,r,r,F2
108.0,91.2676,28,4.0,C#5,r,r,r,C#4,B-3,F#3,F#2,B-3,B-3,r,r,C#4,B-3,F#3,F#3,r,r,r,C#4,C#4,F#2
108.75,91.9014,28,4.75,C#5,r,r,r,C#4,B-3,F#3,F#2,B-3,B-3,r,r,C#4,B-3,F#3,F#3,r,r,r,F#4,F#4,F#2
109.0,92.1127,29,1.0,r,r,r,r,r,r,r,r,r,r,r,r,F#4,C#4,B-3,C#3,r,r,r,F#4,F#4,C#2
109.5,92.5352,29,1.5,r,r,r,r,r,r,r,r,r,r,r,r,F#4,C#4,B-3,C#3,r,r,r,G#4,G#4,C#2
110.0,92.9577,29,2.0,r,r,r,r,r,r,r,r,C#4,C#4,r,r,F4,C#4,G#3,C#3,r,r,r,F4,F4,C#2
110.5,93.3803,29,2.5,r,r,r,r,r,r,r,r,C#4,C#4,r,r,F4,C#4,G#3,C#3,r,r,r,F#4,F#4,C#2
111.0,93.8028,29,3.0,r,r,r,r,r,r,r,r,C4,C4,r,r,E-4,A3,F#3,C#3,r,r,r,E-4,E-4,C#2
111.5,94.2254,29,3.5,r,r,r,r,r,r,r,r,C4,C4,r,r,E-4,A3,F#3,C#3,r,r,r,F4,F4,C#2
112.0,94.6479,29,4.0,G#5,F5,r,r,G#4,F4,C#3,C#3,C#4,C#4,r,r,C#4,G#3,F3,C#3,r,r,C#4,C#4,C#4,C#2
112.75,95.2817,29,4.75,G#5,F5,r,r,G#4,F4,C#3,C#3,C#4,C#4,r,r,C#4,G#3,F3,C#3,r,r,B4,B4,C#4,C#2
113.0,95.493,30,1.0,B5,F#5,r,r,B4,F#4,C#3,C#2,E-4,F#3,r,r,E-4,B3,F#3,C#3,r,r,B4,B4,C#2,C#2
113.5,95.9155,30,1.5,B5,F#5,r,r,B4,F#4,C#3,C#2,E-4,F#3,r,r,E-4,B3,F#3,C#3,r,r,C#5,C#5,C#2,C#2
114.0,96.338,30,2.0,B-5,F#5,r,r,B-4,F#4,C#3,C#2,C#4,F#3,r,r,C#4,B-3,F#3,C#3,r,r,B-4,B-4,C#2,C#2
114.5,96.7606,30,2.5,B-5,F#5,r,r,B-4,F#4,C#3,C#2,C#4,F#3,r,r,C#4,B-3,F#3,C#3,r,r,B4,B4,C#2,C#2
115.0,97.1831,30,3.0,G#5,F5,r,r,G#4,F4,C#3,C#2,B3,F3,r,r,B3,G#3,F3,C#3,r,r,G#4,G#4,C#2,C#2
115.5,97.6056,30,3.5,G#5,F5,r,r,G#4,F4,C#3,C#2,B3,F3,r,r,B3,G#3,F3,C#3,r,r,B-4,B-4,C#2,C#2
116.0,98.0282,30,4.0,F#5,F#5,B-5,F#5,F#4,F#4,D3,D2,B-3,F#3,r,r,B-3,F#3,F#3,D3,r,F#4,F#4,F#4,D2,D2
116.5,98.4507,30,4.5,B-5,F#5,B-5,F#5,F#4,F#4,D3,D2,B-3,F#3,r,r,B-3,F#3,F#3,D3,r,F#4,F#4,B-4,D2,D2
116.75,98.662,30,4.75,B-5,F#5,B-5,F#5,F#4,F#4,D3,D2,B-3,F#3,r,r,B-3,F#3,F#3,D3,r,F#6,F#5,B-4,D2,D2
117.0,98.8732,31,1.0,F#6,B-5,E-6,F#5,B-4,F#4,E-3,E-2,F#4,B-3,r,r,B-3,F#3,F#3,E-3,r,F#6,F#5,B-4,E-2,E-2
117.5,99.2958,31,1.5,F#6,E-6,E-6,F#5,E-5,F#4,C3,C2,F#4,E-4,r,r,r,r,r,r,r,G#6,G#5,G#4,C2,C2
118.0,99.7183,31,2.0,F#6,E-6,E-6,F#5,E-5,F#4,C#3,C#2,F#4,E-4,r,r,r,r,r,r,r,F#7,F#5,G#4,C#2,C#2
118.5,100.1408,31,2.5,F#6,C#6,C#6,F#5,C#5,F#4,C#3,C#2,F#4,C#4,r,r,r,r,r,r,r,G#7,G#5,G#4,C#2,C#2
119.0,100.5634,31,3.0,F#6,C#6,C#6,F#5,C#5,F#4,E-3,E-2,F#4,C#4,r,r,r,r,r,r,r,F#7,F#5,G#4,E-2,E-2
119.5,100.9859,31,3.5,F#6,C#6,C#6,F#5,C#5,F#4,E-3,E-2,F#4,C#4,r,r,r,r,r,r,r,G#7,G#5,F#4,E-2,E-2
120.0,101.4085,31,4.0,F#6,C#6,C#6,F#5,C#5,F#4,G#2,G#2,F#4,C#4,r,r,r,r,r,r,r,B-7,B-5,F#4,G#2,G#1
120.5,101.831,31,4.5,E-6,C6,C6,E-5,C5,E-4,G#2,G#2,E-4,C4,r,r,r,r,r,r,r,B-7,B-5,E-4,G#2,G#1
120.75,102.0423,31,4.75,E-6,C6,C6,E-5,C5,E-4,G#2,G#2,E-4,C4,r,r,r,r,r,r,r,F#5,F#5,E-4,G#2,G#1
121.0,102.2535,32,1.0,F#6,A5,A5,C5,A4,F#4,A3,F#3,C4,C4,r,r,r,r,r,r,r,F#6,F#5,C4,C#2,C#2
121.25,102.4648,32,1.25,F#6,A5,A5,C5,A4,F#4,A3,F#3,C4,C4,r,r,r,r,r,r,r,F#6,F#5,C4,E-2,C#2
121.5,102.6761,32,1.5,F#6,A5,A5,C5,A4,F#4,A3,F#3,C4,C4,r,r,r,r,r,r,r,F#6,F#5,C4,F#2,C#2
121.75,102.8873,32,1.75,F#6,A5,A5,C5,A4,F#4,A3,F#3,C4,C4,r,r,r,r,r,r,r,F#6,F#5,C4,A2,C#2
122.0,103.0986,32,2.0,F#6,A5,A5,C5,A4,F#4,A3,F#3,C4,C4,r,r,r,r,r,r,r,F6,F5,C4,C3,C#2
122.25,103.3099,32,2.25,F#6,A5,A5,C5,A4,F#4,A3,F#3,C4,C4,r,r,r,r,r,r,r,F6,F5,C4,E-3,C#2
122.5,103.5211,32,2.5,F#6,A5,A5,G#5,A4,F#4,A3,F#3,C4,C4,r,r,r,r,r,r,r,E-6,E-5,C4,F#3,C#2
122.75,103.7324,32,2.75,F#6,A5,A5,G#5,A4,F#4,A3,F#3,C4,C4,r,r,r,r,r,r,r,E-6,E-5,C4,A3,C#2
123.0,103.9437,32,3.0,F6,G#5,G#5,F5,G#4,F4,G#3,F3,C#4,C#4,r,r,r,r,r,r,r,E-6,E-5,C#3,C#3,C#2
123.25,104.1549,32,3.25,F6,G#5,G#5,F5,G#4,F4,G#3,F3,C#4,C#4,r,r,r,r,r,r,r,E-6,E-5,F3,C#3,C#2
123.5,104.3662,32,3.5,F6,G#5,G#5,F5,G#4,F4,G#3,F3,C#4,C#4,r,r,r,r,r,r,r,C#6,C#5,G#3,C#3,C#2
123.75,104.5775,32,3.75,F6,G#5,G#5,F5,G#4,F4,G#3,F3,C#4,C#4,r,r,r,r,r,r,r,C#6,C#5,C#4,C#3,C#2
124.0,104.7887,32,4.0,r,r,r,r,G#4,F4,G#3,F3,r,r,r,r,r,r,r,r,r,r,r,F4,C#3,C#2
124.25,105.0,32,4.25,r,r,r,r,G#4,F4,G#3,F3,r,r,r,r,r,r,r,r,r,r,r,G#4,C#3,C#2
124.5,105.2113,32,4.5,r,r,r,r,G#4,F4,G#3,F3,r,r,r,r,r,r,r,r,r,C#5,r,C#5,C#3,C#2
124.75,105.4225,32,4.75,r,r,r,r,G#4,F4,G#3,F3,r,r,r,r,r,r,r,r,r,C#5,r,C#4,C#3,C#2
125.0,105.6338,33,1.0,r,r,r,r,C5,A4,r,r,r,r,r,r,r,r,r,r,r,F#5,r,r,C#2,C#2
125.3333,105.9155,33,1.3333,r,r,r,r,C5,A4,r,r,r,r,r,r,r,r,r,r,r,F#5,r,r,F#2,C#2
125.6667,106.1972,33,1.6667,r,r,r,r,C5,A4,r,r,r,r,r,r,r,r,r,r,r,F#5,r,r,A2,C#2
126.0,106.4789,33,2.0,r,r,r,r,C5,A4,r,r,r,r,r,r,r,r,r,r,r,F5,r,r,C#3,C#2
126.3333,106.7605,33,2.3333,r,r,r,r,C5,A4,r,r,r,r,r,r,r,r,r,r,r,F5,r,r,F#3,C#2
126.5,106.9014,33,2.5,r,r,r,r,C5,A4,r,r,r,r,r,r,r,r,r,r,r,E-5,r,r,F#3,C#2
126.6667,107.0423,33,2.6667,r,r,r,r,C5,A4,r,r,r,r,r,r,r,r,r,r,r,E-5,r,r,A3,C#2
127.0,107.3239,33,3.0,r,r,r,r,B4,G#4,F4,r,r,r,r,r,r,r,r,r,r,D5,r,C#3,C#3,C#2
127.3333,107.6056,33,3.3333,r,r,r,r,B4,G#4,F4,r,r,r,r,r,r,r,r,r,r,D5,r,F3,C#3,C#2
127.5,107.7465,33,3.5,r,r,r,r,B4,G#4,F4,r,r,r,r,r,r,r,r,r,r,C#5,r,F3,C#3,C#2
127.6667,107.8874,33,3.6667,r,r,r,r,B4,G#4,F4,r,r,r,r,r,r,r,r,r,r,C#5,r,G#3,C#3,C#2
128.0,108.169,33,4.0,r,r,r,r,B4,G#4,F4,r,r,r,r,r,r,r,r,r,r,B4,r,C#4,r,r
128.3333,108.4507,33,4.3333,r,r,r,r,B4,G#4,F4,r,r,r,r,r,r,r,r,r,r,B4,r,F4,r,r
128.5,108.5915,33,4.5,B-5,B-5,B-4,B-4,B-4,F#4,F#4,r,r,r,r,r,r,r,r,r,r,B-4,r,F4,r,r
128.6667,108.7324,33,4.6667,B-5,B-5,B-4,B-4,B-4,F#4,F#4,r,r,r,r,r,r,r,r,r,r,B-4,r,F#4,r,r
129.0,109.0141,34,1.0,B-5,r,B-4,r,B-4,F#4,F#4,r,r,r,r,r,r,r,r,r,r,r,r,r,F#3,r
130.0,109.5775,34,1.6667,C#6,r,C#5,r,B-4,F#4,F#4,r,r,r,r,r,r,r,r,r,r,r,r,r,r,r
130.5,109.8592,34,2.0,C#6,C#6,C#5,C#5,B-4,F#4,F#4,E-4,r,r,r,r,r,r,r,r,r,r,r,r,E-3,r
131.5,110.4225,34,2.6667,F#6,C#6,F#5,C#5,B-4,F#4,F#4,E-4,r,r,r,r,r,r,r,r,r,r,r,r,r,r
132.0,110.7042,34,3.0,F#6,C#6,F#5,C#5,B-4,F#4,E-4,G#3,r,r,r,r,r,r,r,r,r,r,r,r,G#2,r
133.0,111.2676,34,3.6667,B5,B5,B4,B4,B-4,F#4,E-4,G#3,r,r,r,r,r,r,r,r,r,r,r,r,r,r
133.5,111.5493,34,4.0,B5,r,B4,r,G#4,F#4,E-4,G#3,r,r,r,r,r,r,r,r,r,r,r,r,G#3,r
134.5,112.1127,34,4.6667,G#6,r,G#5,r,G#4,F#4,E-4,G#3,r,r,r,r,r,r,r,r,r,r,r,r,r,r
135.0,112.3944,35,1.0,G#6,B5,G#5,B4,G#4,F4,F4,C#3,r,r,r,r,r,r,r,r,r,r,r,r,C#2,r
136.0,112.9577,35,1.6667,F#6,B5,F#5,B4,r,r,F#4,C#3,r,r,r,r,r,r,r,r,r,r,r,r,r,r
136.5,113.2394,35,2.0,F6,B5,F5,B4,r,r,G#4,C#3,r,r,r,r,r,r,r,r,r,r,r,r,r,r
137.5,113.8028,35,2.6667,E-6,B5,E-5,B4,r,r,G#4,r,r,r,r,r,r,r,r,r,r,r,r,r,r,r
138.0,114.0845,35,3.0,E-6,A5,E-5,A4,r,r,C4,r,F#4,r,r,r,r,r,r,r,r,r,r,r,C#3,r
139.0,114.6479,35,3.6667,C#6,A5,C#5,A4,r,r,C#4,r,F#4,r,r,r,r,r,r,r,r,r,r,r,r,r
139.5,114.9296,35,4.0,C6,A5,C5,A4,r,r,E-4,r,F#4,r,r,r,r,r,r,r,r,r,r,r,r,r
140.0,115.2113,35,4.3333,B5,G#5,B4,G#4,r,r,F4,r,r,r,r,r,r,r,r,r,r,r,r,r,r,r
140.5,115.493,35,4.6667,B-5,F#5,B-4,F#4,B-4,F#4,F#4,r,r,r,r,r,r,r,r,r,r,r,r,r,r,r
141.0,115.7746,36,1.0,r,r,r,r,B-4,F#4,F#3,F#3,F#4,r,r,r,r,r,r,r,r,r,r,r,F#3,r
142.0,116.338,36,1.6667,r,r,r,r,C#5,B-4,F#3,F#3,F#4,r,r,r,r,r,r,r,r,r,r,r,r,r
142.5,116.6197,36,2.0,r,r,r,r,C#5,B-4,E-3,E-3,F#4,r,r,r,r,r,r,r,r,r,r,r,E-3,r
143.5,117.1831,36,2.6667,r,r,r,r,B-5,F#5,E-3,E-3,F#4,r,r,r,r,r,r,r,r,r,r,r,r,r
144.0,117.4648,36,3.0,r,r,r,r,B-5,F#5,E-3,E-3,C4,r,r,r,r,r,r,r,r,r,r,r,G#2,r
145.0,118.0282,36,3.6667,r,r,r,r,G#5,F5,E-3,E-3,C4,r,r,r,r,r,r,r,r,r,r,r,r,r
145.5,118.3099,36,4.0,r,r,r,r,G#5,F5,G#3,G#3,C4,r,r,r,r,r,r,r,r,r,r,r,G#3,r
146.5,118.8732,36,4.6667,r,r,r,r,F#5,E-5,G#3,G#3,C4,r,r,r,r,r,r,r,r,r,r,r,r,r
147.0,119.1549,37,1.0,r,r,r,r,F#5,C5,E-4,A3,r,r,r,r,r,r,r,r,r,r,r,r,A3,r
148.0,119.7183,37,1.6667,r,r,r,r,F5,C#5,F4,A3,r,r,r,r,r,r,r,r,r,r,r,r,r,r
148.5,120.0,37,2.0,r,r,r,r,E-5,C5,F#4,B-3,r,r,r,r,r,r,r,r,r,r,r,r,B-3,r
149.0,120.2817,37,2.3333,r,r,r,r,C#5,B-4,F4,B-3,r,r,r,r,r,r,r,r,r,r,r,r,B-3,r
149.5,120.5634,37,2.6667,r,r,B-4,r,F#5,r,E-4,F#3,r,r,r,r,r,r,r,r,r,r,r,r,F#3,r
150.0,120.8451,37,3.0,r,r,B4,r,F#5,r,E-4,G#3,r,r,r,r,r,r,r,r,r,r,r,r,G#3,r
151.0,121.4085,37,3.6667,r,r,C5,G#4,F5,r,F4,G#3,r,r,r,r,r,r,r,r,r,r,r,r,G#2,r
151.5,121.6901,37,4.0,r,r,C5,A4,E-5,r,F#4,C#3,r,r,r,r,r,r,r,r,r,r,r,r,C#3,r
152.0,121.9718,37,4.3333,r,r,C#5,G#4,C#5,r,F4,C#3,r,r,r,r,r,r,r,r,r,r,r,r,C#3,r
152.5,122.2535,37,4.6667,r,r,r,r,r,r,r,r,r,r,r,r,r,r,r,r,r,D5,r,r,r,r
153.0,122.5352,38,1.0,r,r,r,r,r,r,r,r,r,r,r,r,r,r,r,r,r,D5,G#4,F4,B3,r
154.0,123.0986,38,1.6667,r,r,r,r,r,r,r,r,r,r,r,r,r,r,r,r,r,E-5,G#4,F4,r,r
154.5,123.3803,38,2.0,r,r,E-5,r,r,r,r,r,r,r,r,r,r,r,r,r,r,E-5,B4,F#4,G#3,r
155.5,123.9437,38,2.6667,r,r,E-5,r,r,r,r,r,r,r,r,r,r,r,r,r,r,G#5,B4,F#4,r,r
156.0,124.2254,38,3.0,r,r,E-5,r,r,r,r,r,r,r,r,r,r,r,r,r,r,G#5,B4,F#4,C#3,r
157.0,124.7887,38,3.6667,r,r,C#5,r,r,r,r,r,r,r,r,r,r,r,r,r,r,C#5,B4,F#4,r,r
157.5,125.0704,38,4.0,r,r,r,r,r,r,r,r,r,r,r,r,r,r,r,r,r,C#5,G#4,F4,C#4,r
158.5,125.6338,38,4.6667,r,r,r,r,r,r,r,r,r,r,r,r,r,r,r,r,r,D5,G#4,F4,r,r
159.0,125.9155,39,1.0,r,r,r,r,r,r,r,r,r,r,r,r,r,r,r,r,r,D5,D5,F#4,B3,r
160.0,126.4789,39,1.6667,r,r,r,r,r,r,r,r,r,r,r,r,r,r,r,r,r,F#5,D5,F#4,r,r
160.5,126.7606,39,2.0,F#6,r,F#5,F#5,r,r,r,r,r,r,r,r,r,r,r,r,r,F#5,B4,D4,A3,r
161.5,127.3239,39,2.6667,F#6,r,F#5,F#5,r,r,r,r,r,r,r,r,r,r,r,r,r,B5,B4,D4,r,r
162.0,127.6056,39,3.0,F#6,r,F#5,F#5,r,r,r,r,r,r,r,r,r,r,r,r,r,B5,B4,D4,G#3,r
163.0,128.169,39,3.6667,E6,r,E5,E5,r,r,r,r,r,r,r,r,r,r,r,r,r,E5,B4,D4,r,r
163.5,128.4507,39,4.0,r,r,r,r,r,r,r,r,r,r,r,r,r,r,r,r,r,E5,G#4,E4,D4,r
164.5,129.0141,39,4.6667,r,r,r,r,E5,r,r,r,r,r,r,r,r,r,r,r,r,E6,G#4,E4,r,r
165.0,129.2958,40,1.0,r,r,r,r,E5,r,r,r,r,r,r,r,r,r,r,r,r,E6,A4,G4,C#4,r
166.0,129.8592,40,1.6667,r,r,r,r,D5,r,r,r,r,r,r,r,r,r,r,r,r,D6,A4,G4,D4,r
166.5,130.1408,40,2.0,r,r,r,r,C#5,r,r,r,r,r,r,r,r,r,r,r,r,C#6,A4,G4,E4,r
167.5,130.7042,40,2.6667,r,r,r,r,E5,r,r,r,r,r,r,r,r,r,r,r,r,E6,A4,G4,D4,r
168.0,130.9859,40,3.0,r,r,r,r,E5,r,r,r,r,r,r,r,r,r,r,r,r,E6,B-4,G4,C#4,r
169.0,131.5493,40,3.6667,r,r,r,r,D5,r,r,r,r,r,r,r,r,r,r,r,r,D6,B-4,G4,D4,r
169.5,131.831,40,4.0,r,r,r,r,C#5,r,r,r,r,r,r,r,r,r,r,r,r,C#6,B-4,G4,E4,r
170.0,132.1127,40,4.3333,r,r,r,r,B4,r,r,r,r,r,r,r,r,r,r,r,r,B5,D5,G#4,F4,r
170.5,132.3944,40,4.6667,A5,A5,r,r,A4,r,r,r,A4,A4,r,r,r,r,r,r,r,A5,D5,A4,F#4,r
171.0,132.6761,41,1.0,A5,A5,r,r,C5,r,C4,F#3,A4,D4,r,r,r,r,r,r,r,r,r,F#3,r,r
172.0,133.2394,41,1.6667,G5,G5,r,r,C5,r,C4,G3,G4,D4,r,r,r,r,r,r,r,r,r,G3,r,r
172.5,133.5211,41,2.0,F#5,F#5,r,r,C5,r,C4,A3,F#4,D4,r,r,r,r,r,r,r,r,r,A3,r,r
173.5,134.0845,41,2.6667,r,r,r,r,r,r,r,r,r,r,r,r,r,r,r,r,r,A4,C4,G3,D3,r
174.0,134.3662,41,3.0,r,r,r,r,r,r,r,r,r,r,r,r,r,r,r,r,r,A4,C4,F#3,E-3,r
175.0,134.9296,41,3.6667,r,r,r,r,r,r,r,r,r,r,r,r,r,r,r,r,r,G4,C4,G3,E-3,r
175.5,135.2113,41,4.0,r,r,r,r,r,r,r,r,r,r,r,r,r,r,r,r,r,G4,C4,A3,D3,r
176.0,135.493,41,4.3333,r,r,r,r,r,r,r,r,r,r,r,r,r,r,r,r,r,F#4,C4,A3,D3,r
176.5,135.7746,41,4.6667,B-5,r,B-4,r,r,r,r,r,r,r,r,r,r,r,r,r,r,r,C#4,B-3,C#3,C#3
177.0,136.0563,42,1.0,B-5,r,B-4,r,B-4,F#4,B-3,F#3,r,r,r,r,r,r,r,r,r,r,r,r,B-3,B-2
178.0,136.6197,42,1.6667,C#6,r,C#5,r,B-4,F#4,B-3,F#3,r,r,r,r,r,r,r,r,r,r,r,r,F#3,F#2
178.5,136.9014,42,2.0,C#6,r,C#5,r,B-4,F#4,B-3,F#3,r,r,r,r,r,r,r,r,r,C#5,F#4,B-3,E-3,E-2
179.5,137.4648,42,2.6667,F#6,r,F#5,r,B-4,F#4,B-3,F#3,r,r,r,r,r,r,r,r,r,r,r,r,G#2,G#1
180.0,137.7465,42,3.0,F#6,r,F#5,r,B-4,E-4,B-3,E-3,r,r,r,r,r,r,r,r,r,C#5,F#4,B-3,G#3,G#2
181.0,138.3099,42,3.6667,B5,r,B4,r,B4,E-4,B3,E-3,r,r,r,r,r,r,r,r,r,r,r,r,r,r
181.5,138.5915,42,4.0,B5,r,B4,r,B4,E-4,G#3,r,r,r,r,r,r,r,r,r,r,B4,E-4,G#3,r,r
182.5,139.1549,42,4.6667,C6,r,C5,r,G#4,E-4,G#3,r,r,r,r,r,r,r,r,r,r,r,r,r,F#3,F#2
183.0,139.4366,43,1.0,C6,r,C5,r,G#4,F#4,G#3,F#3,r,r,r,r,r,r,r,r,r,r,r,r,E-3,E-2
184.0,140.0,43,1.6667,E-6,r,E-5,r,G#4,F#4,G#3,F#3,r,r,r,r,r,r,r,r,r,r,r,r,C3,C2
184.5,140.2817,43,2.0,E-6,r,E-5,r,G#4,F#4,G#3,F#3,r,r,r,r,r,r,r,r,r,C5,E-5,G#4,G#2,G#1
185.5,140.8451,43,2.6667,G#6,r,G#5,r,G#4,F#4,G#3,F#3,r,r,r,r,r,r,r,r,r,r,r,r,C#3,C#2
186.0,141.1268,43,3.0,G#6,r,G#5,r,B4,F#4,B3,F#3,r,r,r,r,r,r,r,r,r,B4,E-5,G#4,C#3,C#2
187.0,141.6901,43,3.6667,C#6,r,C#5,r,B4,F#4,B3,F#3,r,r,r,r,r,r,r,r,r,r,r,r,r,r
187.5,141.9718,43,4.0,C#6,r,C#5,r,B4,F4,B3,F3,r,r,r,r,r,r,r,r,r,C#6,C#5,G#4,r,r
188.5,142.5352,43,4.6667,E6,C#6,C#6,E5,B-4,F#4,B-3,F#3,F#3,F#2,r,r,r,r,r,r,r,C#7,C#6,E5,F#3,F#2
189.0,142.8169,44,1.0,E6,C#6,C#6,E5,C#5,E4,B-3,B-2,F#3,F#2,r,r,r,r,r,r,r,C#7,C#6,E5,B-2,F#1
190.0,143.3803,44,1.6667,E-6,B5,B5,E-5,B4,E-4,B3,B2,F#3,F#2,r,r,r,r,r,r,r,B6,B5,E-5,B2,F#1
190.5,143.662,44,2.0,E6,B-5,B-5,E5,B-4,E4,C#4,C#3,F#3,F#2,r,r,r,r,r,r,r,B-6,B-5,C#5,C#3,F#1
191.5,144.2254,44,2.6667,F6,B5,G#5,F5,B4,F4,D4,D3,F#3,F#2,r,r,r,r,r,r,r,G#6,G#5,B4,D3,F#1
192.0,144.507,44,3.0,F#6,B5,F#5,F#5,B4,F#4,E-4,E-3,F#3,F#2,r,r,r,r,r,r,r,F#6,F#5,B4,E-3,F#1
192.5,144.7887,44,3.3333,F#6,B5,F#5,B4,B4,F#4,E-4,E-3,F#3,F#2,r,r,r,r,r,r,r,F#6,F#5,B4,E-3,F#1
193.0,145.0704,44,3.6667,E6,C#6,E5,C#5,C#5,E4,r,E3,F#3,F#2,r,r,r,r,r,r,r,E6,E5,C#5,E3,F#1
193.5,145.3521,44,4.0,E-6,B5,E-5,B4,B4,E-4,r,F#3,F#3,F#2,r,r,r,r,r,r,r,E-6,E-5,B4,F#3,F#1
194.5,145.9155,44,4.6667,C#6,A5,C#5,A4,A4,E4,r,G3,F#3,F#2,r,r,r,r,r,r,r,C#6,C#5,A4,G3,F#1
195.0,146.1972,45,1.0,C6,G#5,C5,G#4,G#4,E-4,G#3,G#3,r,r,r,r,r,r,r,r,r,C6,C5,E-4,G#3,F#2
196.0,146.7606,45,1.6667,r,r,r,r,r,r,r,r,F#3,F#2,r,r,r,r,r,r,r,r,r,r,r,F#2
196.5,147.0423,45,2.0,B5,G#5,D5,G#4,B4,D4,F3,F3,r,r,r,r,r,r,r,r,r,G#6,G#5,D4,F3,F#2
197.5,147.6056,45,2.6667,r,r,r,r,r,r,r,r,F#3,F#2,r,r,r,r,r,r,r,r,r,r,r,F#2
198.0,147.8873,45,3.0,B-5,F#5,C#5,B-4,B-4,C#4,F#3,F#3,r,r,r,r,r,r,r,r,r,B-5,B-4,C#4,F#3,F#2
199.0,148.4507,45,3.6667,r,r,r,r,r,r,r,r,F#3,F#2,r,r,r,r,r,r,r,r,r,r,r,F#2
199.5,148.7324,45,4.0,A5,F#5,E-5,A4,A4,E-4,C3,C3,r,r,r,r,r,r,r,r,r,F#6,F#5,E-4,C3,C2
200.5,149.2958,45,4.6667,r,r,r,r,r,r,r,r,F#3,F#2,r,r,r,r,r,r,r,r,r,r,r,r
202.5,150.4225,46,2.0,r,r,r,r,r,r,r,r,r,r,r,r,r,r,r,r,r,F#4,C#4,B-3,C#3,r
203.0,150.7042,46,2.3333,r,r,r,r,r,r,r,r,r,r,r,r,r,r,r,r,r,G#4,C#4,G#3,C#3,r
203.5,150.9859,46,2.6667,r,r,r,r,r,r,r,r,r,r,r,r,r,r,r,r,r,B-4,C#4,F#3,C#3,r
204.0,151.2676,46,3.0,r,r,r,r,r,r,r,r,r,r,r,r,r,r,r,r,r,B4,G#4,F#3,C#3,r
204.5,151.5493,46,3.3333,r,r,r,r,r,r,r,r,r,r,r,r,r,r,r,r,r,B4,G#4,F3,C#3,r
205.0,151.831,46,3.6667,r,r,r,r,r,r,r,r,r,r,r,r,r,r,r,r,r,B-4,F#4,F#3,C#3,r
205.5,152.1127,46,4.0,r,r,r,r,r,r,r,r,r,r,r,r,r,r,r,r,r,B-4,E-4,B3,C#3,r
206.0,152.3944,46,4.3333,r,r,r,r,r,r,r,r,r,r,r,r,r,r,r,r,r,G#4,F4,B3,C#3,r
206.5,152.6761,46,4.6667,r,r,r,r,r,r,r,r,r,r,r,r,r,r,r,r,r,B-4,F#4,B-3,C#3,r
207.0,152.9577,47,1.0,r,r,r,r,r,r,r,r,r,r,r,r,r,r,r,r,r,B4,F#4,G#3,C#3,r
207.5,153.2394,47,1.3333,r,r,r,r,r,r,r,r,r,r,r,r,r,r,r,r,r,B4,F4,G#3,C#3,r
208.0,153.5211,47,1.6667,r,r,r,r,r,r,r,r,r,r,r,r,r,r,r,r,r,B-4,F#4,F#3,C#3,r
208.5,153.8028,47,2.0,r,r,r,r,r,r,r,r,r,r,r,r,r,r,r,r,r,B-4,F#4,C#4,F#3,r
209.0,154.0845,47,2.3333,r,r,r,r,r,r,r,r,r,r,r,r,r,r,r,r,r,G#4,F#4,B-3,F#3,r
209.5,154.3662,47,2.6667,r,r,r,r,r,r,r,r,r,r,r,r,r,r,r,r,r,B-4,C#4,F#3,E3,r
210.0,154.6479,47,3.0,r,r,r,r,r,r,r,r,r,r,r,r,r,r,r,r,r,B-4,G4,E-4,E-3,r
210.5,154.9296,47,3.3333,r,r,r,r,r,r,r,r,r,r,r,r,r,r,r,r,r,G#4,F4,E-4,E-3,r
211.0,155.2113,47,3.6667,r,r,r,r,r,r,r,r,r,r,r,r,r,r,r,r,r,B-4,G4,C#4,E-3,r
211.5,155.493,47,4.0,r,r,r,r,r,r,r,r,r,r,r,r,r,r,r,r,r,B-4,G4,C#4,G#2,r
212.0,155.7746,47,4.3333,r,r,r,r,r,r,r,r,r,r,r,r,r,r,r,r,r,B4,E-4,B3,G#2,r
212.5,156.0563,47,4.6667,r,r,r,r,r,r,r,r,r,r,r,r,r,r,r,r,r,G#4,G#4,E-3,B2,r
213.0,156.338,48,1.0,r,r,r,r,r,r,r,r,r,r,r,r,r,r,r,r,r,F#4,B3,G#3,D3,r
213.5,156.6197,48,1.3333,r,r,r,r,r,r,r,r,r,r,r,r,r,r,r,r,r,F#4,C#4,G#3,C#3,r
214.0,156.9014,48,1.6667,r,r,r,r,r,r,r,r,r,r,r,r,r,r,r,r,r,F4,D4,G#3,B2,r
214.5,157.1831,48,2.0,F#5,F#5,r,r,F#5,F#5,B-3,B-2,C#4,C#4,r,r,r,r,r,r,r,F#4,C#4,C#3,B-3,B-2
215.0,157.4648,48,2.3333,G#5,F5,r,r,G#5,F5,G#3,G#2,C#4,C#4,r,r,r,r,r,r,r,G#4,F4,C#3,G#3,G#2
215.5,157.7465,48,2.6667,B-5,F#5,r,r,B-5,F#5,F#3,F#2,C#4,C#4,r,r,r,r,r,r,r,B-4,F#4,C#3,F#3,F#2
216.0,158.0282,48,3.0,B5,G#5,r,r,B5,G#5,F#3,F#2,C#4,C#4,r,r,r,r,r,r,r,B4,G#4,C#3,F#3,F#2
216.5,158.3099,48,3.3333,B5,G#5,r,r,B5,G#5,F3,F2,C#4,C#4,r,r,r,r,r,r,r,B4,G#4,C#3,F3,F2
217.0,158.5915,48,3.6667,B-5,F#5,r,r,B-5,F#5,F#3,F#2,C#4,C#4,r,r,r,r,r,r,r,B-4,F#4,C#3,F#3,F#2
217.5,158.8732,48,4.0,B-5,F#5,r,r,B-5,F#5,B3,B2,C#4,C#4,r,r,r,r,r,r,r,B-4,F#4,C#4,B3,B2
218.0,159.1549,48,4.3333,G#5,F5,r,r,G#5,F5,B3,B2,C#4,C#4,r,r,r,r,r,r,r,G#4,F4,C#4,B3,B2
218.5,159.4366,48,4.6667,B-5,F#5,r,r,B-5,F#5,B-3,B-2,C#4,C#4,r,r,r,r,r,r,r,B-4,F#4,C#4,B-3,B-2
219.0,159.7183,49,1.0,B5,F#5,r,r,B5,F#5,G#3,G#2,C#4,C#4,r,r,r,r,r,r,r,B4,F#4,C#4,G#3,G#2
219.5,160.0,49,1.3333,B5,F5,r,r,B5,F5,C#3,C#2,C#4,C#4,r,r,r,r,r,r,r,B4,F4,C#4,C#3,C#2
220.0,160.2817,49,1.6667,B-5,F#5,r,r,B-5,F#5,F#3,F#2,C#4,C#4,r,r,r,r,r,r,r,B-4,F#4,C#4,F#3,F#2
220.5,160.5634,49,2.0,r,r,r,r,B-5,C#5,E3,E2,F#4,F#3,F#5,F#4,r,r,r,r,r,B-4,C#5,F#4,E3,E2
221.0,160.8451,49,2.3333,r,r,r,r,G#5,B4,F#3,F#2,F#4,F#3,F#5,F#4,r,r,r,r,r,G#5,B4,F#4,F#3,F#2
221.5,161.1268,49,2.6667,r,r,r,r,B-5,C#5,E3,E2,F#4,F#3,F#5,F#4,r,r,r,r,r,B-5,C#5,F#4,E3,E2
222.0,161.4085,49,3.0,r,r,r,r,F#5,B4,D3,D2,F#4,F#3,F#5,F#4,r,r,r,r,r,B5,F#5,F#4,D3,D2
222.5,161.6901,49,3.3333,r,r,r,r,F#5,B-4,F#3,F#2,F#4,F#3,F#5,F#4,r,r,r,r,r,B-5,F#5,C#5,F#3,F#2
223.0,161.9718,49,3.6667,r,r,r,r,B4,B4,D3,D2,F#4,F#3,F#5,F#4,r,r,r,r,r,B5,F#5,B4,D3,D2
223.5,162.2535,49,4.0,r,r,r,r,C#5,B-4,C#3,C#2,F#4,F#3,F#5,F#4,r,r,r,r,r,C#6,E5,B-4,C#3,C#2
224.0,162.5352,49,4.3333,r,r,r,r,B4,G#4,F#3,F#2,F#4,F#3,F#5,F#4,r,r,r,r,r,B5,E5,G#4,F#3,F#2
224.5,162.8169,49,4.6667,r,r,r,r,C#5,B-4,F#2,F#2,F#4,F#3,F#5,F#4,r,r,r,r,r,C#6,E5,B-4,F#2,F#1
225.0,163.0986,50,1.0,r,r,r,r,D5,B4,B2,B1,B3,B2,B4,B3,F#4,D4,F#3,B2,B2,D6,D5,B3,B2,B1
225.5,163.3803,50,1.3333,r,r,r,r,r,r,r,r,r,r,r,r,F#4,D4,F#3,B2,B2,r,r,C#4,C#3,r
226.0,163.662,50,1.6667,r,r,r,r,r,r,r,r,r,r,r,r,F#4,D4,F#3,B2,B2,r,r,D4,D3,r
226.5,163.9437,50,2.0,B5,r,B4,r,r,r,r,r,B3,r,r,r,r,r,r,r,r,r,r,D4,D3,r
226.75,164.0845,50,2.1667,B5,r,B4,r,r,r,r,r,B3,r,r,r,r,r,r,r,r,r,r,F#4,F#3,r
227.0,164.2254,50,2.3333,C#6,r,C#5,r,r,r,r,r,C#4,r,r,r,r,r,r,r,r,r,r,E4,E3,r
227.25,164.3662,50,2.5,C#6,r,C#5,r,r,r,r,r,C#4,r,r,r,r,r,r,r,r,r,r,D4,D3,r
227.5,164.507,50,2.6667,D6,r,D5,r,r,r,r,r,D4,r,r,r,r,r,r,r,r,r,r,C#4,C#3,r
227.75,164.6479,50,2.8333,D6,r,D5,r,r,r,r,r,D4,r,r,r,r,r,r,r,r,r,r,B3,B2,r
228.0,164.7887,50,3.0,E6,r,E5,r,r,r,r,r,E4,r,r,r,r,r,r,r,r,r,r,B3,B2,r
228.25,164.9296,50,3.1667,E6,r,E5,r,r,r,r,r,E4,r,r,r,r,r,r,r,r,r,r,G#3,G#2,r
228.5,165.0704,50,3.3333,E6,r,E5,r,r,r,r,r,E4,r,r,r,r,r,r,r,r,r,r,B-3,B-2,r
228.75,165.2113,50,3.5,E6,r,E5,r,r,r,r,r,E4,r,r,r,r,r,r,r,r,r,r,C#4,C#3,r
229.0,165.3521,50,3.6667,D6,r,D5,r,r,r,r,r,D4,r,r,r,r,r,r,r,r,r,r,B3,B2,r
229.25,165.493,50,3.8333,D6,r,D5,r,r,r,r,r,D4,r,r,r,r,r,r,r,r,r,r,F#4,F#3,r
229.5,165.6338,50,4.0,D6,r,D5,r,r,r,r,r,D4,r,r,r,r,r,r,r,r,r,r,G4,G3,r
229.75,165.7746,50,4.1667,D6,r,D5,r,r,r,r,r,D4,r,r,r,r,r,r,r,r,r,r,F#4,F#3,r
230.0,165.9155,50,4.3333,C#6,r,C#5,r,r,r,r,r,C#4,r,r,r,r,r,r,r,r,r,r,E4,E3,r
230.25,166.0563,50,4.5,C#6,r,C#5,r,r,r,r,r,C#4,r,r,r,r,r,r,r,r,r,r,D4,D3,r
230.5,166.1972,50,4.6667,D6,r,D5,r,r,r,r,r,D4,r,r,r,r,r,r,r,r,r,r,C#4,C#3,r
230.75,166.338,50,4.8333,D6,r,D5,r,r,r,r,r,D4,r,r,r,r,r,r,r,r,r,r,B3,B2,r
231.0,166.4789,51,1.0,E6,r,E5,r,r,r,r,r,E4,r,r,r,r,r,r,r,r,r,r,B3,B2,r
231.25,166.6197,51,1.1667,E6,r,E5,r,r,r,r,r,E4,r,r,r,r,r,r,r,r,r,r,G#3,G#2,r
231.5,166.7606,51,1.3333,E6,r,E5,r,r,r,r,r,E4,r,r,r,r,r,r,r,r,r,r,B-3,B-2,r
231.75,166.9014,51,1.5,E6,r,E5,r,r,r,r,r,E4,r,r,r,r,r,r,r,r,r,r,C#4,C#3,r
232.0,167.0423,51,1.6667,D6,r,D5,r,r,r,r,r,D4,r,r,r,r,r,r,r,r,r,r,B3,B2,r
232.25,167.1831,51,1.8333,D6,r,D5,r,r,r,r,r,D4,r,r,r,r,r,r,r,r,r,r,F#4,F#3,r
232.5,167.3239,51,2.0,D6,r,D5,r,r,r,r,r,D4,r,r,r,r,r,r,r,r,r,r,B4,B3,r
232.75,167.4648,51,2.1667,D6,r,D5,r,r,r,r,r,D4,r,r,r,r,r,r,r,r,r,r,C5,C4,r
233.0,167.6056,51,2.3333,C#6,r,C#5,r,r,r,r,r,C#4,r,r,r,r,r,r,r,r,r,r,A4,A3,r
233.25,167.7465,51,2.5,C#6,r,C#5,r,r,r,r,r,C#4,r,r,r,r,r,r,r,r,r,r,F#4,F#3,r
233.5,167.8873,51,2.6667,D6,r,D5,r,r,r,r,r,D4,r,r,r,r,r,r,r,r,r,r,D4,D3,r
233.75,168.0282,51,2.8333,D6,r,D5,r,r,r,r,r,D4,r,r,r,r,r,r,r,r,r,r,C4,C3,r
234.0,168.169,51,3.0,E6,r,E5,r,r,r,r,r,E4,r,r,r,E4,B-3,G3,G3,r,r,r,B-3,B-2,G2
234.25,168.3099,51,3.1667,E6,r,E5,r,r,r,r,r,E4,r,r,r,E4,B-3,G3,G3,r,r,r,G4,G3,G2
234.5,168.4507,51,3.3333,D6,r,D5,r,r,r,r,r,D4,r,r,r,E4,B-3,G3,G3,r,r,r,E4,E3,r
234.75,168.5915,51,3.5,D6,r,D5,r,r,r,r,r,D4,r,r,r,E4,B-3,G3,G3,r,r,r,D4,D3,r
235.0,168.7324,51,3.6667,E6,r,E5,r,r,r,r,r,E4,r,r,r,r,r,r,r,r,r,r,B-3,B-2,r
235.25,168.8732,51,3.8333,E6,r,E5,r,r,r,r,r,E4,r,r,r,r,r,r,r,r,r,r,G3,G2,r
235.5,169.0141,51,4.0,F#6,r,F#5,r,r,r,r,r,F#4,r,r,r,F#4,C4,A3,D3,r,r,r,A3,A2,D2
235.75,169.1549,51,4.1667,F#6,r,F#5,r,r,r,r,r,F#4,r,r,r,F#4,C4,A3,D3,r,r,r,D4,D3,D2
236.0,169.2958,51,4.3333,E6,r,E5,r,r,r,r,r,E4,r,r,r,F#4,C4,A3,D3,r,r,r,C4,C3,r
236.25,169.4366,51,4.5,E6,r,E5,r,r,r,r,r,E4,r,r,r,F#4,C4,A3,D3,r,r,r,A3,A2,r
236.5,169.5775,51,4.6667,F#6,r,F#5,r,r,r,r,r,F#4,r,r,r,r,r,r,r,r,r,r,F#3,F#2,r
236.75,169.7183,51,4.8333,F#6,r,F#5,r,r,r,r,r,F#4,r,r,r,r,r,r,r,r,r,r,D3,D2,r
237.0,169.8592,52,1.0,G6,r,G5,r,r,r,r,r,D4,D3,D5,D4,D4,B-3,G3,G2,G2,G5,G4,B-4,G2,G1
237.5,170.1408,52,1.3333,A6,r,A5,r,r,r,r,r,r,r,r,r,D4,B-3,G3,G2,G2,A5,A4,r,r,r
238.0,170.4225,52,1.6667,B-6,r,B-5,r,r,r,r,r,r,r,r,r,D4,B-3,G3,G2,G2,B-5,B-4,r,r,r
238.5,170.7042,52,2.0,B-6,r,B-5,r,r,r,r,r,r,r,r,r,r,r,r,r,r,B-5,B-4,G4,G3,G2
238.75,170.8451,52,2.1667,B-6,r,B-5,r,r,r,r,r,r,r,r,r,r,r,r,r,r,D6,D5,G4,G3,G2
239.0,170.9859,52,2.3333,r,r,r,r,r,r,r,r,r,r,r,r,r,r,r,r,r,C6,C5,A4,A3,A2
239.25,171.1268,52,2.5,r,r,r,r,r,r,r,r,r,r,r,r,r,r,r,r,r,B-5,B-4,A4,A3,A2
239.5,171.2676,52,2.6667,r,r,r,r,r,r,r,r,r,r,r,r,r,r,r,r,r,A5,A4,B-4,B-3,B-2
239.75,171.4085,52,2.8333,r,r,r,r,r,r,r,r,r,r,r,r,r,r,r,r,r,G5,G4,B-4,B-3,B-2
240.0,171.5493,52,3.0,r,r,r,r,r,r,r,r,r,r,r,r,r,r,r,r,r,G5,G4,C5,C4,C3
240.25,171.6901,52,3.1667,r,r,r,r,r,r,r,r,r,r,r,r,r,r,r,r,r,E5,E4,C5,C4,C3
240.5,171.831,52,3.3333,r,r,r,r,r,r,r,r,r,r,r,r,r,r,r,r,r,F#5,F#4,C5,C4,C3
240.75,171.9718,52,3.5,r,r,r,r,r,r,r,r,r,r,r,r,r,r,r,r,r,A5,A4,C5,C4,C3
241.0,172.1127,52,3.6667,r,r,r,r,r,r,r,r,r,r,r,r,r,r,r,r,r,G5,G4,B-4,B-3,B-2
241.25,172.2535,52,3.8333,r,r,r,r,r,r,r,r,r,r,r,r,r,r,r,r,r,D6,D5,B-4,B-3,B-2
241.5,172.3944,52,4.0,r,r,r,r,r,r,r,r,r,r,r,r,r,r,r,r,r,G6,G5,B-4,B-3,B-2
241.75,172.5352,52,4.1667,r,r,r,r,r,r,r,r,r,r,r,r,r,r,r,r,r,D6,D5,B-4,B-3,B-2
242.0,172.6761,52,4.3333,r,r,r,r,r,r,r,r,r,r,r,r,r,r,r,r,r,C6,C5,A4,A3,A2
242.25,172.8169,52,4.5,r,r,r,r,r,r,r,r,r,r,r,r,r,r,r,r,r,B-5,B-4,A4,A3,A2
242.5,172.9577,52,4.6667,r,r,r,r,r,r,r,r,r,r,r,r,r,r,r,r,r,A5,A4,B-4,B-3,B-2
242.75,173.0986,52,4.8333,r,r,r,r,r,r,r,r,r,r,r,r,r,r,r,r,r,G5,G4,B-4,B-3,B-2
243.0,173.2394,53,1.0,r,r,r,r,r,r,r,r,r,r,r,r,r,r,r,r,r,G5,G4,C5,C4,C3
243.25,173.3803,53,1.1667,r,r,r,r,r,r,r,r,r,r,r,r,r,r,r,r,r,E5,E4,C5,C4,C3
243.5,173.5211,53,1.3333,r,r,r,r,r,r,r,r,r,r,r,r,r,r,r,r,r,F#5,F#4,C5,C4,C3
243.75,173.662,53,1.5,r,r,r,r,r,r,r,r,r,r,r,r,r,r,r,r,r,A5,A4,C5,C4,C3
244.0,173.8028,53,1.6667,r,r,r,r,r,r,r,r,r,r,r,r,r,r,r,r,r,G5,G4,B-4,B-3,B-2
244.25,173.9437,53,1.8333,r,r,r,r,r,r,r,r,r,r,r,r,r,r,r,r,r,D6,D5,B-4,B-3,B-2
244.5,174.0845,53,2.0,r,r,r,r,r,r,r,r,r,r,r,r,r,r,r,r,r,G6,G5,B-4,B-3,B-2
244.75,174.2254,53,2.1667,r,r,r,r,r,r,r,r,r,r,r,r,r,r,r,r,r,G#6,G#5,F4,B-3,B-2
245.0,174.3662,53,2.3333,r,r,r,r,r,r,r,r,r,r,r,r,r,r,r,r,r,F6,F5,F4,A3,A2
245.25,174.507,53,2.5,r,r,r,r,r,r,r,r,r,r,r,r,r,r,r,r,r,D6,D5,F4,A3,A2
245.5,174.6479,53,2.6667,r,r,r,r,r,r,r,r,r,r,r,r,r,r,r,r,r,B-5,B-4,F4,B-3,B-2
245.75,174.7887,53,2.8333,r,r,r,r,r,r,r,r,r,r,r,r,r,r,r,r,r,G#5,G#4,F4,B-3,B-2
246.0,174.9296,53,3.0,r,r,r,r,r,r,r,r,r,r,r,r,A4,E-4,A3,r,r,F#5,F#4,E-4,C4,C3
246.25,175.0704,53,3.1667,r,r,r,r,r,r,r,r,r,r,r,r,A4,E-4,A3,r,r,F#6,F#5,E-4,C4,C3
246.5,175.2113,53,3.3333,r,r,r,r,r,r,r,r,r,r,r,r,A4,E-4,A3,r,r,E-6,E-5,E-4,B-3,B-2
246.75,175.3521,53,3.5,r,r,r,r,r,r,r,r,r,r,r,r,A4,E-4,A3,r,r,C6,C5,E-4,B-3,B-2
247.0,175.493,53,3.6667,r,r,r,r,r,r,r,r,r,r,r,r,r,r,r,r,r,A5,A4,E-4,C4,C3
247.25,175.6338,53,3.8333,r,r,r,r,r,r,r,r,r,r,r,r,r,r,r,r,r,F#5,F#4,E-4,C4,C3
247.5,175.7746,53,4.0,r,r,r,r,r,r,r,r,r,r,r,r,B-4,F4,G#3,D3,r,F5,F4,G#4,D4,D3
247.75,175.9155,53,4.1667,r,r,r,r,r,r,r,r,r,r,r,r,B-4,F4,G#3,D3,r,F6,F5,G#4,D4,D3
248.0,176.0563,53,4.3333,r,r,r,r,r,r,r,r,r,r,r,r,B-4,F4,G#3,D3,r,D6,D5,G#4,B-3,B-2
248.25,176.1972,53,4.5,r,r,r,r,r,r,r,r,r,r,r,r,B-4,F4,G#3,D3,r,G#5,G#4,G#4,B-3,B-2
248.5,176.338,53,4.6667,r,r,r,r,r,r,r,r,r,r,r,r,r,r,r,r,r,F5,F4,G#4,D3,D2
248.75,176.4789,53,4.8333,r,r,r,r,r,r,r,r,r,r,r,r,r,r,r,r,r,D5,D4,G#4,D3,D2
249.0,176.6197,54,1.0,r,r,E5,A4,A4,E4,A2,A2,E4,A3,E5,A4,E4,A3,A3,A2,r,A5,A5,A4,A2,A1
249.5,176.9014,54,1.3333,r,r,E5,A4,A4,E4,B2,B2,r,r,r,r,r,r,r,r,r,r,A5,A4,B2,B1
250.0,177.1831,54,1.6667,r,r,E5,A4,A4,E4,C3,C3,r,r,r,r,r,r,r,r,r,r,A5,A4,C3,C2
250.5,177.4648,54,2.0,E6,E6,C5,A4,A4,C4,C3,C3,E4,E4,r,r,r,r,r,r,r,E5,C5,E4,C3,C2
250.75,177.6056,54,2.1667,E6,E6,C5,A4,A4,C4,C4,C4,E4,E4,r,r,r,r,r,r,r,E5,C5,E4,C4,C3
251.0,177.7465,54,2.3333,F#6,F#6,C5,A4,A4,C4,A3,A3,E4,E4,r,r,r,r,r,r,r,F#5,C5,F#4,A3,A2
251.25,177.8873,54,2.5,F#6,F#6,C5,A4,A4,C4,G3,G3,E4,E4,r,r,r,r,r,r,r,F#5,C5,F#4,G3,G2
251.5,178.0282,54,2.6667,G6,G6,C#5,B-4,B-4,C#4,F#3,F#3,E4,E4,r,r,r,r,r,r,r,G5,C#5,G4,F#3,F#2
251.625,178.0986,54,2.75,G6,G6,C#5,B-4,B-4,C#4,F#3,F#3,E4,E4,r,r,r,r,r,r,r,G5,C#5,G4,F#3,F#2
251.75,178.169,54,2.8333,G6,G6,C#5,B-4,B-4,C#4,E3,E3,E4,E4,r,r,r,r,r,r,r,G5,C#5,G4,E3,E2
251.875,178.2394,54,2.9167,G6,G6,C#5,B-4,B-4,C#4,E3,E3,E4,E4,r,r,r,r,r,r,r,G5,C#5,G4,E3,E2
252.0,178.3099,54,3.0,G6,G6,D5,B4,B4,D4,B2,B2,B3,B2,B4,B3,r,r,r,r,r,G5,D5,G4,B2,B1
252.25,178.4507,54,3.1667,F#6,F#6,D5,B4,B4,D4,B2,B2,B3,B2,B4,B3,r,r,r,r,r,F#5,D5,F#4,B2,B1
252.5,178.5915,54,3.3333,E6,E6,D5,B4,B4,D4,C#3,C#3,r,r,r,r,r,r,r,r,r,E5,D5,E4,C#3,C#2
252.75,178.7324,54,3.5,D6,D6,D5,B4,B4,D4,C#3,C#3,r,r,r,r,r,r,r,r,r,D5,D5,D4,C#3,C#2
253.0,178.8732,54,3.6667,C#6,C#6,F5,G#4,G#4,F4,D3,D3,r,r,r,r,r,r,r,r,r,C#5,F5,C#4,D3,D2
253.125,178.9437,54,3.75,C#6,C#6,F5,G#4,G#4,F4,D3,D3,r,r,r,r,r,r,r,r,r,C#5,F5,C#4,D3,D2
253.25,179.0141,54,3.8333,B5,B5,F5,G#4,G#4,F4,D3,D3,r,r,r,r,r,r,r,r,r,B4,F5,B3,D3,D2
253.375,179.0845,54,3.9167,B5,B5,F5,G#4,G#4,F4,D3,D3,r,r,r,r,r,r,r,r,r,B4,F5,B3,D3,D2
253.5,179.1549,54,4.0,F#6,F#6,F#5,A4,A4,F#4,D3,D3,F#4,F#3,r,r,r,r,r,r,r,F#5,F#5,F#4,D3,D2
253.75,179.2958,54,4.1667,F#6,F#6,F#5,A4,A4,F#4,D4,D4,F#4,F#3,r,r,r,r,r,r,r,F#5,F#5,F#4,D4,D3
254.0,179.4366,54,4.3333,G#6,G#6,F#5,D5,D5,F#4,B3,B3,F#4,F#3,r,r,r,r,r,r,r,G#5,F#5,G#4,B3,B2
254.25,179.5775,54,4.5,G#6,G#6,F#5,D5,D5,F#4,A3,A3,F#4,F#3,r,r,r,r,r,r,r,G#5,F#5,G#4,A3,A2
254.5,179.7183,54,4.6667,A6,A6,E-5,C5,C5,E-4,G#3,G#3,F#4,F#3,r,r,r,r,r,r,r,A5,E-5,A4,G#3,G#2
254.75,179.8592,54,4.8333,A6,A6,E-5,C5,C5,E-4,F#3,F#3,F#4,F#3,r,r,r,r,r,r,r,A5,E-5,A4,F#3,F#2
255.0,180.0,55,1.0,A6,A6,E5,C#5,C#5,E4,C#3,C#3,E4,C#4,C#5,C#5,r,r,r,r,r,A5,E5,A4,C#3,C#2
255.25,180.1408,55,1.1667,G#6,G#6,E5,C#5,C#5,E4,C#3,C#3,E4,C#4,C#5,C#5,r,r,r,r,r,G#5,E5,G#4,C#3,C#2
255.5,180.2817,55,1.3333,F#6,F#6,E5,C#5,C#5,E4,E-3,E-3,E4,C#4,C#5,C#5,r,r,r,r,r,F#5,E5,F#4,E-3,E-2
255.75,180.4225,55,1.5,E6,E6,E5,C#5,C#5,E4,E-3,E-3,E4,C#4,C#5,C#5,r,r,r,r,r,E5,E5,E4,E-3,E-2
256.0,180.5634,55,1.6667,E-6,E-6,E5,C#5,C#5,E4,E3,E3,E4,C#4,C#5,C#5,r,r,r,r,r,E-5,E5,E-4,E3,E2
256.25,180.7042,55,1.8333,C#6,C#6,E5,C#5,C#5,E4,E3,E3,E4,C#4,C#5,C#5,r,r,r,r,r,C#5,E5,C#4,E3,E2
256.5,180.8451,55,2.0,C#6,C#6,E5,C#5,C#5,E4,A2,A2,E4,C#4,C#5,C#5,r,r,r,r,r,C#6,E5,C#5,A2,A1
256.75,180.9859,55,2.1667,G#6,G#6,E5,C#5,C#5,E4,A2,A2,E4,C#4,C#5,C#5,r,r,r,r,r,G#5,E5,G#4,A2,A1
257.0,181.1268,55,2.3333,F#6,F#6,E5,C#5,C#5,E4,C#3,C#3,E4,C#4,C#5,C#5,r,r,r,r,r,F#5,E5,F#4,C#3,C#2
257.25,181.2676,55,2.5,E6,E6,E5,C#5,C#5,E4,C#3,C#3,E4,C#4,C#5,C#5,r,r,r,r,r,E5,E5,E4,C#3,C#2
257.5,181.4085,55,2.6667,E-6,E-6,E5,C#5,C#5,E4,E3,E3,E4,C#4,C#5,C#5,r,r,r,r,r,E-5,E5,E-4,E3,E2
257.75,181.5493,55,2.8333,C#6,C#6,E5,C#5,C#5,E4,E3,E3,E4,C#4,C#5,C#5,r,r,r,r,r,C#5,E5,C#4,E3,E2
258.0,181.6901,55,3.0,E6,E6,C#5,G#4,C#5,G#4,E2,E2,E4,C#4,E5,C#5,r,r,r,r,r,E6,E5,G#4,E2,E1
258.25,181.831,55,3.1667,C#6,C#6,C#5,G#4,C#5,G#4,E2,E2,E4,C#4,E5,C#5,r,r,r,r,r,C#6,C#5,G#4,E2,E1
258.5,181.9718,55,3.3333,G#6,G#6,C#5,G#4,C#5,G#4,r,r,E4,C#4,E5,C#5,r,r,r,r,r,G#5,G#4,G#4,r,r
258.75,182.1127,55,3.5,E6,E6,C#5,G#4,C#5,G#4,r,r,E4,C#4,E5,C#5,r,r,r,r,r,E5,E4,G#4,E4,r
259.0,182.2535,55,3.6667,C#6,C#6,C#5,G#4,C#5,G#4,r,r,E4,C#4,E5,C#5,r,r,r,r,r,C#5,C#5,G#4,C#4,r
259.25,182.3944,55,3.8333,G#5,G#5,C#5,G#4,C#5,G#4,r,r,E4,C#4,E5,C#5,r,r,r,r,r,G#4,G#4,G#4,G#3,r
259.5,182.5352,55,4.0,E5,E5,C#5,G#4,C#5,G#4,E3,E3,E4,C#4,E5,C#5,r,r,r,r,r,E4,E4,E4,E3,E3
259.75,182.6761,55,4.1667,E5,E5,C#5,G#4,C#5,G#4,C#4,C#4,E4,C#4,E5,C#5,r,r,r,r,r,E4,C#4,C#4,C#4,C#3
260.0,182.8169,55,4.3333,r,r,r,r,r,r,G#3,G#3,r,r,r,r,r,r,r,r,r,E4,C#4,G#3,G#3,G#2
260.25,182.9577,55,4.5,r,r,r,r,r,r,E3,E3,r,r,r,r,r,r,r,r,r,E4,C#4,E3,E3,E2
260.5,183.0986,55,4.6667,r,r,r,r,r,r,C#3,C#3,r,r,r,r,r,r,r,r,r,E4,C#4,C#3,C#3,C#2
260.75,183.2394,55,4.8333,r,r,r,r,r,r,B2,B2,r,r,r,r,r,r,r,r,r,E4,C#4,C#3,B2,B1
261.0,183.3803,56,1.0,r,r,r,r,r,r,B-2,B-2,r,r,r,r,r,r,r,r,r,E4,C#4,C#3,B-2,B-1
262.5,184.2254,56,2.0,r,r,B-4,B-4,r,r,r,r,r,r,r,r,E3,E3,r,r,r,C#4,B-3,C#3,B-2,r
263.0,184.507,56,2.3333,r,r,C5,C5,r,r,E4,r,r,r,r,r,E3,E3,r,r,r,C#4,B-3,C#3,B-2,r
263.5,184.7887,56,2.6667,r,r,C#5,C#5,r,r,E4,r,r,r,r,r,E3,E3,r,r,r,C#4,B-3,C#3,B-2,r
264.0,185.0704,56,3.0,r,r,C#5,C#5,r,r,E4,r,r,r,r,r,F3,F3,r,r,r,C#4,B-3,C#3,B-2,r
264.5,185.3521,56,3.3333,r,r,C#5,C#5,r,r,F4,r,r,r,r,r,F3,F3,r,r,r,C#4,B-3,C#3,B-2,r
265.5,185.9155,56,4.0,r,r,r,r,E5,C#5,F4,r,r,r,r,r,E3,E3,r,B-2,r,E4,C#4,E3,C#3,B-1
266.0,186.1972,56,4.3333,r,r,r,r,F#5,E-5,E4,r,r,r,r,r,E3,E3,r,B-2,r,E4,C#4,E3,C#3,B-1
266.5,186.4789,56,4.6667,r,r,r,r,G5,E5,E4,r,r,r,r,r,r,r,r,B-2,r,E4,C#4,E3,C#3,B-1
267.0,186.7606,57,1.0,r,r,r,r,G5,E5,r,r,r,r,r,r,r,r,r,A2,r,E4,C#4,E3,C#3,A1
268.5,187.6056,57,2.0,r,r,B-5,B-4,r,r,E4,r,r,r,r,r,E3,E3,r,B-2,r,C#4,B-3,C#3,B-2,B-1
269.0,187.8873,57,2.3333,r,r,C6,C5,r,r,E4,r,r,r,r,r,E3,E3,r,B-2,r,C#4,B-3,C#3,B-2,B-1
269.5,188.169,57,2.6667,r,r,C#6,C#5,r,r,E4,r,r,r,r,r,E3,E3,r,r,r,C#4,B-3,C#3,B-2,r
270.0,188.4507,57,3.0,r,r,C#6,C#5,r,r,F4,r,r,r,r,r,F3,F3,r,r,r,C#4,B-3,C#3,B-2,r
271.5,189.2958,57,4.0,E6,C#6,r,r,E5,C#5,E4,r,r,r,r,r,E3,E3,r,B-2,r,E4,C#4,E3,C#3,B-1
272.0,189.5775,57,4.3333,F#6,E-6,r,r,F#5,E-5,E4,r,r,r,r,r,E3,E3,r,B-2,r,E4,C#4,E3,C#3,B-1
272.5,189.8592,57,4.6667,G6,E6,r,r,G5,E5,r,r,r,r,r,r,r,r,r,B-2,r,E4,C#4,E3,C#3,B-1
273.0,190.1408,58,1.0,G6,E6,r,r,G5,E5,r,r,r,r,r,r,r,r,r,A2,r,E4,C#4,E3,C#3,A1
274.5,190.9859,58,2.0,F#6,r,F#5,r,F#5,D5,D3,D3,r,r,r,r,r,r,r,D2,r,D6,D5,D3,D2,D2
275.0,191.2676,58,2.3333,G6,r,G5,r,r,r,D3,D3,r,r,r,r,r,r,r,D2,r,D6,D5,D3,D2,D2
275.5,191.5493,58,2.6667,A6,r,A5,r,r,r,D3,D3,r,r,r,r,r,r,r,D2,r,D6,D5,D3,D2,D2
275.625,191.6197,58,2.75,A6,r,A5,r,r,r,E3,E3,r,r,r,r,r,r,r,D2,r,D6,D5,D3,D2,D2
276.0,191.831,58,3.0,A6,r,A5,r,r,r,F#3,F#3,r,r,r,r,r,r,r,D2,r,C6,C5,D3,D2,D2
277.5,192.6761,58,4.0,D6,r,D5,r,r,r,G#3,G#3,r,r,r,r,r,r,r,r,r,B5,B4,D3,D2,D2
278.0,192.9577,58,4.3333,E6,r,E5,r,r,r,G#3,G#3,r,r,r,r,r,r,r,r,r,B5,B4,D3,D2,D2
278.5,193.2394,58,4.6667,F6,r,F5,r,r,r,G#3,G#3,r,r,r,r,r,r,r,r,r,B5,B4,D3,D2,D2
278.625,193.3099,58,4.75,F6,r,F5,r,r,r,A3,A3,r,r,r,r,r,r,r,r,r,A5,A4,D3,D2,D2
279.0,193.5211,59,1.0,F6,r,F5,r,r,r,B3,B3,r,r,r,r,r,r,r,r,r,G#5,G#4,D3,D2,D2
280.5,194.3662,59,2.0,E6,r,E5,r,r,r,B-3,B-3,r,r,r,r,r,r,r,r,r,D6,D5,D3,D2,D2
281.0,194.6479,59,2.3333,F#6,r,F#5,r,r,r,B-3,B-3,r,r,r,r,r,r,r,r,r,D6,D5,D3,D2,D2
281.5,194.9296,59,2.6667,G6,r,G5,r,r,r,B-3,B-3,r,r,r,r,r,r,r,r,r,D6,D5,D3,D2,D2
282.0,195.2113,59,3.0,G6,r,G5,r,r,r,A3,A3,r,r,r,r,r,r,r,r,r,C6,C5,D3,D2,D2
283.0,195.7746,59,3.6667,G6,r,G5,r,r,r,A3,A3,r,r,r,r,r,r,r,r,r,C6,C5,D3,D2,D2
283.125,195.8451,59,3.75,G6,r,G5,r,r,r,B3,B3,r,r,r,r,r,r,r,r,r,C6,C5,D3,D2,D2
283.25,195.9155,59,3.8333,G6,r,G5,r,r,r,C4,C4,r,r,r,r,r,r,r,r,r,C6,C5,D3,D2,D2
283.375,195.9859,59,3.9167,G6,r,G5,r,r,r,D4,D4,r,r,r,r,r,r,r,r,r,C6,C5,D3,D2,D2
283.5,196.0563,59,4.0,C6,r,C5,r,r,r,E-4,E-4,r,r,r,r,r,r,r,r,r,A5,A4,D3,D2,D2
284.0,196.338,59,4.3333,D6,r,D5,r,r,r,E-4,E-4,r,r,r,r,r,r,r,r,r,A5,A4,D3,D2,D2
284.5,196.6197,59,4.6667,E-6,r,E-5,r,E-5,E-5,C4,C4,r,r,r,r,r,r,r,r,r,A5,A4,D3,D2,D2
284.625,196.6901,59,4.75,E-6,r,E-5,r,E-5,E-5,C4,C4,r,r,r,r,r,r,r,r,r,F#5,F#4,D3,D2,D2
285.0,196.9014,60,1.0,E-6,r,E-5,r,E-5,E-5,r,r,r,r,r,r,r,r,r,r,r,G4,G4,G3,D3,D2
285.25,197.0423,60,1.1667,D6,r,D5,r,D5,D5,r,r,r,r,r,r,r,r,r,r,r,G4,G4,G3,D3,D2
285.5,197.1831,60,1.3333,C6,r,C5,r,C5,C5,r,r,r,r,r,r,r,r,r,r,r,A4,A4,A3,D3,D2
285.75,197.3239,60,1.5,B-5,r,B-4,r,B-4,B-4,r,r,r,r,r,r,r,r,r,r,r,A4,A4,A3,D3,D2
286.0,197.4648,60,1.6667,A5,r,A4,r,A4,A4,r,r,r,r,r,r,r,r,r,r,r,B-4,B-4,B-3,D3,D2
286.25,197.6056,60,1.8333,G5,r,G4,r,G4,G4,r,r,r,r,r,r,r,r,r,r,r,B-4,B-4,B-3,D3,D2
286.5,197.7465,60,2.0,G6,r,G5,r,G5,G5,r,r,r,r,r,r,r,r,r,r,r,B-4,G4,B-3,E-3,E-2
286.75,197.8873,60,2.1667,D6,r,D5,r,D5,D5,r,r,r,r,r,r,r,r,r,r,r,B-4,G4,B-3,E-3,E-2
287.0,198.0282,60,2.3333,C6,r,C5,r,C5,C5,r,r,r,r,r,r,r,r,r,r,r,C5,A4,C4,E-3,E-2
287.25,198.169,60,2.5,B-5,r,B-4,r,B-4,B-4,r,r,r,r,r,r,r,r,r,r,r,C5,A4,C4,E-3,E-2
287.5,198.3099,60,2.6667,A5,r,A4,r,A4,A4,r,r,r,r,r,r,r,r,r,r,r,C#5,B-4,C#4,E-3,E-2
287.75,198.4507,60,2.8333,G5,r,G4,r,G4,G4,r,r,r,r,r,r,r,r,r,r,r,C#5,B-4,C#4,E-3,E-2
288.0,198.5915,60,3.0,B-6,r,B-5,r,B-5,B-5,r,r,r,r,r,r,r,r,r,r,r,B-5,B-5,B-4,E3,E2
288.25,198.7324,60,3.1667,G6,r,G5,r,G5,G5,r,r,r,r,r,r,r,r,r,r,r,G5,G5,G4,E3,E2
288.5,198.8732,60,3.3333,E6,r,E5,r,E5,E5,r,r,r,r,r,r,r,r,r,r,r,E5,E5,E4,r,r
288.75,199.0141,60,3.5,C#6,r,C#5,r,C#5,C#5,r,r,r,r,r,r,r,r,r,r,r,C#5,C#5,C#4,C#4,r
289.0,199.1549,60,3.6667,B-5,r,B-4,r,B-4,B-4,r,r,r,r,r,r,r,r,r,r,r,B-4,B-4,B-3,B-3,r
289.25,199.2958,60,3.8333,G5,r,G4,r,G4,G4,r,r,r,r,r,r,r,r,r,r,r,G4,G4,G3,G3,r
289.5,199.4366,60,4.0,E5,r,E4,r,E4,E4,E4,E3,r,r,r,r,r,r,r,r,r,E4,E4,E3,E3,E3
289.75,199.5775,60,4.1667,E5,r,E4,r,E4,E4,C#4,C#3,r,r,r,r,r,r,r,r,r,E4,C#4,C#3,C#4,C#3
290.0,199.7183,60,4.3333,r,r,r,r,r,r,B-3,B-2,r,r,r,r,r,r,r,r,r,E4,C#4,C#3,B-3,B-2
290.25,199.8592,60,4.5,r,r,r,r,r,r,G3,G2,r,r,r,r,r,r,r,r,r,E4,C#4,C#3,G3,G2
290.5,200.0,60,4.6667,r,r,r,r,r,r,E3,E2,r,r,r,r,r,r,r,r,r,E4,C#4,C#3,E3,E2
290.75,200.1408,60,4.8333,r,r,r,r,r,r,D3,D2,r,r,r,r,r,r,r,r,r,E4,C#4,C#3,D3,D2
291.0,200.2817,61,1.0,r,r,r,r,r,r,C#3,C#2,r,r,r,r,r,r,r,r,r,E4,C#4,C#3,C#3,C#2
292.5,201.1268,61,2.0,C#6,C#6,r,r,C#5,r,r,r,r,r,r,r,G3,G3,r,r,r,E4,C#4,E3,C#3,r
293.0,201.4085,61,2.3333,E-6,E-6,r,r,E-5,r,r,r,r,r,r,r,G3,G3,r,r,r,E4,C#4,E3,C#3,r
293.5,201.6901,61,2.6667,E6,E6,r,r,E5,r,r,r,r,r,r,r,G3,G3,r,r,r,E4,C#4,E3,C#3,r
294.0,201.9718,61,3.0,E6,E6,r,r,E5,r,r,r,r,r,r,r,G#3,G#3,r,r,r,E4,C#4,E3,C#3,r
295.5,202.8169,61,4.0,r,r,E5,C#5,E4,C#4,r,r,r,r,r,r,G3,G3,r,B-2,r,E4,C#4,E3,C#3,B-1
296.0,203.0986,61,4.3333,r,r,F#5,E-5,F#4,E-4,r,r,r,r,r,r,G3,G3,r,B-2,r,E4,C#4,E3,C#3,B-1
296.5,203.3803,61,4.6667,r,r,G5,E5,G4,E4,r,r,r,r,r,r,G3,G3,r,B-2,r,E4,C#4,E3,C#3,B-1
297.0,203.662,62,1.0,r,r,G5,E5,G4,E4,r,r,r,r,r,r,r,r,r,A2,r,E4,C#4,E3,C#3,A1
298.5,204.507,62,2.0,r,r,B-4,r,r,r,B-3,B-3,r,r,r,r,r,r,r,B-2,r,C#4,B-3,C#3,B-2,B1
299.0,204.7887,62,2.3333,r,r,C5,r,r,r,C4,C4,r,r,r,r,r,r,r,B-2,r,C#4,B-3,C#3,B-2,B1
299.5,205.0704,62,2.6667,r,r,C#5,r,r,r,C#4,C#4,r,r,r,r,r,r,r,B-2,r,C#4,B-3,C#3,B-2,B1
300.0,205.3521,62,3.0,r,r,C#5,r,r,r,C#4,C#4,r,r,r,r,r,r,r,r,r,C#4,B-3,C#3,B-2,r
301.5,206.1972,62,4.0,r,r,r,r,C#4,B-3,r,r,r,r,r,r,r,r,r,G2,r,C#4,B-3,C#3,B-2,G2
302.0,206.4789,62,4.3333,r,r,r,r,E-4,C4,r,r,r,r,r,r,r,r,r,G2,r,C#4,B-3,C#3,B-2,G2
302.5,206.7606,62,4.6667,r,r,r,r,E4,C#4,r,r,r,r,r,r,r,r,r,G2,r,C#4,B-3,C#3,B-2,G2
303.0,207.0423,63,1.0,r,r,r,r,E4,C#4,r,r,r,r,r,r,r,r,r,F#2,r,C#4,B-3,C#3,B-2,F#2
304.0,207.8873,63,2.0,r,r,B5,r,E-4,B3,E-4,E-3,r,r,r,r,r,r,r,B1,r,B3,B3,E-3,B2,B1
304.3333,208.169,63,2.3333,r,r,B5,r,E-4,B3,E4,E3,r,r,r,r,r,r,r,B1,r,B3,B3,E-3,B2,B1
304.6667,208.4507,63,2.6667,r,r,B5,r,r,r,F#4,F#3,r,r,r,r,r,r,r,B1,r,B3,B3,r,B2,B1
304.75,208.5211,63,2.75,r,r,B5,r,r,r,F#4,F#3,r,r,r,r,r,r,r,B1,r,C#4,C#4,r,B2,B1
305.0,208.7324,63,3.0,r,r,A5,r,r,r,F#4,F#3,r,r,r,r,r,r,r,r,r,E-4,E-4,r,B2,B1
306.0,209.5775,63,4.0,r,r,G#5,r,r,r,B3,B2,r,r,r,r,r,r,r,r,r,F4,F4,r,B2,B1
306.3333,209.8591,63,4.3333,r,r,G#5,r,r,r,C#4,C#3,r,r,r,r,r,r,r,r,r,F4,F4,r,B2,B1
306.6667,210.1409,63,4.6667,r,r,G#5,r,r,r,D4,D3,r,r,r,r,r,r,r,r,r,F4,F4,r,B2,B1
306.75,210.2113,63,4.75,r,r,F#5,r,r,r,D4,D3,r,r,r,r,r,r,r,r,r,F#4,F#4,r,B2,B1
307.0,210.4225,64,1.0,r,r,F5,r,r,r,D4,D3,r,r,r,r,r,r,r,r,r,G#4,G#4,r,B2,B1
308.0,211.2676,64,2.0,r,r,B5,r,r,r,C#4,C#3,r,r,r,r,r,r,r,r,r,G4,G4,r,B2,B1
308.3333,211.5493,64,2.3333,r,r,B5,r,r,r,E-4,E-3,r,r,r,r,r,r,r,r,r,G4,G4,r,B2,B1
308.6667,211.831,64,2.6667,r,r,B5,r,r,r,E4,E3,r,r,r,r,r,r,r,r,r,G4,G4,r,B2,B1
309.0,212.1127,64,3.0,r,r,A5,r,r,r,E4,E3,r,r,r,r,r,r,r,r,r,F#4,F#4,r,B2,B1
309.5,212.5352,64,3.5,r,r,A5,r,r,r,E4,E3,r,r,r,r,r,r,r,r,r,F#4,F#4,r,B2,B1
309.625,212.6408,64,3.625,r,r,A5,r,r,r,E4,E3,r,r,r,r,r,r,r,r,r,G#4,G#4,r,B2,B1
309.75,212.7465,64,3.75,r,r,A5,r,r,r,E4,E3,r,r,r,r,r,r,r,r,r,A4,A4,r,B2,B1
309.875,212.8521,64,3.875,r,r,A5,r,r,r,E4,E3,r,r,r,r,r,r,r,r,r,B4,B4,r,B2,B1
310.0,212.9577,64,4.0,r,r,F#5,r,r,r,A3,A2,r,r,r,r,r,r,r,r,r,C5,C5,r,B2,B1
310.3333,213.2394,64,4.3333,r,r,F#5,r,r,r,B3,B2,r,r,r,r,r,r,r,r,r,C5,C5,r,B2,B1
310.6667,213.5212,64,4.6667,r,r,F#5,r,r,r,C4,C3,r,r,r,r,r,r,r,r,r,A4,A4,r,B2,B1
310.75,213.5915,64,4.75,r,r,E5,r,r,r,C4,C3,r,r,r,r,r,r,r,r,r,A4,A4,r,B2,B1
311.0,213.8028,65,1.0,r,r,E-5,r,r,r,C4,C3,r,r,r,r,r,r,r,r,r,F#4,F#4,r,B2,B1
312.0,214.6479,65,2.0,r,r,r,r,r,r,B3,B2,r,r,r,r,r,r,r,r,r,E5,G#4,E3,E2,r
312.75,215.2817,65,2.75,r,r,r,r,r,r,r,r,r,r,r,r,r,r,r,r,r,E5,G#4,F#3,E2,r
313.0,215.493,65,3.0,r,r,r,r,r,r,r,r,r,r,r,r,r,r,r,r,r,D5,B4,G#3,E2,r
314.0,216.338,65,4.0,r,r,r,r,F5,A4,F3,F2,r,F2,r,r,r,r,r,F2,r,C5,A4,A3,F2,r
314.75,216.9718,65,4.75,r,r,r,r,F5,A4,G3,G2,r,F2,r,r,r,r,r,F2,r,r,r,r,r,r
315.0,217.1831,66,1.0,r,r,r,r,E-5,C5,A3,A2,r,F2,r,r,r,r,r,F2,r,r,r,r,r,r
316.0,218.0282,66,2.0,F#6,r,F#5,r,C#5,B-4,B-3,B-2,F#4,F#2,r,r,r,r,r,F#2,F#2,B-5,r,F#3,F#2,F#1
316.3333,218.3098,66,2.3333,F#6,r,F#5,r,C#5,B-4,B-3,B-2,F#4,F#2,r,r,r,r,r,F#2,F#2,B5,r,F#3,F#2,F#1
316.5,218.4507,66,2.5,F#6,r,F#5,r,r,r,r,r,F#4,r,r,r,r,r,r,r,F#2,B5,r,F#3,F#2,F#1
316.6667,218.5916,66,2.6667,F#6,r,F#5,r,r,r,r,r,F#4,r,r,r,r,r,r,r,F#2,C#6,r,F#3,F#2,F#1
316.75,218.662,66,2.75,F#6,r,F#5,r,r,r,r,r,F#4,r,r,r,r,r,r,r,F#2,C#6,r,G#3,G#2,F#1
317.0,218.8732,66,3.0,E6,r,E5,r,r,r,r,r,E4,r,r,r,r,r,r,r,F#2,C#6,r,B-3,B-2,F#1
318.0,219.7183,66,4.0,E-6,r,E-5,r,r,r,r,r,E-4,r,r,r,r,r,r,r,F#2,F#5,r,C4,C3,F#1
318.3333,220.0,66,4.3333,E-6,r,E-5,r,r,r,r,r,E-4,r,r,r,r,r,r,r,F#2,G#5,r,C4,C3,F#1
318.6667,220.2817,66,4.6667,E-6,r,E-5,r,r,r,r,r,E-4,r,r,r,r,r,r,r,F#2,A5,r,C4,C3,F#1
318.75,220.3521,66,4.75,C#6,r,C#5,r,r,r,r,r,C#4,r,r,r,r,r,r,r,F#2,A5,r,C#4,C#3,F#1
319.0,220.5634,67,1.0,C6,r,C5,r,r,r,r,r,C4,r,r,r,r,r,r,r,F#2,A5,r,E-4,E-3,F#1
320.0,221.4085,67,2.0,F#6,r,F#5,r,r,r,r,r,F#4,r,r,r,r,r,r,r,F#2,G#5,r,D4,D3,F#1
320.3333,221.6901,67,2.3333,F#6,r,F#5,r,r,r,r,r,F#4,r,r,r,r,r,r,r,F#2,B-5,r,D4,D3,F#1
320.6667,221.9719,67,2.6667,F#6,r,F#5,r,r,r,r,r,F#4,r,r,r,r,r,r,r,F#2,B5,r,D4,D3,F#1
321.0,222.2535,67,3.0,F6,r,F5,r,r,r,r,r,F4,r,r,r,r,r,r,r,F#2,B5,r,C#4,C#3,F#1
321.5,222.6761,67,3.5,E6,r,E5,r,r,r,r,r,E4,r,r,r,r,r,r,r,F#2,B5,r,C#4,C#3,F#1
321.625,222.7817,67,3.625,E6,r,E5,r,r,r,r,r,E4,r,r,r,r,r,r,r,F#2,B5,r,E-4,E-3,F#1
321.75,222.8873,67,3.75,E6,r,E5,r,r,r,r,r,E4,r,r,r,r,r,r,r,F#2,B5,r,E4,E3,F#1
321.875,222.993,67,3.875,E6,r,E5,r,r,r,r,r,E4,r,r,r,r,r,r,r,F#2,B5,r,F#4,F#3,F#1
322.0,223.0986,67,4.0,C#6,r,C#5,r,r,r,r,r,C#4,r,r,r,r,r,r,r,F#2,E5,r,G4,G3,F#1
322.3333,223.3803,67,4.3333,C#6,r,C#5,r,r,r,r,r,C#4,r,r,r,r,r,r,r,F#2,F#5,r,G4,G3,F#1
322.6667,223.662,67,4.6667,C#6,r,C#5,r,r,r,r,r,C#4,r,r,r,r,r,r,r,F#2,G5,r,E4,E3,F#1
322.75,223.7324,67,4.75,B5,r,B4,r,r,r,r,r,B3,r,r,r,r,r,r,r,F#2,G5,r,E4,E3,F#1
323.0,223.9437,68,1.0,B5,r,B4,B4,r,r,r,r,B3,r,r,r,r,r,r,r,F#2,E5,r,C#4,C#3,F#1
323.3333,224.2253,68,1.3333,B5,r,B4,B4,r,r,r,r,B3,r,r,r,r,r,r,r,F#2,F#5,r,C#4,C#3,F#1
323.6667,224.5071,68,1.6667,B5,r,B4,B4,r,r,r,r,B3,r,r,r,r,r,r,r,F#2,G5,r,C#4,C#3,F#1
324.0,224.7887,68,2.0,B-5,r,B-4,B-4,r,r,r,r,B-3,r,r,r,r,r,r,r,r,E5,r,C#4,C#3,F#1
324.3333,225.0704,68,2.3333,B-5,r,B-4,B-4,r,r,r,r,B-3,r,r,r,r,r,r,r,r,F#5,r,C#4,C#3,F#1
324.6667,225.3521,68,2.6667,B-5,r,B-4,B-4,r,r,r,r,B-3,r,r,r,r,r,r,r,r,G5,r,C#4,C#3,F#1
325.0,225.6338,68,3.0,r,r,r,r,r,r,r,r,r,r,r,r,r,r,r,r,r,E5,r,r,r,r
325.3333,225.9155,68,3.3333,r,r,r,r,r,r,r,r,r,r,r,r,r,r,r,r,r,F#5,r,r,r,r
325.6667,226.1972,68,3.6667,r,r,r,r,r,r,r,r,r,r,r,r,r,r,r,r,r,G5,r,r,r,r
326.0,226.4789,68,4.0,r,r,r,r,r,r,F#2,F#2,r,r,r,r,r,r,r,r,r,B-5,r,E3,C#3,F#2
326.3333,226.7605,68,4.3333,r,r,r,r,r,r,F#2,F#2,r,r,r,r,r,r,r,r,r,G#5,r,E3,C#3,F#2
326.5,226.9014,68,4.5,r,r,r,r,r,r,F#2,F#2,r,r,r,r,r,r,r,r,r,G#5,r,E-4,E3,F#2
326.6667,227.0423,68,4.6667,r,r,r,r,r,r,F#2,F#2,r,r,r,r,r,r,r,r,r,F#5,r,E-4,E3,F#2
326.75,227.1127,68,4.75,r,r,r,r,r,r,G#2,G#2,r,r,r,r,r,r,r,r,r,F#5,r,E-4,E3,F#2
327.0,227.3239,69,1.0,r,r,r,r,r,r,B-2,B-2,r,r,r,r,r,r,r,r,r,E5,r,E4,C#4,F#2
327.3333,227.6056,69,1.3333,r,r,r,r,r,r,B-2,B-2,r,r,r,r,r,r,r,r,r,F#5,r,E4,C#4,F#2
327.6667,227.8874,69,1.6667,r,r,r,r,r,r,B-2,B-2,r,r,r,r,r,r,r,r,r,E5,r,r,r,F#2
328.0,228.169,69,2.0,r,r,r,r,r,r,C3,C3,r,r,r,r,r,r,r,r,r,E-5,r,A3,E-3,F#2
328.3333,228.4507,69,2.3333,r,r,r,r,r,r,C3,C3,r,r,r,r,r,r,r,r,r,E5,r,A3,E-3,F#2
328.5,228.5915,69,2.5,r,r,r,r,r,r,C3,C3,r,r,r,r,r,r,r,r,r,E5,r,E-4,A3,F#2
328.6667,228.7324,69,2.6667,r,r,r,r,r,r,C3,C3,r,r,r,r,r,r,r,r,r,C#5,r,E-4,A3,F#2
328.75,228.8028,69,2.75,r,r,r,r,r,r,C#3,C#3,r,r,r,r,r,r,r,r,r,C#5,r,E-4,A3,F#2
329.0,229.0141,69,3.0,r,r,r,r,r,r,E-3,E-3,r,r,r,r,r,r,r,r,r,C#5,r,A4,E-4,F#2
329.3333,229.2957,69,3.3333,r,r,r,r,r,r,E-3,E-3,r,r,r,r,r,r,r,r,r,C5,r,A4,E-4,F#2
329.6667,229.5775,69,3.6667,r,r,r,r,r,r,E-3,E-3,r,r,r,r,r,r,r,r,r,E-5,r,r,r,F#2
330.0,229.8592,69,4.0,r,r,r,r,r,r,C3,C3,r,r,r,r,r,r,r,r,r,A5,r,F#3,E-3,F#2
330.3333,230.1408,69,4.3333,r,r,r,r,r,r,C3,C3,r,r,r,r,r,r,r,r,r,G#5,r,F#3,E-3,F#2
330.5,230.2817,69,4.5,r,r,r,r,r,r,C3,C3,r,r,r,r,r,r,r,r,r,G#5,r,E-4,B-3,F#2
330.6667,230.4226,69,4.6667,r,r,r,r,r,r,C3,C3,r,r,r,r,r,r,r,r,r,F#5,r,E-4,B-3,F#2
331.0,230.7042,70,1.0,r,r,r,r,r,r,C#3,C#3,r,r,r,r,r,r,r,r,r,E5,r,G#4,G#3,F#2
331.3333,230.9859,70,1.3333,r,r,r,r,r,r,C#3,C#3,r,r,r,r,r,r,r,r,r,F#5,r,G#4,G#3,F#2
331.5,231.1268,70,1.5,r,r,r,r,r,r,C#3,C#3,r,r,r,r,r,r,r,r,r,F#5,E-5,r,r,F#2
331.625,231.2324,70,1.625,r,r,r,r,r,r,E-3,E-3,r,r,r,r,r,r,r,r,r,F#5,E-5,r,r,F#2
331.6667,231.2676,70,1.6667,r,r,r,r,r,r,E-3,E-3,r,r,r,r,r,r,r,r,r,E-5,E-5,r,r,F#2
331.75,231.338,70,1.75,r,r,r,r,r,r,E3,E3,r,r,r,r,r,r,r,r,r,E-5,E-5,r,r,F#2
331.875,231.4437,70,1.875,r,r,r,r,r,r,F#3,F#3,r,r,r,r,r,r,r,r,r,E-5,E-5,r,r,F#2
332.0,231.5493,70,2.0,r,r,r,r,r,r,G3,G3,r,r,r,r,r,r,r,r,r,C#5,r,B-3,E3,F#2
332.3333,231.831,70,2.3333,r,r,r,r,r,r,G3,G3,r,r,r,r,r,r,r,r,r,B4,r,B-3,E3,F#2
332.5,231.9718,70,2.5,r,r,r,r,r,r,G3,G3,r,r,r,r,r,r,r,r,r,B4,C#5,E4,C#4,F#2
332.6667,232.1127,70,2.6667,r,r,r,r,r,r,G3,G3,r,r,r,r,r,r,r,r,r,B-4,C#5,E4,C#4,F#2
333.0,232.3944,70,3.0,r,r,r,r,r,r,F#3,F#3,r,r,r,r,r,r,r,r,r,C#5,r,E-4,B3,F#2
333.3333,232.676,70,3.3333,r,r,r,r,r,r,F#3,F#3,r,r,r,r,r,r,r,r,r,B4,r,E-4,B3,F#2
333.5,232.8169,70,3.5,r,r,r,r,r,r,F#3,F#3,r,r,r,r,r,r,r,r,r,B4,F#4,r,r,F#2
333.6667,232.9578,70,3.6667,r,r,r,r,r,r,F#3,F#3,r,r,r,r,r,r,r,r,r,C#5,F#4,r,r,F#2
334.0,233.2394,70,4.0,r,r,r,r,r,r,E-3,E-3,B3,r,B4,B3,B3,B3,F#3,E-3,r,E5,r,B3,F#3,E-2
334.3333,233.5211,70,4.3333,r,r,r,r,r,r,E-3,E-3,B3,r,B4,B3,B3,B3,F#3,E-3,r,E-5,r,B3,F#3,E-2
334.5,233.662,70,4.5,r,r,r,r,r,r,E-3,E-3,B3,r,B4,B3,B3,B3,F#3,E-3,r,E-5,F#5,C#5,B3,E-2
334.6667,233.8028,70,4.6667,r,r,r,r,r,r,E-3,E-3,B3,r,B4,B3,B3,B3,F#3,E-3,r,F#5,F#5,C#5,B3,E-2
335.0,234.0845,71,1.0,r,r,r,r,r,r,B2,B2,E4,r,B4,B3,E4,B3,G#3,B2,r,F#5,r,r,r,B1
335.3333,234.3662,71,1.3333,r,r,r,r,r,r,B2,B2,E4,r,B4,B3,E4,B3,G#3,B2,r,B5,r,r,r,B1
335.5,234.507,71,1.5,r,r,r,r,r,r,B2,B2,E4,r,B4,B3,E4,B3,G#3,B2,r,B5,E5,B4,B3,B1
335.6667,234.6479,71,1.6667,r,r,r,r,r,r,B2,B2,E4,r,B4,B3,E4,B3,G#3,B2,r,E5,E5,B4,B3,B1
336.0,234.9296,71,2.0,r,r,r,r,r,r,B2,B2,E-4,r,B4,B3,E-4,B3,F#3,B2,r,E5,r,r,r,B1
336.3333,235.2112,71,2.3333,r,r,r,r,r,r,B2,B2,E-4,r,B4,B3,E-4,B3,F#3,B2,r,B5,r,r,r,B1
336.5,235.3521,71,2.5,r,r,r,r,r,r,B2,B2,E-4,r,B4,B3,E-4,B3,F#3,B2,r,B5,E-5,B4,B3,B1
336.6667,235.493,71,2.6667,r,r,r,r,r,r,B2,B2,E-4,r,B4,B3,E-4,B3,F#3,B2,r,E-5,E-5,B4,B3,B1
337.0,235.7746,71,3.0,r,r,r,r,r,r,B2,B2,C#4,r,F#4,F#3,C#4,r,E3,B2,r,E-5,r,r,r,B1
337.3333,236.0563,71,3.3333,r,r,r,r,r,r,B2,B2,C#4,r,F#4,F#3,C#4,r,E3,B2,r,F#5,r,r,r,B1
337.5,236.1972,71,3.5,r,r,r,r,r,r,B2,B2,C#4,r,F#4,F#3,C#4,r,E3,B2,r,F#5,C#5,F#4,F#3,B1
337.6667,236.3381,71,3.6667,r,r,r,r,r,r,B2,B2,C#4,r,F#4,F#3,C#4,r,E3,B2,r,C#5,C#5,F#4,F#3,B1
338.0,236.6197,71,4.0,r,r,r,r,r,r,B2,B2,B3,r,F#4,F#3,B3,r,E-3,B2,r,C#5,r,r,r,B1
338.3333,236.9014,71,4.3333,r,r,r,r,r,r,B2,B2,B3,r,F#4,F#3,B3,r,E-3,B2,r,F#5,r,r,r,B1
338.5,237.0423,71,4.5,r,r,r,r,r,r,B2,B2,B3,r,F#4,F#3,B3,r,E-3,B2,r,F#5,B4,F#4,F#3,B1
338.6667,237.1831,71,4.6667,r,r,r,r,r,r,B2,B2,B3,r,F#4,F#3,B3,r,E-3,B2,r,B4,B4,F#4,F#3,B1
339.0,237.4648,72,1.0,r,r,r,r,r,r,r,r,r,r,r,r,r,r,r,r,r,F#4,E-4,B3,r,r
339.3333,237.7465,72,1.3333,r,r,r,r,r,r,r,r,r,r,r,r,r,r,r,r,r,B4,F#4,E-4,r,r
339.6667,238.0282,72,1.6667,r,r,r,r,r,r,r,r,r,r,r,r,r,r,r,r,r,E-5,E-5,F#4,r,r
340.0,238.3099,72,2.0,r,r,r,r,r,r,F#3,E-3,r,r,r,r,r,r,r,r,r,F#5,F#4,B3,E-3,E-2
340.3333,238.5915,72,2.3333,r,r,r,r,r,r,B3,F#3,r,r,r,r,r,r,r,r,r,r,r,r,E-3,E-2
340.6667,238.8733,72,2.6667,r,r,r,r,r,r,E-4,B3,r,r,r,r,r,r,r,r,r,B4,B4,F#4,E-3,E-2
341.0,239.1549,72,3.0,r,r,r,r,r,r,B3,C#3,r,r,r,r,r,r,r,r,r,E5,B4,E4,C#3,C#2
342.0,240.0,72,4.0,r,r,r,r,r,r,B-3,F#3,r,r,r,r,r,r,r,r,r,E5,B-4,E4,F#2,F#1
342.5,240.4225,72,4.5,r,r,r,r,r,r,B-3,F#3,F#3,r,r,r,r,r,r,r,r,E5,B-4,E4,F#2,F#1
343.0,240.8451,73,1.0,r,r,r,r,r,r,B2,r,F#3,E-3,r,r,r,r,r,r,r,E-5,B4,F#4,B2,B1
343.3333,241.1267,73,1.3333,r,r,r,r,r,r,E-3,r,B3,F#3,r,r,r,r,r,r,r,E-5,B4,F#4,B2,B1
343.6667,241.4085,73,1.6667,r,r,r,r,r,r,F#3,r,E-4,B3,r,r,r,r,r,r,r,r,r,r,B2,B1
344.0,241.6901,73,2.0,r,r,r,r,r,r,B3,r,F#4,E-4,r,r,r,r,r,r,r,F#4,E-4,B3,r,r
344.3333,241.9718,73,2.3333,r,r,r,r,r,r,B3,r,F#4,E-4,r,r,r,r,r,r,r,B4,F#4,E-4,r,r
344.6667,242.2535,73,2.6667,r,r,r,r,r,r,r,r,r,r,r,r,r,r,r,r,r,E-5,B4,F#4,r,r
345.0,242.5352,73,3.0,r,r,r,r,r,r,F#3,r,B3,E-3,r,r,r,r,r,r,r,F#5,E-5,B4,r,r
345.3333,242.8169,73,3.3333,r,r,r,r,r,r,B3,r,E-4,F#3,r,r,r,r,r,r,r,F#5,E-5,B4,r,r
345.6667,243.0986,73,3.6667,r,r,r,r,r,r,E-4,r,F#4,B3,r,r,r,r,r,r,r,r,r,r,r,r
346.0,243.3803,73,4.0,r,r,r,r,r,r,F#4,r,A4,E-4,E-5,B4,r,r,r,r,r,B4,B3,r,r,r
346.3333,243.6619,73,4.3333,r,r,r,r,r,r,F#4,r,r,r,E-5,B4,r,r,r,r,r,E-5,E-4,r,r,r
346.6667,243.9437,73,4.6667,r,r,r,r,r,r,r,r,E-4,B3,E-5,B4,r,r,r,r,r,F#5,F#4,r,r,r
347.0,244.2254,74,1.0,r,r,r,r,r,r,r,r,E-4,B3,E-5,B4,r,r,r,r,r,G#5,G#4,r,r,r
348.0,245.0704,74,2.0,r,r,r,r,r,r,r,r,E-4,B3,E-5,B4,r,r,r,r,r,G#5,G#4,E-3,B2,B1
348.3333,245.3521,74,2.3333,r,r,r,r,r,r,r,r,E-4,B3,E-5,B4,r,r,r,r,r,G#5,G#4,G#3,E-3,B1
348.5,245.493,74,2.5,r,r,r,r,r,r,r,r,r,r,r,r,r,r,r,r,r,G#5,G#4,G#3,E-3,B1
348.6667,245.6338,74,2.6667,r,r,r,r,r,r,r,r,r,r,r,r,r,r,r,r,r,G#5,G#4,B3,G#3,B1
349.0,245.9155,74,3.0,r,r,r,r,E-5,B4,r,B2,r,r,r,r,r,r,r,r,r,A5,A4,r,r,r
349.3333,246.1972,74,3.3333,r,r,r,r,B4,G#4,r,B2,r,r,r,r,r,r,r,r,r,A5,A4,r,r,r
349.5,246.338,74,3.5,r,r,r,r,B4,G#4,r,B2,r,r,r,r,r,r,r,r,r,B5,B4,r,r,r
349.6667,246.4789,74,3.6667,r,r,r,r,G#4,E-4,r,B2,r,r,r,r,r,r,r,r,r,B5,B4,r,r,r
350.0,246.7606,74,4.0,r,r,r,r,r,r,r,r,r,r,r,r,r,r,r,r,r,G#5,G#4,E3,C#3,C#2
350.3333,247.0422,74,4.3333,r,r,r,r,r,r,r,r,r,r,r,r,r,r,r,r,r,G#5,G#4,G#3,E3,C#2
350.5,247.1831,74,4.5,r,r,r,r,r,r,r,r,r,r,r,r,r,r,r,r,r,F#5,F#4,G#3,E3,C#2
350.6667,247.324,74,4.6667,r,r,r,r,r,r,r,r,r,r,r,r,r,r,r,r,r,F#5,F#4,C#4,G#3,C#2
351.0,247.6056,75,1.0,r,r,r,r,E5,C#5,r,C#3,r,r,r,r,r,r,r,r,r,E5,E4,r,r,r
351.3333,247.8873,75,1.3333,r,r,r,r,C#5,G#4,r,C#3,r,r,r,r,r,r,r,r,r,E5,E4,r,r,r
351.5,248.0282,75,1.5,r,r,r,r,C#5,G#4,r,C#3,r,r,r,r,r,r,r,r,r,E-5,E-4,r,r,r
351.6667,248.169,75,1.6667,r,r,r,r,G#4,E4,r,C#3,r,r,r,r,r,r,r,r,r,E-5,E-4,r,r,r
352.0,248.4507,75,2.0,r,r,r,r,r,r,r,r,r,r,r,r,r,r,r,r,r,C#5,C#4,C#3,A2,A1
352.3333,248.7324,75,2.3333,r,r,r,r,r,r,r,r,r,r,r,r,r,r,r,r,r,C#5,C#4,F#3,C#3,A1
352.5,248.8732,75,2.5,r,r,r,r,r,r,r,r,r,r,r,r,r,r,r,r,r,F#5,F#4,F#3,C#3,A1
352.6667,249.0141,75,2.6667,r,r,r,r,r,r,r,r,r,r,r,r,r,r,r,r,r,F#5,F#4,A3,F#3,A1
353.0,249.2958,75,3.0,r,r,r,r,C#5,A4,r,A2,r,r,r,r,r,r,r,r,r,G#5,G#4,r,r,r
353.3333,249.5774,75,3.3333,r,r,r,r,A4,F#4,r,A2,r,r,r,r,r,r,r,r,r,G#5,G#4,r,r,r
353.5,249.7183,75,3.5,r,r,r,r,A4,F#4,r,A2,r,r,r,r,r,r,r,r,r,A5,A4,r,r,r
353.6667,249.8592,75,3.6667,r,r,r,r,F#4,C#4,r,A2,r,r,r,r,r,r,r,r,r,A5,A4,r,r,r
354.0,250.1408,75,4.0,r,r,r,r,r,r,r,r,r,r,r,r,r,r,r,r,r,F#5,F#4,E-3,B2,B1
354.3333,250.4225,75,4.3333,r,r,r,r,r,r,r,r,r,r,r,r,r,r,r,r,r,F#5,F#4,F#3,E-3,B1
354.5,250.5634,75,4.5,r,r,r,r,r,r,r,r,r,r,r,r,r,r,r,r,r,E5,E4,F#3,E-3,B1
354.6667,250.7043,75,4.6667,r,r,r,r,r,r,r,r,r,r,r,r,r,r,r,r,r,E5,E4,B3,F#3,B1
355.0,250.9859,76,1.0,r,r,r,r,E-5,B4,r,B2,r,r,r,r,r,r,r,r,r,E-5,E-4,r,r,r
355.3333,251.2676,76,1.3333,r,r,r,r,B4,F#4,r,B2,r,r,r,r,r,r,r,r,r,E-5,E-4,r,r,r
355.5,251.4085,76,1.5,r,r,r,r,B4,F#4,r,B2,r,r,r,r,r,r,r,r,r,C#5,C#4,r,r,r
355.6667,251.5493,76,1.6667,r,r,r,r,F#4,E-4,r,B2,r,r,r,r,r,r,r,r,r,C#5,C#4,r,r,r
356.0,251.831,76,2.0,r,r,r,r,r,r,r,r,r,r,r,r,r,r,r,r,r,B4,B3,E3,G#2,G#1
356.3333,252.1126,76,2.3333,r,r,r,r,r,r,r,r,r,r,r,r,r,r,r,r,r,B4,B3,G#3,E3,G#1
356.5,252.2535,76,2.5,r,r,r,r,r,r,r,r,r,r,r,r,r,r,r,r,r,E5,E4,G#3,E3,G#1
356.6667,252.3944,76,2.6667,r,r,r,r,r,r,r,r,r,r,r,r,r,r,r,r,r,E5,E4,B3,G#3,G#1
357.0,252.6761,76,3.0,r,r,r,r,B4,G#4,r,G#2,r,r,r,r,r,r,r,r,r,B5,B4,r,r,r
357.3333,252.9577,76,3.3333,r,r,r,r,G#4,E4,r,G#2,r,r,r,r,r,r,r,r,r,B5,B4,r,r,r
357.6667,253.2395,76,3.6667,r,r,r,r,E4,B3,r,G#2,r,r,r,r,r,r,r,r,r,B5,B4,r,r,r
358.0,253.5211,76,4.0,r,r,r,r,r,r,r,r,r,r,r,r,r,r,r,r,r,B5,B4,E3,G2,G1
358.3333,253.8028,76,4.3333,r,r,r,r,r,r,r,r,r,r,r,r,r,r,r,r,r,B5,B4,G3,E3,G1
358.5,253.9437,76,4.5,r,r,r,r,r,r,r,r,r,r,r,r,r,r,r,r,r,E5,E4,G3,E3,G1
358.6667,254.0845,76,4.6667,r,r,r,r,r,r,r,r,r,r,r,r,r,r,r,r,r,E5,E4,B3,G3,G1
359.0,254.3662,77,1.0,r,r,r,r,E5,B4,r,G2,r,r,r,r,r,r,r,r,r,C#6,C#5,r,r,r
359.3333,254.6479,77,1.3333,r,r,r,r,B4,G4,r,G2,r,r,r,r,r,r,r,r,r,C#6,C#5,r,r,r
359.6667,254.9296,77,1.6667,r,r,r,r,G4,E4,r,G2,r,r,r,r,r,r,r,r,r,C#6,C#5,r,r,r
360.0,255.2113,77,2.0,B-5,C#5,r,r,E5,C#5,r,F#2,r,r,r,r,r,r,r,r,r,C#6,C#5,C#3,F#2,F#1
360.3333,255.4929,77,2.3333,B-5,C#5,r,r,E5,C#5,r,F#2,r,r,r,r,r,r,r,r,r,C#6,C#5,E3,C#3,F#1
360.5,255.6338,77,2.5,B-5,C#5,r,r,E5,C#5,r,F#2,r,r,r,r,r,r,r,r,r,E6,E5,E3,C#3,F#1
360.6667,255.7747,77,2.6667,B-5,C#5,r,r,E5,C#5,r,F#2,r,r,r,r,r,r,r,r,r,E6,E5,B-3,F#3,F#1
361.0,256.0563,77,3.0,B-5,C#5,r,r,E5,C#5,r,F#2,r,r,r,r,r,r,r,r,r,E-6,E-5,E3,F#2,F#1
361.3333,256.338,77,3.3333,B-5,C#5,r,r,C#5,B-4,r,F#2,r,r,r,r,r,r,r,r,r,E-6,E-5,B-3,E3,F#1
361.5,256.4789,77,3.5,B-5,C#5,r,r,C#5,B-4,r,F#2,r,r,r,r,r,r,r,r,r,C#6,C#5,B-3,E3,F#1
361.6667,256.6197,77,3.6667,B-5,C#5,r,r,B-4,E4,r,F#2,r,r,r,r,r,r,r,r,r,C#6,C#5,C#4,B-3,F#1
362.0,256.9014,77,4.0,C#6,E5,r,r,C#5,B-4,r,F#3,r,r,r,r,r,r,r,r,r,G#5,G#4,B-3,F#3,F#2
362.3333,257.1831,77,4.3333,C#6,E5,r,r,B-4,E4,r,F#3,r,r,r,r,r,r,r,r,r,G#5,G#4,C#4,B-3,F#2
362.6667,257.4648,77,4.6667,C#6,E5,r,r,E4,C#4,r,F#3,r,r,r,r,r,r,r,r,r,G#5,G#4,E4,C#4,F#2
362.75,257.5352,77,4.75,C#6,E5,r,r,E4,C#4,r,F#3,r,r,r,r,r,r,r,r,r,B-5,B-4,E4,C#4,F#2
363.0,257.7465,78,1.0,r,r,r,r,r,r,r,r,r,r,r,r,r,r,r,r,r,B-5,B-4,r,r,r
364.0,258.5915,78,2.0,B5,D5,D5,B4,D4,B3,G2,G2,r,r,r,r,r,r,r,r,r,B5,B4,r,G2,G1
364.3333,258.8732,78,2.3333,B5,D5,D5,B4,G4,D4,G2,G2,r,r,r,r,r,r,r,r,r,B5,B4,r,G2,G1
364.6667,259.155,78,2.6667,B5,D5,D5,B4,B4,G4,G2,G2,r,r,r,r,r,r,r,r,r,B5,B4,r,G2,G1
365.0,259.4366,78,3.0,C6,E-5,E-5,C5,C5,E-4,F#2,F#2,C4,F#3,r,r,r,r,r,r,r,B5,B4,C3,F#2,F#1
365.3333,259.7183,78,3.3333,C6,E-5,E-5,C5,C5,E-4,F#2,F#2,C4,F#3,r,r,r,r,r,r,r,B5,B4,E3,C3,F#1
365.5,259.8592,78,3.5,C6,E-5,E-5,C5,C5,E-4,F#2,F#2,C4,F#3,r,r,r,r,r,r,r,A5,A4,E3,C3,F#1
365.6667,260.0,78,3.6667,C6,E-5,E-5,C5,C5,E-4,F#2,F#2,C4,F#3,r,r,r,r,r,r,r,A5,A4,C4,E-3,F#1
366.0,260.2817,78,4.0,C6,E-5,E-5,C5,C5,E-4,F#2,F#2,C4,F#3,r,r,r,r,r,r,r,E-5,E-4,r,r,F#1
366.3333,260.5634,78,4.3333,C6,E-5,E-5,C5,C5,E-4,F#2,F#2,C4,F#3,r,r,r,r,r,r,r,E-5,E-4,C4,E-3,F#1
366.6667,260.8451,78,4.6667,C6,E-5,E-5,C5,C5,E-4,F#2,F#2,C4,F#3,r,r,r,r,r,r,r,E-5,E-4,E-4,C4,F#1
366.75,260.9155,78,4.75,C6,E-5,E-5,C5,C5,E-4,F#2,F#2,C4,F#3,r,r,r,r,r,r,r,A5,A4,E-4,C4,F#1
367.0,261.1268,79,1.0,r,r,r,r,r,r,r,r,r,r,r,r,r,r,r,r,r,A5,A4,r,r,r
368.0,261.9718,79,2.0,A5,E-5,E-5,A4,C4,A3,F#2,F#2,r,r,r,r,r,r,r,r,r,C6,C5,r,F#2,F#1
368.3333,262.2535,79,2.3333,A5,E-5,E-5,A4,E-4,C4,F#2,F#2,r,r,r,r,r,r,r,r,r,C6,C5,r,F#2,F#1
368.6667,262.5352,79,2.6667,A5,E-5,E-5,A4,A4,E-4,F#2,F#2,r,r,r,r,r,r,r,r,r,C6,C5,r,F#2,F#1
369.0,262.8169,79,3.0,D6,D5,D5,D5,D5,D4,F2,F2,D4,D3,r,r,r,r,r,r,r,C6,C5,D3,F2,F1
369.3333,263.0986,79,3.3333,D6,D5,D5,D5,D5,D4,F2,F2,D4,D3,r,r,r,r,r,r,r,C6,C5,G3,D3,F1
369.5,263.2394,79,3.5,D6,D5,D5,D5,D5,D4,F2,F2,D4,D3,r,r,r,r,r,r,r,B5,B4,G3,D3,F1
369.6667,263.3803,79,3.6667,D6,D5,D5,D5,D5,D4,F2,F2,D4,D3,r,r,r,r,r,r,r,B5,B4,D4,F3,F1
370.0,263.662,79,4.0,D6,D5,D5,B4,D5,D4,F2,F2,D4,D3,r,r,r,r,r,r,r,G5,G4,r,r,F1
370.3333,263.9436,79,4.3333,D6,D5,D5,B4,D5,D4,F2,F2,D4,D3,r,r,r,r,r,r,r,G5,G4,D4,F3,F1
370.6667,264.2254,79,4.6667,D6,D5,D5,B4,D5,D4,F2,F2,D4,D3,r,r,r,r,r,r,r,G5,G4,G4,B3,F1
370.75,264.2958,79,4.75,D6,D5,D5,B4,D5,D4,F2,F2,D4,D3,r,r,r,r,r,r,r,D6,D5,G4,B3,F1
371.0,264.507,80,1.0,r,r,r,r,r,r,r,r,r,r,r,r,r,r,r,r,r,D6,D5,r,r,r
372.0,265.3521,80,2.0,C6,r,C6,C5,G5,E5,r,E2,r,r,r,r,r,r,r,r,r,G6,G5,E3,G2,E1
372.3333,265.6338,80,2.3333,C6,r,C6,C5,G5,E5,r,E2,r,r,r,r,r,r,r,r,r,G6,G5,E3,C3,E1
372.6667,265.9155,80,2.6667,C6,r,C6,C5,G5,E5,r,E2,r,r,r,r,r,r,r,r,r,G6,G5,E3,E3,E1
373.0,266.1972,80,3.0,C6,r,C6,C5,G5,E5,r,E2,r,r,r,r,r,r,r,r,r,G6,G5,E3,G3,E1
373.3333,266.4788,80,3.3333,C6,r,C6,C5,E5,C5,r,E2,r,r,r,r,r,r,r,r,r,G6,G5,E3,G3,E1
373.6667,266.7606,80,3.6667,C6,r,C6,C5,C5,G4,r,E2,r,r,r,r,r,r,r,r,r,G6,G5,E3,G3,E1
374.0,267.0423,80,4.0,B5,r,B5,B4,G4,E4,r,E2,r,r,r,r,r,r,r,r,r,G6,G5,G3,E3,E1
374.3333,267.3239,80,4.3333,B5,r,B5,B4,G4,E4,r,E2,r,r,r,r,r,r,r,r,r,G6,G5,B3,G3,E1
374.6667,267.6057,80,4.6667,B5,r,B5,B4,G4,E4,r,E2,r,r,r,r,r,r,r,r,r,G6,G5,E4,B3,E1
375.0,267.8873,81,1.0,B5,r,B5,B4,r,r,r,E2,r,r,r,r,r,r,r,r,r,G6,G5,G4,E4,E1
376.0,268.7324,81,2.0,B-5,r,B-5,B-4,r,r,r,E3,r,r,r,r,r,r,r,r,r,F#6,F#5,C#4,E3,E2
378.0,270.4225,81,4.0,B4,r,B4,r,r,r,E-3,E-3,B3,r,r,r,r,r,r,r,r,r,r,B3,E-3,E-2
379.0,271.2676,82,1.0,E5,r,B4,r,r,r,E-3,E-3,E4,r,r,r,r,r,r,r,r,r,r,B3,E-3,E-2
380.0,272.1127,82,2.0,E5,r,B-4,r,r,r,C#3,C#3,E4,r,r,r,r,r,r,r,r,r,r,B-3,C#3,C#2
381.0,272.9577,82,3.0,E5,r,G#4,r,r,r,B2,B2,E4,r,r,r,r,r,r,r,r,r,r,G#3,B2,B1
381.5,273.3803,82,3.5,C#5,r,G#4,r,r,r,B2,B2,C#4,r,r,r,r,r,r,r,r,r,r,G#3,B2,B1
382.0,273.8028,82,4.0,F#5,r,F#4,r,r,r,B-2,B-2,F#4,r,r,r,r,r,r,r,r,r,r,F#3,B-2,B-1
382.5,274.2254,82,4.5,C#5,r,F#4,r,r,r,B-2,B-2,C#4,r,r,r,r,r,r,r,r,r,r,F#3,B-2,B-1
383.0,274.6479,83,1.0,E5,r,r,r,r,r,r,r,E4,r,r,r,r,r,r,r,r,r,r,r,r,r
383.5,275.0704,83,1.5,C#5,r,r,r,r,r,r,r,C#4,r,r,r,r,r,r,r,r,r,r,r,r,r
384.0,275.493,83,2.0,F#5,r,r,r,r,r,r,r,F#4,r,r,r,r,r,r,r,r,r,r,r,r,r
384.5,275.9155,83,2.5,C#5,r,r,r,r,r,r,r,C#4,r,r,r,r,r,r,r,r,r,r,r,r,r
385.0,276.338,83,3.0,E5,r,r,r,r,r,r,r,E4,r,r,r,r,r,r,r,r,r,r,r,r,r
386.0,277.1831,83,4.0,E5,C#5,A4,r,r,r,C#4,A3,E4,r,r,r,r,r,r,r,r,r,r,r,F#2,F#1
387.0,278.0282,84,1.0,E5,C#5,G#4,r,r,r,C#4,G#3,E4,r,r,r,r,r,r,r,r,r,r,r,A2,A1
388.0,278.8732,84,2.0,E-5,B4,F#4,r,F#4,F#3,B3,F#3,E-4,F#3,r,r,r,r,r,r,r,r,r,r,A2,A1
389.0,279.7183,84,3.0,C#5,r,E4,r,F#4,A3,r,E3,C#4,F#3,r,r,r,r,r,r,r,r,r,r,A2,A1
389.5,280.1408,84,3.5,C#5,r,E4,r,F#4,A3,r,E3,C#4,F#3,r,r,r,r,r,r,r,r,r,r,F#2,F#1
390.0,280.5634,84,4.0,B4,r,E-4,r,F#4,A3,r,E-3,B3,F#3,r,r,r,r,r,r,r,r,r,r,B2,B1
390.5,280.9859,84,4.5,B4,r,E-4,r,F#4,A3,r,E-3,B3,F#3,r,r,r,r,r,r,r,r,r,r,F#2,F#1
391.0,281.4085,85,1.0,r,r,r,r,r,r,r,r,r,r,r,r,r,r,r,r,r,r,r,r,A2,A1
391.5,281.831,85,1.5,r,r,r,r,r,r,r,r,r,r,r,r,r,r,r,r,r,r,r,r,F#2,F#1
392.0,282.2535,85,2.0,r,r,r,r,r,r,r,r,r,r,r,r,r,r,r,r,r,A4,E-4,B3,B2,B1
392.5,282.6761,85,2.5,r,r,r,r,r,r,r,r,r,r,r,r,r,r,r,r,r,A4,E-4,B3,F#2,F#1
393.0,283.0986,85,3.0,r,r,r,r,r,r,r,r,r,r,r,r,r,r,r,r,r,A4,E-4,B3,G2,G1
393.5,283.5211,85,3.5,r,r,r,r,r,r,r,r,r,r,r,r,r,r,r,r,r,G4,E4,B3,E2,E1
394.0,283.9437,85,4.0,r,r,r,r,r,r,r,r,r,r,r,r,r,r,r,r,r,r,r,C#4,A2,A1
394.5,284.3662,85,4.5,r,r,r,r,r,r,r,r,r,r,r,r,r,r,r,r,r,G4,C#4,A3,E2,E1
395.0,284.7887,86,1.0,r,r,r,r,r,r,F#3,F#2,r,r,r,r,r,r,r,r,r,G4,C#4,A3,F#2,F#2
395.5,285.2113,86,1.5,r,r,r,r,r,r,D3,D2,r,r,r,r,r,r,r,r,r,F#4,D4,A3,D2,D2
396.0,285.6338,86,2.0,r,r,r,r,r,r,G3,G2,r,r,r,r,r,r,r,r,r,r,r,B3,G2,G2
396.5,286.0563,86,2.5,r,r,r,r,r,r,D3,D2,r,r,r,r,r,r,r,r,r,F#4,B3,G3,D2,D2
397.0,286.4789,86,3.0,r,r,r,r,r,r,E3,E2,r,r,r,r,r,r,r,r,r,F#4,B3,G3,E2,E2
397.3333,286.7605,86,3.3333,r,r,r,r,r,r,C#3,C#2,r,r,r,r,r,r,r,r,r,F#4,B3,G3,C#2,C#2
397.5,286.9014,86,3.5,r,r,r,r,r,r,C#3,C#2,r,r,r,r,r,r,r,r,r,E4,C#4,G3,C#2,C#2
397.6667,287.0423,86,3.6667,r,r,r,r,r,r,G3,G2,r,r,r,r,r,r,r,r,r,E4,C#4,G3,G2,G2
398.0,287.3239,86,4.0,r,r,r,r,r,r,E3,E2,r,r,r,r,r,r,r,r,r,r,r,r,E2,E2
398.3333,287.6056,86,4.3333,r,r,r,r,r,r,C#4,C#3,r,r,r,r,r,r,r,r,r,r,r,r,C#3,C#3
398.5,287.7465,86,4.5,r,r,r,r,r,r,C#4,C#3,r,r,r,r,r,r,r,r,r,F#6,F#5,C#5,C#3,C#3
398.6667,287.8874,86,4.6667,r,r,r,r,r,r,G3,G2,r,r,r,r,r,r,r,r,r,F#6,F#5,C#5,G2,G2
399.0,288.169,87,1.0,r,r,r,r,r,r,E4,E3,r,r,r,r,r,r,r,r,r,F#6,F#5,C#5,E3,E3
399.3333,288.4507,87,1.3333,r,r,r,r,r,r,C#4,C#3,r,r,r,r,r,r,r,r,r,F#6,F#5,C#5,C#3,C#3
399.5,288.5915,87,1.5,r,r,r,r,r,r,C#4,C#3,r,r,r,r,r,r,r,r,r,E6,E5,C#5,C#3,C#3
399.6667,288.7324,87,1.6667,r,r,r,r,r,r,G4,G3,r,r,r,r,r,r,r,r,r,E6,E5,C#5,G3,G3
400.0,289.0141,87,2.0,r,r,r,r,r,r,r,r,F#3,F#3,F#4,F#4,r,r,r,r,r,r,r,F#4,F#3,r
400.75,289.6479,87,2.75,r,r,r,r,r,r,r,r,F#3,F#3,F#4,F#4,r,r,r,r,r,r,r,B4,B3,r
401.0,289.8592,87,3.0,r,r,r,r,r,r,r,r,B3,B3,B4,B4,r,r,r,r,r,r,r,B4,B3,r
402.0,290.7042,87,4.0,r,r,r,r,B4,A4,B3,A3,B3,B3,B4,B4,B3,B3,A3,B3,B2,B4,B4,A4,B3,B2
402.75,291.338,87,4.75,r,r,r,r,B4,A4,B3,A3,B3,B3,B4,B4,B3,B3,A3,B3,B2,E5,E5,A4,B3,B2
403.0,291.5493,88,1.0,r,r,r,r,E5,G4,E4,G3,B3,B2,B4,B3,E4,B3,G3,B2,B2,E5,E5,G4,B2,B1
403.1667,291.6902,88,1.1667,r,r,r,r,E5,G4,E4,G3,B3,B2,B4,B3,E4,B3,G3,B2,B2,E-5,E5,G4,B2,B1
403.3333,291.831,88,1.3333,r,r,r,r,E5,G4,E4,G3,B3,B2,B4,B3,E4,B3,G3,B2,B2,E-5,E5,G4,B2,B1
403.5,291.9718,88,1.5,r,r,r,r,E5,G4,E4,G3,B3,B2,B4,B3,E4,B3,G3,B2,B2,F#5,F#5,B3,B2,B1
403.6667,292.1127,88,1.6667,r,r,r,r,E5,G4,E4,G3,B3,B2,B4,B3,E4,B3,G3,B2,B2,G5,F#5,B3,B2,B1
403.8333,292.2535,88,1.8333,r,r,r,r,E5,G4,E4,G3,B3,B2,B4,B3,E4,B3,G3,B2,B2,G5,F#5,B3,B2,B1
404.0,292.3944,88,2.0,r,r,r,r,D5,F#4,D4,F#3,B3,B2,B4,B3,D4,B3,F#3,B2,B2,D5,D5,F#4,B2,B1
404.1667,292.5352,88,2.1667,r,r,r,r,D5,F#4,D4,F#3,B3,B2,B4,B3,D4,B3,F#3,B2,B2,C#5,D5,F#4,B2,B1
404.3333,292.676,88,2.3333,r,r,r,r,D5,F#4,D4,F#3,B3,B2,B4,B3,D4,B3,F#3,B2,B2,C#5,D5,F#4,B2,B1
404.5,292.8169,88,2.5,r,r,r,r,D5,F#4,D4,F#3,B3,B2,B4,B3,D4,B3,F#3,B2,B2,E5,E5,B3,B2,B1
404.6667,292.9578,88,2.6667,r,r,r,r,D5,F#4,D4,F#3,B3,B2,B4,B3,D4,B3,F#3,B2,B2,F#5,E5,B3,B2,B1
404.8333,293.0986,88,2.8333,r,r,r,r,D5,F#4,D4,F#3,B3,B2,B4,B3,D4,B3,F#3,B2,B2,F#5,E5,B3,B2,B1
405.0,293.2394,88,3.0,r,r,r,r,C#5,B-4,C#4,E3,r,r,r,r,C#4,B-3,E3,B2,r,C#5,C#5,E4,B2,B1
405.1667,293.3803,88,3.1667,r,r,r,r,C#5,B-4,C#4,E3,r,r,r,r,C#4,B-3,E3,B2,r,B4,C#5,E4,B2,B1
405.3333,293.5211,88,3.3333,r,r,r,r,C#5,B-4,C#4,E3,r,r,r,r,C#4,B-3,E3,B2,r,B4,C#5,E4,B2,B1
405.5,293.662,88,3.5,r,r,r,r,C#5,B-4,C#4,E3,r,r,r,r,C#4,B-3,E3,B2,r,D5,D5,B-3,B2,B1
405.6667,293.8028,88,3.6667,r,r,r,r,C#5,B-4,C#4,E3,r,r,r,r,C#4,B-3,E3,B2,r,E5,D5,B-3,B2,B1
405.8333,293.9436,88,3.8333,r,r,r,r,C#5,B-4,C#4,E3,r,r,r,r,C#4,B-3,E3,B2,r,E5,D5,B-3,B2,B1
406.0,294.0845,88,4.0,r,r,F#5,F#5,B4,F#4,B3,D3,F#4,F#3,F#5,F#4,B3,B3,D3,B2,B2,F#4,F#4,D4,B3,B2
406.1667,294.2254,88,4.1667,r,r,F#5,F#5,B4,F#4,B3,D3,F#4,F#3,F#5,F#4,B3,B3,D3,B2,B2,B4,F#4,D4,B3,B2
406.3333,294.3662,88,4.3333,r,r,F#5,F#5,B4,F#4,B3,D3,F#4,F#3,F#5,F#4,B3,B3,D3,B2,B2,B4,F#4,D4,B3,B2
406.5,294.507,88,4.5,r,r,F#5,F#5,B4,F#4,B3,D3,F#4,F#3,F#5,F#4,B3,B3,D3,B2,B2,F5,F#4,B3,B3,B2
406.6667,294.6479,88,4.6667,r,r,F#5,F#5,B4,F#4,B3,D3,F#4,F#3,F#5,F#4,B3,B3,D3,B2,B2,F#5,F#4,B3,B3,B2
406.75,294.7183,88,4.75,r,r,F#5,F#5,B4,F#4,B3,D3,F#4,F#3,F#5,F#4,B3,B3,D3,B2,B2,F#5,B4,B3,B3,B2
406.8333,294.7887,88,4.8333,r,r,F#5,F#5,B4,F#4,B3,D3,F#4,F#3,F#5,F#4,B3,B3,D3,B2,B2,F#5,B4,B3,B3,B2
407.0,294.9296,89,1.0,r,r,B5,D5,D5,B4,D4,B3,F#4,F#3,F#5,F#4,r,r,F#3,F#2,F#2,B5,B4,D5,F#2,F#1
407.1667,295.0705,89,1.1667,r,r,B5,D5,D5,B4,D4,B3,F#4,F#3,F#5,F#4,r,r,F#3,F#2,F#2,B-5,B4,D5,F#2,F#1
407.3333,295.2112,89,1.3333,r,r,B5,D5,D5,B4,D4,B3,F#4,F#3,F#5,F#4,r,r,F#3,F#2,F#2,B-5,B4,D5,F#2,F#1
407.5,295.3521,89,1.5,r,r,B5,D5,D5,B4,D4,B3,F#4,F#3,F#5,F#4,r,r,F#3,F#2,F#2,C#6,C#5,F#4,F#2,F#1
407.6667,295.493,89,1.6667,r,r,B5,D5,D5,B4,D4,B3,F#4,F#3,F#5,F#4,r,r,F#3,F#2,F#2,D6,C#5,F#4,F#2,F#1
407.8333,295.6338,89,1.8333,r,r,B5,D5,D5,B4,D4,B3,F#4,F#3,F#5,F#4,r,r,F#3,F#2,F#2,D6,C#5,F#4,F#2,F#1
408.0,295.7746,89,2.0,r,r,A5,C#5,C#5,A4,C#4,A3,F#4,F#3,F#5,F#4,r,r,F#3,F#2,F#2,A5,A4,C#5,F#2,F#1
408.1667,295.9155,89,2.1667,r,r,A5,C#5,C#5,A4,C#4,A3,F#4,F#3,F#5,F#4,r,r,F#3,F#2,F#2,G#5,A4,C#5,F#2,F#1
408.3333,296.0563,89,2.3333,r,r,A5,C#5,C#5,A4,C#4,A3,F#4,F#3,F#5,F#4,r,r,F#3,F#2,F#2,G#5,A4,C#5,F#2,F#1
408.5,296.1972,89,2.5,r,r,A5,C#5,C#5,A4,C#4,A3,F#4,F#3,F#5,F#4,r,r,F#3,F#2,F#2,B5,B4,F#4,F#2,F#1
408.6667,296.3381,89,2.6667,r,r,A5,C#5,C#5,A4,C#4,A3,F#4,F#3,F#5,F#4,r,r,F#3,F#2,F#2,C#6,B4,F#4,F#2,F#1
408.8333,296.4788,89,2.8333,r,r,A5,C#5,C#5,A4,C#4,A3,F#4,F#3,F#5,F#4,r,r,F#3,F#2,F#2,C#6,B4,F#4,F#2,F#1
409.0,296.6197,89,3.0,r,r,G#5,F5,B4,G#4,B3,G#3,r,r,r,r,r,r,F#3,F#2,r,G#5,G#4,B4,F#2,F#1
409.1667,296.7606,89,3.1667,r,r,G#5,F5,B4,G#4,B3,G#3,r,r,r,r,r,r,F#3,F#2,r,F#5,G#4,B4,F#2,F#1
409.3333,296.9014,89,3.3333,r,r,G#5,F5,B4,G#4,B3,G#3,r,r,r,r,r,r,F#3,F#2,r,F#5,G#4,B4,F#2,F#1
409.5,297.0423,89,3.5,r,r,G#5,F5,B4,G#4,B3,G#3,r,r,r,r,r,r,F#3,F#2,r,A5,A4,F4,F#2,F#1
409.6667,297.1831,89,3.6667,r,r,G#5,F5,B4,G#4,B3,G#3,r,r,r,r,r,r,F#3,F#2,r,B5,A4,F4,F#2,F#1
409.8333,297.3239,89,3.8333,r,r,G#5,F5,B4,G#4,B3,G#3,r,r,r,r,r,r,F#3,F#2,r,B5,A4,F4,F#2,F#1
410.0,297.4648,89,4.0,C#6,C#6,C#5,C#5,A4,F#4,A3,F#3,C#4,C#4,C#5,C#5,C#4,C#4,A3,F#3,F#2,C#5,C#5,A4,F#3,F#2
410.1667,297.6057,89,4.1667,C#6,C#6,C#5,C#5,A4,F#4,A3,F#3,C#4,C#4,C#5,C#5,C#4,C#4,A3,F#3,F#2,F#5,C#5,A4,F#3,F#2
410.3333,297.7465,89,4.3333,C#6,C#6,C#5,C#5,A4,F#4,A3,F#3,C#4,C#4,C#5,C#5,C#4,C#4,A3,F#3,F#2,F#5,C#5,A4,F#3,F#2
410.5,297.8873,89,4.5,C#6,C#6,C#5,C#5,A4,F#4,A3,F#3,C#4,C#4,C#5,C#5,C#4,C#4,A3,F#3,F#2,C6,C#5,F#4,F#3,F#2
410.6667,298.0282,89,4.6667,C#6,C#6,C#5,C#5,A4,F#4,A3,F#3,C#4,C#4,C#5,C#5,C#4,C#4,A3,F#3,F#2,C#6,C#5,F#4,F#3,F#2
410.75,298.0986,89,4.75,C#6,C#6,C#5,C#5,A4,F#4,A3,F#3,C#4,C#4,C#5,C#5,C#4,C#4,A3,F#3,F#2,C#6,F#5,F#4,F#3,F#2
410.8333,298.169,89,4.8333,C#6,C#6,C#5,C#5,A4,F#4,A3,F#3,C#4,C#4,C#5,C#5,C#4,C#4,A3,F#3,F#2,C#6,F#5,F#4,F#3,F#2
411.0,298.3099,90,1.0,F#6,E-6,F#5,E-5,A4,E-4,C3,C2,F#4,A3,F#5,A4,F#4,E-4,A3,C3,F#2,F#6,F#5,E-5,C3,C2
411.1667,298.4507,90,1.1667,F#6,E-6,F#5,E-5,A4,E-4,C3,C2,F#4,A3,F#5,A4,F#4,E-4,A3,C3,F#2,F6,F5,E-5,C3,C2
411.3333,298.5915,90,1.3333,F#6,E-6,F#5,E-5,A4,E-4,C3,C2,F#4,A3,F#5,A4,F#4,E-4,A3,C3,F#2,F6,F5,E-5,C3,C2
411.5,298.7324,90,1.5,F#6,E-6,F#5,E-5,A4,E-4,C3,C2,F#4,A3,r,r,r,r,r,r,F#2,G#6,G#5,E-5,C3,C2
411.6667,298.8733,90,1.6667,F#6,E-6,F#5,E-5,A4,E-4,C3,C2,F#4,A3,r,r,r,r,r,r,F#2,A6,A5,E-5,C3,C2
411.8333,299.0141,90,1.8333,F#6,E-6,F#5,E-5,A4,E-4,C3,C2,F#4,A3,r,r,r,r,r,r,F#2,A6,A5,E-5,C3,C2
412.0,299.1549,90,2.0,F#6,C#6,F#5,C#5,A4,C#4,C#3,C#2,F#4,A3,F#5,A4,r,r,r,r,F#2,F#6,F#5,C#5,C#3,C#2
412.1667,299.2958,90,2.1667,F#6,C#6,F#5,C#5,A4,C#4,C#3,C#2,F#4,A3,F#5,A4,r,r,r,r,F#2,F6,F5,C#5,C#3,C#2
412.3333,299.4366,90,2.3333,F#6,C#6,F#5,C#5,A4,C#4,C#3,C#2,F#4,A3,F#5,A4,r,r,r,r,F#2,F6,F5,C#5,C#3,C#2
412.5,299.5775,90,2.5,F#6,C#6,F#5,C#5,A4,C#4,C#3,C#2,F#4,A3,r,r,r,r,r,r,F#2,G#6,G#5,C#5,C#3,C#2
412.6667,299.7183,90,2.6667,F#6,C#6,F#5,C#5,A4,C#4,C#3,C#2,F#4,A3,r,r,r,r,r,r,F#2,A6,A5,C#5,C#3,C#2
412.8333,299.8591,90,2.8333,F#6,C#6,F#5,C#5,A4,C#4,C#3,C#2,F#4,A3,r,r,r,r,r,r,F#2,A6,A5,C#5,C#3,C#2
413.0,300.0,90,3.0,F#6,C6,F#5,C5,A4,C4,E-3,E-2,F#4,A3,F#5,A4,r,r,r,r,r,F#6,F#5,C5,E-3,E-2
413.1667,300.1409,90,3.1667,F#6,C6,F#5,C5,A4,C4,E-3,E-2,F#4,A3,F#5,A4,r,r,r,r,r,F6,F5,C5,E-3,E-2
413.3333,300.2817,90,3.3333,F#6,C6,F#5,C5,A4,C4,E-3,E-2,F#4,A3,F#5,A4,r,r,r,r,r,F6,F5,C5,E-3,E-2
413.5,300.4225,90,3.5,F#6,E-6,F#5,E-5,A4,E-4,C3,C2,F#4,A3,r,r,r,r,r,r,r,G#6,G#5,E-5,C3,C2
413.6667,300.5634,90,3.6667,F#6,E-6,F#5,E-5,A4,E-4,C3,C2,F#4,A3,r,r,r,r,r,r,r,A6,A5,E-5,C3,C2
413.8333,300.7042,90,3.8333,F#6,E-6,F#5,E-5,A4,E-4,C3,C2,F#4,A3,r,r,r,r,r,r,r,A6,A5,E-5,C3,C2
414.0,300.8451,90,4.0,F#6,C#6,F#5,C#5,G#4,G#4,C#3,C#2,F#4,C#4,C#5,C#5,r,r,r,r,r,F#6,F#5,G#4,C#3,C#2
414.5,301.2676,90,4.5,E6,C#6,E5,C#5,C#5,G#4,C#4,C#3,E4,C#4,r,r,r,r,r,r,r,E6,E5,G#4,C#4,C#3
415.0,301.6901,91,1.0,G6,E6,G5,E5,C#5,G4,B3,B2,r,r,r,r,r,r,r,r,r,E6,E5,G4,B3,B2
415.1667,301.831,91,1.1667,G6,E6,G5,E5,C#5,G4,B3,B2,r,r,r,r,r,r,r,r,r,E-6,E-5,G4,B3,B2
415.3333,301.9718,91,1.3333,G6,E6,G5,E5,C#5,G4,B3,B2,r,r,r,r,r,r,r,r,r,E-6,E-5,G4,B3,B2
415.5,302.1127,91,1.5,G6,E6,G5,E5,C#5,G4,B-3,B-2,E4,C#4,r,r,r,r,r,r,r,F#6,F#5,C#5,B-3,B-2
415.6667,302.2535,91,1.6667,G6,E6,G5,E5,C#5,G4,B-3,B-2,E4,C#4,r,r,r,r,r,r,r,G6,G5,C#5,B-3,B-2
415.8333,302.3943,91,1.8333,G6,E6,G5,E5,C#5,G4,B-3,B-2,E4,C#4,r,r,r,r,r,r,r,G6,G5,C#5,B-3,B-2
416.0,302.5352,91,2.0,F#6,E6,F#5,E5,C#5,G4,B3,B2,E4,F#3,r,r,r,r,r,r,r,E6,E5,F#4,B3,B2
416.5,302.9577,91,2.5,F#6,D6,F#5,D5,B4,F#4,B2,B1,D4,F#3,r,r,r,r,r,r,r,D6,D5,F#4,B2,B1
417.0,303.3803,91,3.0,F6,D6,F5,D5,B4,F4,A3,A2,r,r,r,r,r,r,r,r,r,D6,D5,F4,A3,A2
417.1667,303.5212,91,3.1667,F6,D6,F5,D5,B4,F4,A3,A2,r,r,r,r,r,r,r,r,r,C#6,C#5,F4,A3,A2
417.3333,303.6619,91,3.3333,F6,D6,F5,D5,B4,F4,A3,A2,r,r,r,r,r,r,r,r,r,C#6,C#5,F4,A3,A2
417.5,303.8028,91,3.5,F6,D6,F5,D5,B4,F4,G#3,G#2,D4,B3,r,r,r,r,r,r,r,E6,E5,B4,G#3,G#2
417.6667,303.9437,91,3.6667,F6,D6,F5,D5,B4,F4,G#3,G#2,D4,B3,r,r,r,r,r,r,r,F6,F5,B4,G#3,G#2
417.8333,304.0845,91,3.8333,F6,D6,F5,D5,B4,F4,G#3,G#2,D4,B3,r,r,r,r,r,r,r,F6,F5,B4,G#3,G#2
418.0,304.2254,91,4.0,E6,D6,E5,D5,E4,E4,A3,A2,r,r,r,r,r,r,r,r,r,D6,D5,E4,A3,A2
418.1667,304.3662,91,4.1667,E6,D6,E5,D5,E4,E4,A3,A2,r,r,r,r,r,r,r,r,r,B5,B4,E4,A3,A2
418.3333,304.507,91,4.3333,E6,D6,E5,D5,E4,E4,A3,A2,r,r,r,r,r,r,r,r,r,B5,B4,E4,A3,A2
418.5,304.6479,91,4.5,E-6,C6,E-5,C5,C5,E-4,F#3,F#2,C4,A3,r,r,r,r,r,r,r,D6,D5,A4,F#3,F#2
418.6667,304.7888,91,4.6667,E-6,C6,E-5,C5,C5,E-4,F#3,F#2,C4,A3,r,r,r,r,r,r,r,E-6,E-5,A4,F#3,F#2
418.8333,304.9295,91,4.8333,E-6,C6,E-5,C5,C5,E-4,F#3,F#2,C4,A3,r,r,r,r,r,r,r,E-6,E-5,A4,F#3,F#2
419.0,305.0704,92,1.0,D6,C6,D5,C5,C5,D4,G3,G2,r,r,r,r,r,r,r,r,r,C6,C5,D4,G3,G2
419.1667,305.2113,92,1.1667,D6,C6,D5,C5,C5,D4,G3,G2,r,r,r,r,r,r,r,r,r,B-5,B-4,D4,G3,G2
419.3333,305.3521,92,1.3333,D6,C6,D5,C5,C5,D4,G3,G2,r,r,r,r,r,r,r,r,r,B-5,B-4,D4,G3,G2
419.5,305.493,92,1.5,D6,B5,D5,B4,B4,D4,F#3,F#2,B3,B2,D5,D4,r,r,r,r,r,C#6,C#5,D4,F#3,F#2
419.6667,305.6338,92,1.6667,D6,B5,D5,B4,B4,D4,F#3,F#2,B3,B2,D5,D4,r,r,r,r,r,D6,D5,D4,F#3,F#2
419.8333,305.7746,92,1.8333,D6,B5,D5,B4,B4,D4,F#3,F#2,B3,B2,D5,D4,r,r,r,r,r,D6,D5,D4,F#3,F#2
420.0,305.9155,92,2.0,D6,B5,D5,B4,B4,D4,F3,F2,B3,B2,D5,D4,r,r,r,r,r,C#6,C#5,G#4,F3,F2
420.1667,306.0564,92,2.1667,D6,B5,D5,B4,B4,D4,F3,F2,B3,B2,D5,D4,r,r,r,r,r,D6,D5,G#4,F3,F2
420.3333,306.1972,92,2.3333,D6,B5,D5,B4,B4,D4,F3,F2,B3,B2,D5,D4,r,r,r,r,r,D6,D5,G#4,F3,F2
420.5,306.338,92,2.5,D6,B5,D5,B4,B4,G#4,B2,B1,D4,D3,B4,B3,r,r,r,r,r,C#6,C#5,G#4,B2,B1
420.6667,306.4789,92,2.6667,D6,B5,D5,B4,B4,G#4,B2,B1,D4,D3,B4,B3,r,r,r,r,r,D6,D5,G#4,B2,B1
420.8333,306.6197,92,2.8333,D6,B5,D5,B4,B4,G#4,B2,B1,D4,D3,B4,B3,r,r,r,r,r,D6,D5,G#4,B2,B1
421.0,306.7606,92,3.0,C#6,B5,C#5,B4,B4,C#4,F#3,F#2,F#4,F#3,F#4,F#3,r,r,r,r,r,B5,B4,C#5,F#3,F#2
422.0,307.6056,92,4.0,C#6,B-5,C#5,B-4,B-4,C#4,F#2,F#2,F#3,F#2,F#4,F#3,r,r,r,r,r,B-5,B-4,C#5,F#2,F#1
423.0,308.4507,93,1.0,r,r,r,r,r,r,G2,G2,B3,B2,r,r,r,r,r,r,B2,r,r,r,B2,G2
423.5,308.7324,93,1.3333,r,r,r,r,r,r,G2,G2,B3,B2,r,r,r,r,r,r,B2,r,r,r,C#3,G2
424.0,309.0141,93,1.6667,r,r,r,r,r,r,G2,G2,B3,B2,r,r,r,r,r,r,B2,r,r,r,D3,G2
424.5,309.2958,93,2.0,r,r,r,r,r,r,F#2,F#2,B3,B2,r,r,r,r,r,r,B2,B4,B4,B4,E-3,F#2
425.0,309.5775,93,2.3333,r,r,r,r,r,r,F#2,F#2,B3,B2,r,r,r,r,r,r,B2,C#5,C#5,B-4,E3,F#2
425.5,309.8592,93,2.6667,r,r,r,r,r,r,F#2,F#2,B3,B2,r,r,r,r,r,r,B2,E-5,E-5,A4,F#3,F#2
426.0,310.1408,93,3.0,r,r,r,r,r,r,B2,B1,B3,B2,r,r,r,r,r,r,B2,E5,E5,G#4,G#3,B1
426.5,310.4225,93,3.3333,r,r,r,r,r,r,B2,B1,B3,B2,r,r,r,r,r,r,B2,E5,E5,G4,B-3,B1
427.0,310.7042,93,3.6667,r,r,r,r,r,r,B2,B1,B3,B2,r,r,r,r,r,r,B2,E-5,E-5,F#4,B3,B1
427.5,310.9859,93,4.0,r,r,r,r,r,r,G#2,G#2,B3,B2,r,r,r,r,r,r,B2,r,r,r,B2,G#2
428.0,311.2676,93,4.3333,r,r,r,r,r,r,G#2,G#2,B3,B2,r,r,r,r,r,r,B2,r,r,r,C#3,G#2
428.5,311.5493,93,4.6667,r,r,r,r,r,r,G#2,G#2,B3,B2,r,r,r,r,r,r,B2,r,r,r,D3,G#2
429.0,311.831,94,1.0,r,r,r,r,r,r,G2,G2,B3,B2,r,r,r,r,r,r,B2,r,B3,B3,D3,G2
429.5,312.1127,94,1.3333,r,r,r,r,r,r,G2,G2,B3,B2,r,r,r,r,r,r,B2,r,C#4,C#4,E3,G2
430.0,312.3944,94,1.6667,r,r,r,r,r,r,G2,G2,B3,B2,r,r,r,r,r,r,B2,r,D4,D4,F3,G2
430.5,312.6761,94,2.0,r,r,r,r,r,r,F#2,F#2,B3,B2,r,r,r,r,r,r,B2,B4,E-4,B4,F#3,F#2
431.0,312.9577,94,2.3333,r,r,r,r,r,r,F#2,F#2,B3,B2,r,r,r,r,r,r,B2,C#5,E4,B-4,F#3,F#2
431.5,313.2394,94,2.6667,r,r,r,r,r,r,F#2,F#2,B3,B2,r,r,r,r,r,r,B2,E-5,F#4,B-4,F#3,F#2
432.0,313.5211,94,3.0,B5,B5,B4,B4,B4,B4,B2,B1,B3,B2,r,r,r,r,r,r,B2,E5,G#4,G#4,B2,B1
432.5,313.8028,94,3.3333,C#6,B-5,C#5,B-4,C#5,B-4,B2,B1,B3,B2,r,r,r,r,r,r,B2,E5,B-4,G4,B2,B1
433.0,314.0845,94,3.6667,E-6,B5,E-5,B4,E-5,A4,B2,B1,B3,B2,r,r,r,r,r,r,B2,E-5,B4,F#4,B2,B1
433.5,314.3662,94,4.0,E6,B5,E5,B4,E5,G4,E2,E2,B3,B2,r,r,r,r,r,r,B2,E-5,B4,G#4,E2,E1
434.0,314.6479,94,4.3333,E6,B5,E5,B4,E5,G4,E2,E2,B3,B2,r,r,r,r,r,r,B2,C#5,B4,G#4,E2,E1
434.5,314.9296,94,4.6667,E-6,B5,E-5,B4,E-5,F#4,B2,B2,B3,B2,r,r,r,r,r,r,B2,E-5,B4,F#4,B2,B1
435.0,315.2113,95,1.0,E-6,B5,E-5,B4,E-5,G4,E2,E2,B3,B2,r,r,r,r,r,r,r,E5,G4,B3,E2,E1
435.5,315.493,95,1.3333,C#6,B5,C#5,B4,C#5,G4,E2,E2,B3,B2,r,r,r,r,r,r,r,E5,G4,B3,E2,E1
436.0,315.7746,95,1.6667,E-6,B5,E-5,B4,E-5,F#4,B2,B2,r,r,r,r,r,r,r,r,r,E-5,F#4,B3,B2,B1
436.5,316.0563,95,2.0,E-6,C6,E-5,C5,E-5,A4,E2,E2,r,r,r,r,r,r,r,r,r,E-5,A4,C4,E2,E1
437.0,316.338,95,2.3333,C#6,C#6,C#5,C#5,C#5,G#4,E2,E2,r,r,r,r,r,r,r,r,r,C#5,G#4,C#4,E2,E1
437.5,316.6197,95,2.6667,E-6,C6,E-5,C5,E-5,F#4,A2,A2,r,r,r,r,r,r,r,r,r,E-5,C5,F#4,A2,A1
438.0,316.9014,95,3.0,E-6,C6,E-5,C5,E-5,F#4,E2,E2,r,r,r,r,r,r,r,r,r,E-5,C5,F#4,E2,E1
438.5,317.1831,95,3.3333,C#6,C#6,C#5,C#5,C#5,E4,E2,E2,r,r,r,r,r,r,r,r,r,C#6,G#4,G#4,E2,E1
439.0,317.4648,95,3.6667,E-6,C6,E-5,C5,E-5,F#4,A2,A2,F#4,E-4,r,r,r,r,r,r,r,E-6,F#5,C5,A2,A1
439.5,317.7465,95,4.0,E-6,C6,E-5,C5,E-5,F#4,C#3,C#3,F#4,E-4,r,r,r,r,r,r,r,E-6,F#5,C5,C#3,C#2
440.0,318.0282,95,4.3333,E6,C#6,E5,C#5,E5,E4,C#3,C#3,E4,C#4,r,r,r,r,r,r,r,E6,E5,G#4,C#3,C#2
440.5,318.3099,95,4.6667,C#6,G#5,C#5,G#4,C#5,G#4,E2,E2,E4,C#4,r,r,r,r,r,r,r,C#6,G#4,C#5,E2,E1
441.0,318.5915,96,1.0,r,G#5,r,G#4,B4,G#4,G#2,G#2,E-4,B3,r,r,r,r,r,r,r,r,G#4,E-5,G#2,G#1
441.5,318.8732,96,1.3333,B5,G#5,B4,G#4,B4,G#4,G#2,G#2,E-4,B3,r,r,r,r,r,r,r,B5,E-4,E-5,G#2,G#1
442.0,319.1549,96,1.6667,G#5,E-5,G#4,G#4,B4,G#4,B2,B2,E-4,B3,r,r,r,r,r,r,r,G#5,E-4,G#4,B2,B1
442.5,319.4366,96,2.0,r,C#5,r,G#4,G#4,E4,C#3,C#3,E4,C#4,r,r,r,r,r,r,r,r,E4,G#4,C#3,C#2
443.0,319.7183,96,2.3333,E5,C#5,E5,G#4,G#4,E4,C#3,C#3,E4,C#4,r,r,r,r,r,r,r,E5,G#3,G#4,C#3,C#2
443.5,320.0,96,2.6667,C#5,G#4,C#5,G#4,G#4,E4,E3,E3,E4,C#4,r,r,r,r,r,r,r,C#5,G#3,C#4,E3,E2
444.0,320.2817,96,3.0,C#5,B4,B4,E4,E4,C#4,G3,G3,E4,C#4,r,r,r,r,r,r,r,B4,C#4,E4,G3,G2
444.5,320.5634,96,3.3333,C#5,B4,B4,F#4,F#4,C#4,F#3,F#3,E4,C#4,r,r,r,r,r,r,r,B4,C#4,F#4,F#3,F#2
445.0,320.8451,96,3.6667,C#5,B-4,B-4,G4,G4,C#4,E3,E3,E4,C#4,r,r,r,r,r,r,r,B-4,C#4,G4,E3,E2
445.5,321.1268,96,4.0,r,r,r,r,r,r,r,C#2,r,r,r,r,r,r,r,r,r,r,G4,G3,C#2,r
446.0,321.4085,96,4.3333,r,r,r,r,r,r,r,C#2,r,r,r,r,r,r,r,r,r,E5,G4,G3,C#2,r
446.5,321.6901,96,4.6667,r,r,r,r,r,r,r,E-2,r,r,r,r,r,r,r,r,r,C#5,G4,G3,E-2,r
447.0,321.9718,97,1.0,r,r,r,r,r,r,r,E2,r,r,r,r,r,r,r,r,r,r,G4,G3,E2,r
447.5,322.2535,97,1.3333,r,r,r,r,r,r,r,E2,r,r,r,r,r,r,r,r,r,B4,G4,G3,E2,r
448.0,322.5352,97,1.6667,r,r,r,r,r,r,r,E2,r,r,r,r,r,r,r,r,r,G4,G4,G3,E2,r
448.5,322.8169,97,2.0,r,r,r,r,r,r,r,C#2,r,r,r,r,r,r,r,r,r,r,G3,B-3,C#2,r
449.0,323.0986,97,2.3333,r,r,r,r,r,r,r,C#2,r,r,r,r,r,r,r,r,r,E4,G3,B-3,C#2,r
449.5,323.3803,97,2.6667,r,r,r,r,r,r,r,E-2,r,r,r,r,r,r,r,r,r,C#4,G3,B-3,E-2,r
450.0,323.662,97,3.0,r,r,r,r,r,r,r,E2,r,r,r,r,r,r,r,r,r,B3,G3,C#3,E2,r
451.5,324.507,97,4.0,r,r,r,r,r,r,r,E2,r,r,r,r,r,r,r,r,r,B-3,G3,C#3,E2,r
454.0,326.1972,98,2.0,r,r,r,r,r,r,r,r,r,r,r,r,r,r,r,r,r,B3,r,E3,G2,r
456.0,327.8873,98,4.0,F#6,r,F#5,r,F#5,F#4,F#3,F#3,r,F#3,r,r,r,r,r,r,r,B-3,r,E3,F#2,r
456.3333,328.169,98,4.3333,F#6,r,F#5,r,F#5,F#4,F#3,F#3,r,F#3,r,r,r,r,r,r,r,B-3,r,E3,F#2,r
456.6667,328.4507,98,4.6667,F#6,r,F#5,r,F#5,F#4,F#3,F#3,r,F#3,r,r,r,r,r,r,r,B-3,r,E3,F#2,r
456.75,328.5211,98,4.75,F#6,r,F#5,r,F#5,F#4,G#3,F#3,r,F#3,r,r,r,r,r,r,r,B-3,r,E3,F#2,r
457.0,328.7324,99,1.0,E6,r,E5,r,F#5,F#4,B-3,F#3,r,F#3,r,r,r,r,r,r,r,r,r,r,r,r
458.0,329.5775,99,2.0,E-6,r,E-5,r,F#5,F#4,C4,F#3,r,F#3,r,r,r,r,r,r,r,r,r,r,r,r
458.3333,329.8591,99,2.3333,E-6,r,E-5,r,F#5,F#4,C4,F#3,r,F#3,r,r,r,r,r,r,r,r,r,r,r,r
458.6667,330.1409,99,2.6667,E-6,r,E-5,r,F#5,F#4,C4,F#3,r,F#3,r,r,r,r,r,r,r,r,r,r,r,r
458.75,330.2113,99,2.75,C#6,r,C#5,r,F#5,F#4,C#4,F#3,r,F#3,r,r,r,r,r,r,r,r,r,r,r,r
459.0,330.4225,99,3.0,C6,r,C5,r,F#5,F#4,E-4,F#3,r,F#3,r,r,r,r,r,r,r,r,r,r,r,r
460.0,331.2676,99,4.0,F#6,r,F#5,r,A5,A4,C4,F#3,r,F#3,r,r,r,r,r,r,r,r,r,r,r,r
460.3333,331.5493,99,4.3333,F#6,r,F#5,r,A5,A4,C4,F#3,r,F#3,r,r,r,r,r,r,r,r,r,r,r,r
460.6667,331.831,99,4.6667,F#6,r,F#5,r,A5,A4,C4,F#3,r,F#3,r,r,r,r,r,r,r,r,r,r,r,r
461.0,332.1127,100,1.0,E6,r,E5,r,G#5,G#4,C#4,F#3,r,F#3,r,r,r,r,r,r,r,r,r,r,r,r
461.5,332.5352,100,1.5,E6,r,E5,r,G#5,G#4,C#4,F#3,r,F#3,r,r,r,r,r,r,r,r,r,r,r,r
461.625,332.6408,100,1.625,E6,r,E5,r,G#5,G#4,E-4,F#3,r,F#3,r,r,r,r,r,r,r,r,r,r,r,r
461.75,332.7465,100,1.75,E6,r,E5,r,G#5,G#4,E4,F#3,r,F#3,r,r,r,r,r,r,r,r,r,r,r,r
461.875,332.8521,100,1.875,E6,r,E5,r,G#5,G#4,F#4,F#3,r,F#3,r,r,r,r,r,r,r,r,r,r,r,r
462.0,332.9577,100,2.0,C#6,r,C#5,r,E5,E4,G4,F#3,r,F#3,r,r,r,r,r,r,r,r,r,r,r,r
462.3333,333.2394,100,2.3333,C#6,r,C#5,r,E5,E4,G4,F#3,r,F#3,r,r,r,r,r,r,r,r,r,r,r,r
462.6667,333.5212,100,2.6667,C#6,r,C#5,r,E5,E4,G4,F#3,r,F#3,r,r,r,r,r,r,r,r,r,r,r,r
462.75,333.5915,100,2.75,B-5,r,B-4,r,C#5,E4,G4,F#3,r,F#3,r,r,r,r,r,r,r,r,r,r,r,r
463.0,333.8028,100,3.0,B5,r,B4,r,E-5,E-4,F#4,F#3,r,F#3,r,r,r,r,r,r,r,r,r,r,r,r
464.0,334.6479,100,4.0,r,r,r,r,r,r,r,r,r,r,r,r,r,r,r,r,F#2,F#5,A4,E-4,C3,F#2
464.3333,334.9295,100,4.3333,r,r,r,r,r,r,r,r,r,r,r,r,r,r,r,r,F#2,F#5,A4,E-4,C3,F#2
464.6667,335.2113,100,4.6667,r,r,r,r,r,r,r,r,r,r,r,r,r,r,r,r,F#2,F#5,A4,E-4,C3,F#2
465.0,335.493,101,1.0,r,r,r,r,r,r,r,r,r,r,r,r,r,r,r,r,r,E5,G#4,E4,C#3,F#2
465.5,335.9155,101,1.5,r,r,r,r,r,r,r,r,r,r,r,r,r,r,r,r,r,E5,G#4,C#4,C#3,F#2
465.625,336.0211,101,1.625,r,r,r,r,r,r,r,r,r,r,r,r,r,r,r,r,r,E5,G#4,C#4,E-3,F#2
465.75,336.1268,101,1.75,r,r,r,r,r,r,r,r,r,r,r,r,r,r,r,r,r,E5,G#4,C#4,E3,F#2
465.875,336.2324,101,1.875,r,r,r,r,r,r,r,r,r,r,r,r,r,r,r,r,r,E5,G#4,C#4,F#3,F#2
466.0,336.338,101,2.0,r,r,r,r,r,r,r,r,r,r,r,r,r,r,r,r,F#2,C#5,E4,B-3,G3,F#2
466.3333,336.6197,101,2.3333,r,r,r,r,r,r,r,r,r,r,r,r,r,r,r,r,F#2,C#5,E4,B-3,G3,F#2
466.6667,336.9014,101,2.6667,r,r,r,r,r,r,r,r,r,r,r,r,r,r,r,r,F#2,C#5,E4,B-3,G3,F#2
466.75,336.9718,101,2.75,r,r,r,r,r,r,r,r,r,r,r,r,r,r,r,r,F#2,B-4,E4,C#4,G3,F#2
467.0,337.1831,101,3.0,r,r,r,r,r,r,r,r,r,r,r,r,r,r,r,r,r,D5,F4,G#3,B2,F#2
467.5,337.6056,101,3.5,r,r,r,r,r,r,r,r,r,r,r,r,r,r,r,r,r,D5,F4,G#3,B2,F#2
467.625,337.7113,101,3.625,r,r,r,r,r,r,r,r,r,r,r,r,r,r,r,r,r,D5,F4,G#3,C#3,F#2
467.75,337.8169,101,3.75,r,r,r,r,r,r,r,r,r,r,r,r,r,r,r,r,r,D5,F4,G#3,D3,F#2
467.875,337.9225,101,3.875,r,r,r,r,r,r,r,r,r,r,r,r,r,r,r,r,r,D5,F4,G#3,E3,F#2
468.0,338.0282,101,4.0,r,r,r,r,r,r,r,r,r,r,r,r,r,r,r,r,F#2,B4,D4,G#3,F3,F#2
468.3333,338.3098,101,4.3333,r,r,r,r,r,r,r,r,r,r,r,r,r,r,r,r,F#2,B4,D4,G#3,F3,F#2
468.6667,338.5916,101,4.6667,r,r,r,r,r,r,r,r,r,r,r,r,r,r,r,r,F#2,B4,D4,G#3,F3,F#2
468.75,338.662,101,4.75,r,r,r,r,r,r,r,r,r,r,r,r,r,r,r,r,F#2,G#4,D4,B3,F3,F#2
469.0,338.8732,102,1.0,r,r,r,r,r,r,r,r,r,r,r,r,r,r,r,r,B2,C5,E-4,F#3,A2,B1
469.3333,339.1549,102,1.3333,r,r,r,r,r,r,r,r,r,r,r,r,r,r,r,r,B2,C5,E-4,F#3,A2,B1
469.5,339.2958,102,1.5,r,r,r,r,r,r,r,r,r,r,r,r,r,r,r,r,B2,C5,E-4,F#3,A2,B1
469.625,339.4014,102,1.625,r,r,r,r,r,r,r,r,r,r,r,r,r,r,r,r,B2,C5,E-4,F#3,B2,B1
469.6667,339.4366,102,1.6667,r,r,r,r,r,r,r,r,r,r,r,r,r,r,r,r,B2,C5,E-4,F#3,B2,B1
469.75,339.507,102,1.75,r,r,r,r,r,r,r,r,r,r,r,r,r,r,r,r,B2,C5,E-4,F#3,C3,B1
469.875,339.6127,102,1.875,r,r,r,r,r,r,r,r,r,r,r,r,r,r,r,r,B2,C5,E-4,F#3,D3,B1
470.0,339.7183,102,2.0,r,r,r,r,r,r,r,r,r,r,r,r,r,r,r,r,r,A4,C4,F#3,E-3,B1
470.3333,340.0,102,2.3333,r,r,r,r,r,r,r,r,r,r,r,r,r,r,r,r,B2,A4,C4,F#3,E-3,B1
470.6667,340.2817,102,2.6667,r,r,r,r,r,r,r,r,r,r,r,r,r,r,r,r,B2,A4,C4,F#3,E-3,B1
470.75,340.3521,102,2.75,r,r,r,r,r,r,r,r,r,r,r,r,r,r,r,r,B2,F#4,C4,A3,E-3,B1
471.0,340.5634,102,3.0,r,r,r,r,r,r,r,r,r,r,r,r,r,r,r,r,B2,C5,E-4,F#3,A2,B1
471.3333,340.845,102,3.3333,r,r,r,r,r,r,r,r,r,r,r,r,r,r,r,r,B2,C5,E-4,F#3,A2,B1
471.5,340.9859,102,3.5,r,r,r,r,r,r,r,r,r,r,r,r,r,r,r,r,B2,C5,E-4,F#3,A2,B1
471.625,341.0915,102,3.625,r,r,r,r,r,r,r,r,r,r,r,r,r,r,r,r,B2,C5,E-4,F#3,B2,B1
471.6667,341.1268,102,3.6667,r,r,r,r,r,r,r,r,r,r,r,r,r,r,r,r,B2,C5,E-4,F#3,B2,B1
471.75,341.1972,102,3.75,r,r,r,r,r,r,r,r,r,r,r,r,r,r,r,r,B2,C5,E-4,F#3,C3,B1
471.875,341.3028,102,3.875,r,r,r,r,r,r,r,r,r,r,r,r,r,r,r,r,B2,C5,E-4,F#3,D3,B1
472.0,341.4085,102,4.0,r,r,r,r,r,r,r,r,r,r,r,r,r,r,r,r,r,A4,C4,F#3,E-3,B1
472.3333,341.6901,102,4.3333,r,r,r,r,r,r,r,r,r,r,r,r,r,r,r,r,B2,A4,C4,F#3,E-3,B1
472.6667,341.9719,102,4.6667,r,r,r,r,r,r,r,r,r,r,r,r,r,r,r,r,B2,A4,C4,F#3,E-3,B1
472.75,342.0423,102,4.75,r,r,r,r,r,r,r,r,r,r,r,r,r,r,r,r,B2,F#4,C4,A3,E-3,B1
473.0,342.2535,103,1.0,r,r,r,r,G4,r,r,G3,r,r,r,r,r,r,r,r,r,B-4,C#4,E3,E2,B1
473.3333,342.5352,103,1.3333,r,r,r,r,G4,r,r,G3,r,r,r,r,r,r,r,r,B2,B-4,C#4,E3,E2,B1
473.5,342.6761,103,1.5,r,r,r,r,G4,r,r,G3,r,r,r,r,r,r,r,r,B2,B-4,C#4,E3,E2,B1
473.625,342.7817,103,1.625,r,r,r,r,G4,r,r,G3,r,r,r,r,r,r,r,r,B2,B-4,C#4,E3,F#2,B1
473.6667,342.8169,103,1.6667,r,r,r,r,G4,r,r,G3,r,r,r,r,r,r,r,r,B2,B-4,C#4,E3,F#2,B1
473.75,342.8873,103,1.75,r,r,r,r,G4,r,r,G3,r,r,r,r,r,r,r,r,B2,B-4,C#4,E3,G2,B1
473.875,342.993,103,1.875,r,r,r,r,G4,r,r,G3,r,r,r,r,r,r,r,r,B2,B-4,C#4,E3,A2,B1
474.0,343.0986,103,2.0,r,r,r,r,E4,r,r,G3,r,r,r,r,r,r,r,r,r,G4,C#4,E3,B-2,B1
474.3333,343.3803,103,2.3333,r,r,r,r,E4,r,r,G3,r,r,r,r,r,r,r,r,B2,G4,C#4,E3,B-2,B1
474.6667,343.662,103,2.6667,r,r,r,r,E4,r,r,G3,r,r,r,r,r,r,r,r,B2,G4,C#4,E3,B-2,B1
474.75,343.7324,103,2.75,r,r,r,r,C#4,r,r,G3,r,r,r,r,r,r,r,r,B2,G4,C#4,E3,B-2,B1
475.0,343.9437,103,3.0,r,r,r,r,E4,r,r,E3,r,r,r,r,r,r,r,r,r,G4,B-3,C#3,C#2,B1
475.3333,344.2253,103,3.3333,r,r,r,r,E4,r,r,E3,r,r,r,r,r,r,r,r,B2,G4,B-3,C#3,C#2,B1
475.5,344.3662,103,3.5,r,r,r,r,E4,r,r,E3,r,r,r,r,r,r,r,r,B2,G4,B-3,C#3,C#2,B1
475.625,344.4718,103,3.625,r,r,r,r,E4,r,r,E3,r,r,r,r,r,r,r,r,B2,G4,B-3,C#3,E-2,B1
475.6667,344.5071,103,3.6667,r,r,r,r,E4,r,r,E3,r,r,r,r,r,r,r,r,B2,G4,B-3,C#3,E-2,B1
475.75,344.5775,103,3.75,r,r,r,r,E4,r,r,E3,r,r,r,r,r,r,r,r,B2,G4,B-3,C#3,E2,B1
475.875,344.6831,103,3.875,r,r,r,r,E4,r,r,E3,r,r,r,r,r,r,r,r,B2,G4,B-3,C#3,F#2,B1
476.0,344.7887,103,4.0,r,r,r,r,C#4,r,r,E3,r,r,r,r,r,r,r,r,r,E4,B-3,C#3,G2,B1
476.3333,345.0704,103,4.3333,r,r,r,r,C#4,r,r,E3,r,r,r,r,r,r,r,r,B2,E4,B-3,C#3,G2,B1
476.6667,345.3521,103,4.6667,r,r,r,r,C#4,r,r,E3,r,r,r,r,r,r,r,r,B2,E4,B-3,C#3,G2,B1
476.75,345.4225,103,4.75,r,r,r,r,B-3,r,r,E3,r,r,r,r,r,r,r,r,B2,E4,B-3,C#3,G2,B1
477.0,345.6338,104,1.0,r,r,r,r,B-3,r,r,r,r,r,r,r,r,r,r,r,r,r,r,r,r,r
478.0,346.4789,104,2.0,r,r,r,r,B3,r,r,B2,r,r,r,r,r,r,r,r,B2,E-4,B3,E-3,F#2,B1
480.0,348.169,104,4.0,r,r,r,r,B3,r,r,B2,r,r,r,r,r,r,r,r,B2,E-4,B3,E-3,F#2,B1
481.0,349.0141,105,1.0,B5,F#5,E-5,B4,E-5,F#4,B3,B2,E-4,F#3,F#4,E-4,r,r,r,r,B2,E-4,B3,F#3,F#2,B1
