qstamp,tstamp,measure,beat,Principal Violin,Flute 1,Flute 2,Violin 1,Violin 2,Viola,Violoncello,Violone,Continuo
0.0,0.0,1,1.0,r,r,r,r,r,D4,r,r,r
1.0,0.2609,1,1.5,r,r,r,r,r,D4,G3,r,G3
1.5,0.3913,1,1.75,r,r,r,r,r,D4,A3,r,A3
2.0,0.5217,1,2.0,r,r,r,r,r,G4,B3,r,B3
2.5,0.6522,1,2.25,r,r,r,r,r,G4,A3,r,A3
3.0,0.7826,1,2.5,r,r,r,r,r,G4,B3,r,B3
3.5,0.913,1,2.75,r,r,r,r,r,G4,G3,r,G3
4.0,1.0435,2,1.0,r,r,r,r,r,G4,A3,r,A3
4.5,1.1739,2,1.25,r,r,r,r,r,G4,G3,r,G3
5.0,1.3043,2,1.5,r,r,r,r,r,F#4,A3,r,A3
5.5,1.4348,2,1.75,r,r,r,r,r,G4,B3,r,B3
6.0,1.5652,2,2.0,r,r,r,r,r,A4,C4,r,C4
6.5,1.6957,2,2.25,r,r,r,r,r,A4,B3,r,B3
7.0,1.8261,2,2.5,r,r,r,r,r,G4,C4,r,C4
7.5,1.9565,2,2.75,r,r,r,r,r,F#4,A3,r,A3
8.0,2.087,3,1.0,r,r,r,r,r,G4,B3,r,B3
9.0,2.3478,3,1.5,r,r,r,r,r,D4,B3,r,B3
10.0,2.6087,3,2.0,r,r,r,r,r,E4,G3,r,G3
11.0,2.8696,3,2.5,r,r,r,r,r,B3,E3,r,E3
12.0,3.1304,4,1.0,r,r,r,r,r,C4,A3,r,A3
13.0,3.3913,4,1.5,r,r,r,r,r,A3,A3,r,A3
14.0,3.6522,4,2.0,r,r,r,r,r,D4,F#3,r,F#3
15.0,3.913,4,2.5,r,r,r,r,r,A3,D3,r,D3
16.0,4.1739,5,1.0,r,r,r,r,G4,B3,G3,r,G3
17.0,4.4348,5,1.5,r,r,r,r,G4,G3,B3,r,B3
17.5,4.5652,5,1.75,r,r,r,r,G4,A3,A3,r,A3
18.0,4.6957,5,2.0,r,r,r,r,D5,B3,G3,r,G3
19.0,4.9565,5,2.5,r,r,r,r,D5,C#4,F#3,r,F#3
19.5,5.087,5,2.75,r,r,r,r,D5,D4,F#3,r,F#3
20.0,5.2174,6,1.0,r,r,r,r,D5,E4,E3,r,E3
21.0,5.4783,6,1.5,r,r,r,r,C#5,F#4,E3,r,E3
21.5,5.6087,6,1.75,r,r,r,r,D5,F#4,E3,r,E3
22.0,5.7391,6,2.0,r,r,r,r,E5,G4,A3,r,A3
23.0,6.0,6,2.5,r,r,r,r,D5,A4,A3,r,A3
23.5,6.1304,6,2.75,r,r,r,r,C#5,A4,A3,r,A3
24.0,6.2609,7,1.0,r,r,r,r,D5,B4,D3,r,D3
25.0,6.5217,7,1.5,r,r,r,r,A4,C#5,D3,r,D3
26.0,6.7826,7,2.0,r,r,r,r,B4,D5,r,r,r
27.0,7.0435,7,2.5,r,r,r,r,F#4,D5,r,r,r
28.0,7.3043,8,1.0,r,r,r,r,G4,D5,r,r,r
29.0,7.5652,8,1.5,r,r,r,r,E4,D5,r,r,r
30.0,7.8261,8,2.0,r,r,r,r,A4,C#5,r,r,r
31.0,8.087,8,2.5,r,r,r,r,E4,C#5,r,r,r
32.0,8.3478,9,1.0,r,r,r,r,F#4,D5,r,r,r
33.0,8.6087,9,1.5,r,r,r,r,D4,D5,r,r,r
33.5,8.7391,9,1.75,r,r,r,r,E4,D5,r,r,r
34.0,8.8696,9,2.0,r,r,r,r,F#4,D4,r,r,r
35.0,9.1304,9,2.5,r,r,r,r,E4,D4,r,r,r
35.5,9.2609,9,2.75,r,r,r,r,D4,D4,r,r,r
36.0,9.3913,10,1.0,r,r,r,r,E4,D4,r,r,r
37.0,9.6522,10,1.5,r,r,r,r,F#4,D4,r,r,r
37.5,9.7826,10,1.75,r,r,r,r,G4,D4,r,r,r
38.0,9.913,10,2.0,r,r,r,r,A4,C4,r,r,r
39.0,10.1739,10,2.5,r,r,r,r,B4,C4,r,r,r
39.5,10.3043,10,2.75,r,r,r,r,C5,C4,r,r,r
40.0,10.4348,11,1.0,D5,r,r,D5,F#4,C4,r,r,r
41.0,10.6957,11,1.5,D5,r,r,D5,G4,C4,r,r,r
41.5,10.8261,11,1.75,D5,r,r,D5,A4,C4,r,r,r
42.0,10.9565,11,2.0,G5,r,r,G5,B4,B3,r,r,r
43.0,11.2174,11,2.5,G5,r,r,G5,A4,B3,r,r,r
43.5,11.3478,11,2.75,G5,r,r,G5,G4,B3,r,r,r
44.0,11.4783,12,1.0,G5,r,r,G5,C5,A3,r,r,r
45.0,11.7391,12,1.5,F#5,r,r,F#5,A4,A3,r,r,r
45.5,11.8696,12,1.75,G5,r,r,G5,B4,A3,r,r,r
46.0,12.0,12,2.0,A5,r,r,A5,C5,D4,r,r,r
47.0,12.2609,12,2.5,G5,r,r,G5,B4,D4,r,r,r
47.5,12.3913,12,2.75,F#5,r,r,F#5,A4,D4,r,r,r
48.0,12.5217,13,1.0,G5,r,r,G5,B4,G3,r,r,r
49.0,12.7826,13,1.5,D5,r,r,D5,B4,A3,r,r,r
49.5,12.913,13,1.75,D5,r,r,D5,B4,B3,r,r,r
50.0,13.0435,13,2.0,E5,r,r,E5,G4,C4,r,r,r
51.0,13.3043,13,2.5,B4,r,r,B4,G4,D4,r,r,r
51.5,13.4348,13,2.75,B4,r,r,B4,G4,E4,r,r,r
52.0,13.5652,14,1.0,C5,r,r,C5,G4,A3,r,r,r
53.0,13.8261,14,1.5,A4,r,r,A4,G4,B3,r,r,r
53.5,13.9565,14,1.75,A4,r,r,A4,G4,C4,r,r,r
54.0,14.087,14,2.0,D5,r,r,D5,F#4,D4,r,r,r
55.0,14.3478,14,2.5,A4,r,r,A4,A4,E4,r,r,r
55.5,14.4783,14,2.75,A4,r,r,A4,A4,F#4,r,r,r
56.0,14.6087,15,1.0,B4,r,r,B4,A4,G4,G3,G2,G3
57.0,14.8696,15,1.5,G4,r,r,G4,B4,D4,G3,G2,G3
57.5,15.0,15,1.75,A4,r,r,A4,A4,D4,G3,G2,G3
58.0,15.1304,15,2.0,B4,r,r,B4,G4,D4,D4,D3,D4
59.0,15.3913,15,2.5,C#5,r,r,C#5,F#4,E4,D4,D3,D4
59.5,15.5217,15,2.75,D5,r,r,D5,F#4,F#4,D4,D3,D4
60.0,15.6522,16,1.0,E5,r,r,E5,E4,G4,D4,D3,D4
61.0,15.913,16,1.5,F#5,r,r,F#5,E4,A4,C#4,C#3,C#4
61.5,16.0435,16,1.75,F#5,r,r,F#5,E4,B4,D4,D3,D4
62.0,16.1739,16,2.0,G5,r,r,G5,E5,C#4,E4,E3,E4
63.0,16.4348,16,2.5,A5,r,r,A5,E5,E4,D4,D3,D4
63.5,16.5652,16,2.75,A5,r,r,A5,E5,E4,C#4,C#3,C#4
64.0,16.6957,17,1.0,F#5,r,r,F#5,E5,A3,D4,D3,D4
65.0,16.9565,17,1.5,A5,r,r,A5,D5,A3,A3,A2,A3
65.5,17.087,17,1.75,A5,r,r,A5,C#5,A3,A3,A2,A3
66.0,17.2174,17,2.0,D5,r,r,D5,D5,F#4,B3,B2,B3
67.0,17.4783,17,2.5,D5,r,r,D5,A4,F#4,F#3,F#2,F#3
68.0,17.7391,18,1.0,D5,r,r,D5,B4,E4,G3,G2,G3
69.0,18.0,18,1.5,D5,r,r,D5,G4,E4,E3,E2,E3
70.0,18.2609,18,2.0,C#5,r,r,C#5,E4,E4,A3,A2,A3
71.0,18.5217,18,2.5,C#5,r,r,C#5,G4,E4,E3,E2,E3
72.0,18.7826,19,1.0,D5,r,r,D5,A4,D4,F#3,F#2,F#3
73.0,19.0435,19,1.5,A4,r,r,A4,F#4,A4,D3,D2,D3
73.5,19.1739,19,1.75,A4,r,r,A4,G4,G4,E3,E2,E3
74.0,19.3043,19,2.0,D5,r,r,D5,A4,F#4,F#3,F#2,F#3
75.0,19.5652,19,2.5,D5,r,r,D5,B4,E4,G#3,G#2,G#3
76.0,19.8261,20,1.0,D5,r,r,D5,B4,E4,A3,A2,A3
77.0,20.087,20,1.5,C5,r,r,C5,A4,E4,E3,E2,E3
77.5,20.2174,20,1.75,B4,r,r,B4,G#4,E4,E3,E2,E3
78.0,20.3478,20,2.0,C5,r,r,C5,A4,E4,A3,A2,A3
79.0,20.6087,20,2.5,D5,r,r,D5,B4,D4,A3,A2,A3
79.5,20.7391,20,2.75,D5,r,r,D5,B4,C4,A3,A2,A3
80.0,20.8696,21,1.0,E5,r,r,E5,E4,B3,A3,A2,A3
80.5,21.0,21,1.25,E5,r,r,E5,F#4,B3,A3,A2,A3
81.0,21.1304,21,1.5,B4,r,r,B4,G4,B4,G3,G2,G3
81.5,21.2609,21,1.75,B4,r,r,B4,A4,A4,F#3,F#2,F#3
82.0,21.3913,21,2.0,E5,r,r,E5,B4,G4,G3,G2,G3
83.0,21.6522,21,2.5,E5,r,r,E5,C5,F#4,A3,A2,A3
84.0,21.913,22,1.0,E5,r,r,E5,F#4,B4,B3,B2,B3
85.0,22.1739,22,1.5,D5,r,r,D5,F#4,B4,F#3,F#2,F#3
85.5,22.3043,22,1.75,C5,r,r,C5,F#4,B4,F#3,F#2,F#3
86.0,22.4348,22,2.0,D5,r,r,D5,F#4,B4,B3,B2,B3
87.0,22.6957,22,2.5,E5,r,r,E5,G4,C5,B3,B2,B3
87.5,22.8261,22,2.75,F#5,r,r,F#5,A4,C5,B3,B2,B3
88.0,22.9565,23,1.0,G5,G5,G5,G5,B4,D5,B3,B2,B3
89.0,23.2174,23,1.5,G5,G5,G5,G5,B4,B3,G2,G1,G2
89.5,23.3478,23,1.75,G5,G5,G5,G5,B4,C#4,A2,A1,A2
90.0,23.4783,23,2.0,F#5,D6,D6,F#5,B4,D4,B2,B1,B2
91.0,23.7391,23,2.5,F#5,D6,D6,F#5,B4,E4,C#3,C#2,C#3
91.5,23.8696,23,2.75,F#5,D6,D6,F#5,B4,F#4,D3,D2,D3
92.0,24.0,24,1.0,E5,D6,D6,E5,B4,G4,E3,E2,E3
93.0,24.2609,24,1.5,E5,C#6,C#6,E5,B4,G4,F#3,F#2,F#3
93.5,24.3913,24,1.75,E5,D6,D6,E5,B4,G4,F#3,F#2,F#3
94.0,24.5217,24,2.0,E5,E6,E6,E5,A4,C#4,G3,G2,G3
95.0,24.7826,24,2.5,E5,D6,D6,E5,A4,C#4,A3,A2,A3
95.5,24.913,24,2.75,E5,C#6,C#6,E5,A4,C#4,A3,A2,A3
96.0,25.0435,25,1.0,D5,D6,D6,D5,A4,B3,B3,B2,B3
97.0,25.3043,25,1.5,D5,A5,A5,D5,G4,E4,C#4,C#3,C#4
98.0,25.5652,25,2.0,r,B5,B5,r,F#4,D4,D4,D3,D4
98.5,25.6957,25,2.25,D5,B5,B5,D5,F#4,D4,D4,D3,D4
99.0,25.8261,25,2.5,C#5,F#5,F#5,C#5,B4,F#4,D4,D3,D4
99.5,25.9565,25,2.75,D5,F#5,F#5,D5,B4,F#4,D4,D3,D4
100.0,26.087,26,1.0,E5,G5,G5,E5,B4,E4,D4,D3,D4
100.5,26.2174,26,1.25,D5,G5,G5,D5,B4,E4,D4,D3,D4
101.0,26.3478,26,1.5,E5,E5,E5,E5,G4,B4,D4,D3,D4
101.5,26.4783,26,1.75,F#5,E5,E5,F#5,G4,B4,D4,D3,D4
102.0,26.6087,26,2.0,E5,A5,A5,E5,E4,A4,C#4,C#3,C#4
102.5,26.7391,26,2.25,F#5,A5,A5,F#5,E4,A4,C#4,C#3,C#4
103.0,26.8696,26,2.5,G5,E5,E5,G5,A4,A4,C#4,C#3,C#4
103.5,27.0,26,2.75,A5,E5,E5,A5,A4,A4,C#4,C#3,C#4
104.0,27.1304,27,1.0,F#5,F#5,F#5,F#5,A4,D4,D4,D3,D4
105.0,27.3913,27,1.5,A5,D5,D5,A5,F#4,D4,C#4,C#3,C#4
106.0,27.6522,27,2.0,D6,r,r,D6,D4,F#4,B3,B2,B3
106.5,27.7826,27,2.25,D6,D5,D5,D6,D4,F#4,B3,B2,B3
107.0,27.913,27,2.5,D6,C#5,C#5,D6,F#4,F#4,A3,A2,A3
107.5,28.0435,27,2.75,D6,D5,D5,D6,F#4,F#4,A3,A2,A3
108.0,28.1739,28,1.0,D6,E5,E5,D6,B4,G4,G3,G2,G3
108.5,28.3043,28,1.25,D6,D5,D5,D6,B4,G4,G3,G2,G3
109.0,28.4348,28,1.5,D6,E5,E5,D6,E5,G4,E3,E2,E3
109.5,28.5652,28,1.75,D6,F#5,F#5,D6,E5,G4,E3,E2,E3
110.0,28.6957,28,2.0,C6,E5,E5,C6,E5,A4,A3,A2,A3
110.5,28.8261,28,2.25,C6,F#5,F#5,C6,D5,A4,A3,A2,A3
111.0,28.9565,28,2.5,C6,G5,G5,C6,E5,A4,A2,A1,A2
111.5,29.087,28,2.75,C6,A5,A5,C6,F#5,A4,A2,A1,A2
112.0,29.2174,29,1.0,C6,F#5,F#5,C6,D5,A4,D3,D2,D3
112.5,29.3478,29,1.25,C6,G5,G5,C6,D5,A4,D3,D2,D3
113.0,29.4783,29,1.5,C6,E5,E5,C6,D5,A4,C3,C2,C3
113.5,29.6087,29,1.75,C6,F#5,F#5,C6,D5,A4,D3,D2,D3
114.0,29.7391,29,2.0,B5,G5,G5,B5,r,G4,E3,E2,E3
114.5,29.8696,29,2.25,B5,A5,A5,B5,G4,G4,E3,E2,E3
115.0,30.0,29,2.5,B5,F#5,F#5,B5,A4,G4,D3,D2,D3
115.5,30.1304,29,2.75,B5,G5,G5,B5,B4,G4,D3,D2,D3
116.0,30.2609,30,1.0,A5,A5,A5,A5,C5,G4,C3,C2,C3
116.5,30.3913,30,1.25,A5,G5,G5,A5,B4,G4,C3,C2,C3
117.0,30.5217,30,1.5,A5,A5,A5,A5,C5,F4,A2,A1,A2
117.5,30.6522,30,1.75,A5,B5,B5,A5,D5,E4,A2,A1,A2
118.0,30.7826,30,2.0,A5,A5,A5,A5,C5,F4,D3,D2,D3
118.5,30.913,30,2.25,A5,B5,B5,A5,C5,F4,D3,D2,D3
119.0,31.0435,30,2.5,A5,C6,C6,A5,A4,F4,D2,D1,D2
119.5,31.1739,30,2.75,A5,D6,D6,A5,A4,F4,D2,D1,D2
120.0,31.3043,31,1.0,G5,B5,B5,G5,B4,F4,G2,G1,G2
120.5,31.4348,31,1.25,A5,C6,C6,A5,B4,F4,G2,G1,G2
121.0,31.5652,31,1.5,F5,A5,A5,F5,D5,B3,G3,G2,G3
121.5,31.6957,31,1.75,G5,B5,B5,G5,D5,B3,G3,G2,G3
122.0,31.8261,31,2.0,E5,C6,C6,E5,C5,E4,A3,A2,A3
122.5,31.9565,31,2.25,F#5,C6,C6,F#5,C5,E4,A3,A2,A3
123.0,32.087,31,2.5,G5,C6,C6,G5,E5,C4,G3,G2,G3
123.5,32.2174,31,2.75,A5,C6,C6,A5,E5,C4,G3,G2,G3
124.0,32.3478,32,1.0,D5,C6,C6,D5,A4,D4,F#3,F#2,F#3
124.5,32.4783,32,1.25,C5,C6,C6,C5,A4,D4,F#3,F#2,F#3
125.0,32.6087,32,1.5,D5,C6,C6,D5,A5,F#4,D3,D2,D3
125.5,32.7391,32,1.75,E5,C6,C6,E5,A5,F#4,D3,D2,D3
126.0,32.8696,32,2.0,D5,B5,B5,D5,A5,G4,G3,G2,G3
126.5,33.0,32,2.25,E5,B5,B5,E5,A5,G4,G3,G2,G3
127.0,33.1304,32,2.5,F#5,B5,B5,F#5,D5,G4,F#3,F#2,F#3
127.5,33.2609,32,2.75,G5,B5,B5,G5,D5,G4,F#3,F#2,F#3
128.0,33.3913,33,1.0,C5,B5,B5,C5,G5,G4,E3,E2,E3
128.5,33.5217,33,1.25,B4,B5,B5,B4,G5,G4,E3,E2,E3
129.0,33.6522,33,1.5,C5,B5,B5,C5,E5,A4,A3,A2,A3
129.5,33.7826,33,1.75,D5,B5,B5,D5,E5,B4,A3,A2,A3
130.0,33.913,33,2.0,C5,A5,A5,C5,A5,C5,F#3,F#2,F#3
130.5,34.0435,33,2.25,E5,A5,A5,E5,A5,C5,F#3,F#2,F#3
131.0,34.1739,33,2.5,D5,A5,A5,D5,F#5,B4,D3,D2,D3
131.5,34.3043,33,2.75,C5,A5,A5,C5,F#5,A4,D3,D2,D3
132.0,34.4348,34,1.0,B4,A5,A5,B4,D5,B4,G3,G2,G3
132.5,34.5652,34,1.25,A4,A5,A5,A4,D5,B4,G3,G2,G3
133.0,34.6957,34,1.5,B4,A5,A5,B4,F#5,D5,D3,D2,D3
133.5,34.8261,34,1.75,C5,A5,A5,C5,F#5,D5,D3,D2,D3
134.0,34.9565,34,2.0,B4,G5,G5,B4,G5,G4,E3,E2,E3
134.5,35.087,34,2.25,C5,G5,G5,C5,G5,G4,E3,E2,E3
135.0,35.2174,34,2.5,D5,G5,G5,D5,D5,B4,B2,B1,B2
135.5,35.3478,34,2.75,E5,G5,G5,E5,D5,B4,B2,B1,B2
136.0,35.4783,35,1.0,A4,G5,G5,A4,E5,E4,C3,C2,C3
136.5,35.6087,35,1.25,A4,G5,G5,A4,D5,E4,C3,C2,C3
137.0,35.7391,35,1.5,A4,A5,A5,A4,C5,E4,A2,A1,A2
137.5,35.8696,35,1.75,A4,G5,G5,A4,B4,E4,A2,A1,A2
138.0,36.0,35,2.0,A4,F#5,F#5,A4,A4,F#4,D3,D2,D3
138.5,36.1304,35,2.25,A4,G5,G5,A4,B4,F#4,D3,D2,D3
139.0,36.2609,35,2.5,A4,E5,E5,A4,C5,F#4,A2,A1,A2
139.5,36.3913,35,2.75,A4,F#5,F#5,A4,D5,F#4,A2,A1,A2
140.0,36.5217,36,1.0,A4,D5,D5,A4,B4,F#4,B2,B1,B2
141.0,36.7826,36,1.5,G4,D5,D5,G4,B4,B4,B2,B1,B2
141.5,36.913,36,1.75,F#4,D5,D5,F#4,B4,A4,B2,B1,B2
142.0,37.0435,36,2.0,G4,G5,G5,G4,B4,G4,E3,E2,E3
143.0,37.3043,36,2.5,A4,G5,G5,A4,B4,F#4,E3,E2,E3
143.5,37.4348,36,2.75,B4,G5,G5,B4,B4,G4,E3,E2,E3
144.0,37.5652,37,1.0,C5,G5,G5,C5,A4,E4,A2,A1,A2
145.0,37.8261,37,1.5,A4,F#5,F#5,A4,A4,A4,A2,A1,A2
145.5,37.9565,37,1.75,B4,G5,G5,B4,A4,G4,A2,A1,A2
146.0,38.087,37,2.0,C5,A5,A5,C5,A4,F#4,D3,D2,D3
146.5,38.2174,37,2.25,C5,A5,A5,C5,A4,E4,D3,D2,D3
147.0,38.3478,37,2.5,B4,G5,G5,B4,A4,D4,D3,D2,D3
147.5,38.4783,37,2.75,A4,F#5,F#5,A4,A4,D4,D3,D2,D3
148.0,38.6087,38,1.0,B4,G5,G5,B4,G4,D4,G2,G1,G2
148.5,38.7391,38,1.25,B4,G5,G5,B4,F#4,D4,G2,G1,G2
149.0,38.8696,38,1.5,B4,D5,D5,B4,G4,E4,G2,G1,G2
149.5,39.0,38,1.75,B4,D5,D5,B4,A4,F#4,G2,G1,G2
150.0,39.1304,38,2.0,r,E5,E5,r,B4,G4,G3,G2,G3
150.5,39.2609,38,2.25,r,E5,E5,r,C5,A4,G3,G2,G3
151.0,39.3913,38,2.5,D5,B4,B4,D5,D5,B4,G3,G2,G3
151.5,39.5217,38,2.75,D5,B4,B4,D5,E5,C5,G3,G2,G3
152.0,39.6522,39,1.0,E5,C5,C5,E5,C5,A4,G3,G2,G3
152.5,39.7826,39,1.25,E5,C5,C5,E5,D5,A4,G3,G2,G3
153.0,39.913,39,1.5,F#5,A4,A4,F#5,C5,A4,G3,G2,G3
153.5,40.0435,39,1.75,G5,A4,A4,G5,B4,A4,G3,G2,G3
154.0,40.1739,39,2.0,A5,D5,D5,A5,A4,A4,F#3,F#2,F#3
154.5,40.3043,39,2.25,A5,D5,D5,A5,B4,G4,F#3,F#2,F#3
155.0,40.4348,39,2.5,A5,A4,A4,A5,C5,F#4,F#3,F#2,F#3
155.5,40.5652,39,2.75,A5,A4,A4,A5,D5,E4,F#3,F#2,F#3
156.0,40.6957,40,1.0,A5,B4,B4,A5,B4,D4,G3,G2,G3
156.5,40.8261,40,1.25,A5,C5,C5,A5,A4,D4,G3,G2,G3
157.0,40.9565,40,1.5,G5,D5,D5,G5,B4,G4,C3,C2,C3
157.5,41.087,40,1.75,G5,E5,E5,G5,C5,G4,C3,C2,C3
158.0,41.2174,40,2.0,G5,A4,A4,G5,A4,D5,D3,D2,D3
159.0,41.4783,40,2.5,F#5,A4,A4,F#5,D5,A4,D2,D1,D2
159.5,41.6087,40,2.75,F#5,G4,G4,F#5,D5,A4,D2,D1,D2
160.0,41.7391,41,1.0,G5,G4,G4,G5,D5,B4,G2,G1,G2
160.5,41.8696,41,1.25,D5,G4,G4,G5,D5,B4,G2,G1,G2
161.0,42.0,41,1.5,B4,G4,G4,G5,D5,B4,G2,G1,G2
161.5,42.1304,41,1.75,G5,G4,G4,G5,D5,B4,G2,G1,G2
162.0,42.2609,41,2.0,D5,r,r,r,r,r,r,r,r
162.5,42.3913,41,2.25,B4,r,r,r,r,r,r,r,r
163.0,42.5217,41,2.5,G4,r,r,r,r,r,r,r,r
163.5,42.6522,41,2.75,D5,r,r,r,r,r,r,r,r
164.0,42.7826,42,1.0,B4,r,r,r,r,r,r,r,r
164.5,42.913,42,1.25,G4,r,r,r,r,r,r,r,r
165.0,43.0435,42,1.5,D4,r,r,r,r,r,r,r,r
165.5,43.1739,42,1.75,B4,r,r,r,r,r,r,r,r
166.0,43.3043,42,2.0,G4,r,r,r,r,r,r,r,r
166.5,43.4348,42,2.25,D4,r,r,r,r,r,r,r,r
167.0,43.5652,42,2.5,B3,r,r,r,r,r,r,r,r
167.5,43.6957,42,2.75,D4,r,r,r,r,r,r,r,r
168.0,43.8261,43,1.0,G3,D5,r,r,r,r,r,r,r
168.5,43.9565,43,1.25,B3,D5,r,r,r,r,r,r,r
169.0,44.087,43,1.5,C4,D5,r,r,r,r,r,r,r
169.5,44.2174,43,1.75,D4,D5,r,r,r,r,r,r,r
170.0,44.3478,43,2.0,E4,G5,r,r,r,r,r,r,r
170.5,44.4783,43,2.25,F#4,G5,r,r,r,r,r,r,r
171.0,44.6087,43,2.5,G4,G5,r,r,r,r,r,r,r
171.5,44.7391,43,2.75,B3,G5,r,r,r,r,r,r,r
172.0,44.8696,44,1.0,A3,G5,r,r,r,r,r,r,r
172.5,45.0,44,1.25,C4,G5,r,r,r,r,r,r,r
173.0,45.1304,44,1.5,D4,F#5,r,r,r,r,r,r,r
173.5,45.2609,44,1.75,E4,G5,r,r,r,r,r,r,r
174.0,45.3913,44,2.0,F#4,A5,r,r,r,r,r,r,r
174.5,45.5217,44,2.25,G4,A5,r,r,r,r,r,r,r
175.0,45.6522,44,2.5,A4,G5,r,r,r,r,r,r,r
175.5,45.7826,44,2.75,C4,F#5,r,r,r,r,r,r,r
176.0,45.913,45,1.0,B3,G5,D5,r,r,r,r,r,r
176.5,46.0435,45,1.25,D4,G5,D5,r,r,r,r,r,r
177.0,46.1739,45,1.5,E4,D5,D5,r,r,r,r,r,r
177.5,46.3043,45,1.75,F#4,D5,D5,r,r,r,r,r,r
178.0,46.4348,45,2.0,G4,E5,G5,r,r,r,r,r,r
178.5,46.5652,45,2.25,A4,E5,G5,r,r,r,r,r,r
179.0,46.6957,45,2.5,B4,B4,G5,r,r,r,r,r,r
179.5,46.8261,45,2.75,F4,B4,G5,r,r,r,r,r,r
180.0,46.9565,46,1.0,E4,C5,G5,r,r,r,r,r,r
180.5,47.087,46,1.25,G4,C5,G5,r,r,r,r,r,r
181.0,47.2174,46,1.5,A4,A4,F#5,r,r,r,r,r,r
181.5,47.3478,46,1.75,B4,A4,G5,r,r,r,r,r,r
182.0,47.4783,46,2.0,C5,D5,A5,r,r,r,r,r,r
182.5,47.6087,46,2.25,E5,D5,A5,r,r,r,r,r,r
183.0,47.7391,46,2.5,D5,A4,G5,r,r,r,r,r,r
183.5,47.8696,46,2.75,C5,A4,F#5,r,r,r,r,r,r
184.0,48.0,47,1.0,B4,B4,G5,r,r,r,r,r,r
184.5,48.1304,47,1.25,D5,B4,F#5,r,r,r,r,r,r
185.0,48.2609,47,1.5,E5,B4,G5,r,r,r,r,r,r
185.5,48.3913,47,1.75,F#5,B4,A5,r,r,r,r,r,r
186.0,48.5217,47,2.0,G5,B5,B5,r,r,r,r,r,r
186.5,48.6522,47,2.25,A5,B5,A5,r,r,r,r,r,r
187.0,48.7826,47,2.5,B5,B5,G5,r,r,r,r,r,r
187.5,48.913,47,2.75,D5,B5,F#5,r,r,r,r,r,r
188.0,49.0435,48,1.0,C#5,B5,E5,r,r,r,r,r,r
188.5,49.1739,48,1.25,B5,B5,E5,r,r,r,r,r,r
189.0,49.3043,48,1.5,G5,B5,G5,r,r,r,r,r,r
189.5,49.4348,48,1.75,E5,B5,G5,r,r,r,r,r,r
190.0,49.5652,48,2.0,C#5,B5,E5,r,r,r,r,r,r
190.5,49.6957,48,2.25,G5,B5,E5,r,r,r,r,r,r
191.0,49.8261,48,2.5,E5,B5,C#5,r,r,r,r,r,r
191.5,49.9565,48,2.75,C#5,B5,C#5,r,r,r,r,r,r
192.0,50.087,49,1.0,F#4,A5,r,r,r,r,r,r,r
192.5,50.2174,49,1.25,C#5,A5,E5,r,r,r,r,r,r
193.0,50.3478,49,1.5,D5,A5,F#5,r,r,r,r,r,r
193.5,50.4783,49,1.75,E5,A5,G5,r,r,r,r,r,r
194.0,50.6087,49,2.0,F#5,A5,A5,r,r,r,r,r,r
194.5,50.7391,49,2.25,G5,A5,G5,r,r,r,r,r,r
195.0,50.8696,49,2.5,A5,A5,F#5,r,r,r,r,r,r
195.5,51.0,49,2.75,C#5,A5,E5,r,r,r,r,r,r
196.0,51.1304,50,1.0,B4,A5,D5,r,r,r,r,r,r
196.5,51.2609,50,1.25,A5,A5,D5,r,r,r,r,r,r
197.0,51.3913,50,1.5,F#5,A5,F#5,r,r,r,r,r,r
197.5,51.5217,50,1.75,D5,A5,F#5,r,r,r,r,r,r
198.0,51.6522,50,2.0,B4,A5,D5,r,r,r,r,r,r
198.5,51.7826,50,2.25,F#5,A5,D5,r,r,r,r,r,r
199.0,51.913,50,2.5,D5,A5,B4,r,r,r,r,r,r
199.5,52.0435,50,2.75,B4,A5,B4,r,r,r,r,r,r
200.0,52.1739,51,1.0,E4,G5,r,r,r,r,r,r,r
200.5,52.3043,51,1.25,B4,G5,D5,r,r,r,r,r,r
201.0,52.4348,51,1.5,C#5,G5,E5,r,r,r,r,r,r
201.5,52.5652,51,1.75,D5,G5,F#5,r,r,r,r,r,r
202.0,52.6957,51,2.0,E5,G5,G5,r,r,r,r,r,r
202.5,52.8261,51,2.25,F#5,G5,F#5,r,r,r,r,r,r
203.0,52.9565,51,2.5,G5,G5,E5,r,r,r,r,r,r
203.5,53.087,51,2.75,B4,G5,D5,r,r,r,r,r,r
204.0,53.2174,52,1.0,A4,G5,C#5,r,r,r,r,r,r
204.5,53.3478,52,1.25,G5,G5,C#5,r,r,r,r,r,r
205.0,53.4783,52,1.5,E5,G5,E5,r,r,r,r,r,r
205.5,53.6087,52,1.75,C#5,G5,E5,r,r,r,r,r,r
206.0,53.7391,52,2.0,A4,G5,C#5,r,r,r,r,r,r
206.5,53.8696,52,2.25,E5,G5,C#5,r,r,r,r,r,r
207.0,54.0,52,2.5,C#5,G5,A4,r,r,r,r,r,r
207.5,54.1304,52,2.75,A4,G5,A4,r,r,r,r,r,r
208.0,54.2609,53,1.0,D4,F#5,A5,r,r,r,r,r,r
208.5,54.3913,53,1.25,F#4,F#5,A5,r,r,r,r,r,r
209.0,54.5217,53,1.5,G4,F#5,A5,r,r,r,r,r,r
209.5,54.6522,53,1.75,A4,F#5,A5,r,r,r,r,r,r
210.0,54.7826,53,2.0,B4,r,D6,r,r,r,r,r,r
210.5,54.913,53,2.25,C#5,r,D6,r,r,r,r,r,r
211.0,55.0435,53,2.5,D5,r,D6,r,r,r,r,r,r
211.5,55.1739,53,2.75,F#4,r,D6,r,r,r,r,r,r
212.0,55.3043,54,1.0,E4,r,D6,r,r,r,r,r,r
212.5,55.4348,54,1.25,G4,r,D6,r,r,r,r,r,r
213.0,55.5652,54,1.5,A4,r,C#6,r,r,r,r,r,r
213.5,55.6957,54,1.75,B4,r,D6,r,r,r,r,r,r
214.0,55.8261,54,2.0,C#5,r,E6,r,r,r,r,r,r
214.5,55.9565,54,2.25,D5,r,E6,r,r,r,r,r,r
215.0,56.087,54,2.5,E5,r,D6,r,r,r,r,r,r
215.5,56.2174,54,2.75,G4,r,C#6,r,r,r,r,r,r
216.0,56.3478,55,1.0,F#4,A5,D6,r,r,r,r,r,r
216.5,56.4783,55,1.25,A4,A5,D6,r,r,r,r,r,r
217.0,56.6087,55,1.5,B4,A5,A5,r,r,r,r,r,r
217.5,56.7391,55,1.75,C#5,A5,A5,r,r,r,r,r,r
218.0,56.8696,55,2.0,D5,D6,B5,r,r,r,r,r,r
218.5,57.0,55,2.25,E5,D6,B5,r,r,r,r,r,r
219.0,57.1304,55,2.5,F#5,D6,F#5,r,r,r,r,r,r
219.5,57.2609,55,2.75,C5,D6,F#5,r,r,r,r,r,r
220.0,57.3913,56,1.0,B4,D6,G5,r,r,r,r,r,r
220.5,57.5217,56,1.25,D5,D6,G5,r,r,r,r,r,r
221.0,57.6522,56,1.5,E5,C#6,E5,r,r,r,r,r,r
221.5,57.7826,56,1.75,F#5,D6,E5,r,r,r,r,r,r
222.0,57.913,56,2.0,G5,E6,A5,r,r,r,r,r,r
222.5,58.0435,56,2.25,B5,E6,A5,r,r,r,r,r,r
223.0,58.1739,56,2.5,A5,D6,E5,r,r,r,r,r,r
223.5,58.3043,56,2.75,G5,C#6,E5,r,r,r,r,r,r
224.0,58.4348,57,1.0,F#5,D6,F#5,r,r,r,r,r,r
224.5,58.5652,57,1.25,A4,C#6,F#5,r,r,r,r,r,r
225.0,58.6957,57,1.5,B4,D6,F#5,r,r,r,r,r,r
225.5,58.8261,57,1.75,C#5,E6,F#5,r,r,r,r,r,r
226.0,58.9565,57,2.0,D5,F#6,F#5,r,r,r,r,r,r
226.5,59.087,57,2.25,E5,E6,F#5,r,r,r,r,r,r
227.0,59.2174,57,2.5,F#5,D6,F#5,r,r,r,r,r,r
227.5,59.3478,57,2.75,A4,C#6,F#5,r,r,r,r,r,r
228.0,59.4783,58,1.0,G#4,B5,F#5,r,r,r,r,r,r
228.5,59.6087,58,1.25,F#5,B5,F#5,r,r,r,r,r,r
229.0,59.7391,58,1.5,D5,D6,F#5,r,r,r,r,r,r
229.5,59.8696,58,1.75,B4,D6,F#5,r,r,r,r,r,r
230.0,60.0,58,2.0,G#4,B5,F#5,r,r,r,r,r,r
230.5,60.1304,58,2.25,D5,B5,F#5,r,r,r,r,r,r
231.0,60.2609,58,2.5,B4,G#5,F#5,r,r,r,r,r,r
231.5,60.3913,58,2.75,G#4,G#5,F#5,r,r,r,r,r,r
232.0,60.5217,59,1.0,C#4,r,E5,r,r,r,r,r,r
232.5,60.6522,59,1.25,G#4,B5,E5,r,r,r,r,r,r
233.0,60.7826,59,1.5,A4,C#6,E5,r,r,r,r,r,r
233.5,60.913,59,1.75,B4,D6,E5,r,r,r,r,r,r
234.0,61.0435,59,2.0,C#5,E6,E5,r,r,r,r,r,r
234.5,61.1739,59,2.25,D5,D6,E5,r,r,r,r,r,r
235.0,61.3043,59,2.5,E5,C#6,E5,r,r,r,r,r,r
235.5,61.4348,59,2.75,G#4,B5,E5,r,r,r,r,r,r
236.0,61.5652,60,1.0,F#4,A5,E5,r,r,r,r,r,r
236.5,61.6957,60,1.25,E5,A5,E5,r,r,r,r,r,r
237.0,61.8261,60,1.5,C#5,C#6,E5,r,r,r,r,r,r
237.5,61.9565,60,1.75,A4,C#6,E5,r,r,r,r,r,r
238.0,62.087,60,2.0,F#4,A5,E5,r,r,r,r,r,r
238.5,62.2174,60,2.25,C#5,A5,E5,r,r,r,r,r,r
239.0,62.3478,60,2.5,A4,F#5,E5,r,r,r,r,r,r
239.5,62.4783,60,2.75,F#4,F#5,E5,r,r,r,r,r,r
240.0,62.6087,61,1.0,B3,r,D5,r,r,r,r,r,r
240.5,62.7391,61,1.25,F#4,A5,D5,r,r,r,r,r,r
241.0,62.8696,61,1.5,G#4,B5,D5,r,r,r,r,r,r
241.5,63.0,61,1.75,A4,C#6,D5,r,r,r,r,r,r
242.0,63.1304,61,2.0,B4,D6,D5,r,r,r,r,r,r
242.5,63.2609,61,2.25,C#5,C#6,D5,r,r,r,r,r,r
243.0,63.3913,61,2.5,D5,B5,D5,r,r,r,r,r,r
243.5,63.5217,61,2.75,F#4,A5,D5,r,r,r,r,r,r
244.0,63.6522,62,1.0,E4,G#5,D5,r,r,r,r,r,r
244.5,63.7826,62,1.25,D5,G#5,D5,r,r,r,r,r,r
245.0,63.913,62,1.5,B4,B5,D5,r,r,r,r,r,r
245.5,64.0435,62,1.75,G#4,B5,D5,r,r,r,r,r,r
246.0,64.1739,62,2.0,E4,G#5,D5,r,r,r,r,r,r
246.5,64.3043,62,2.25,B4,G#5,D5,r,r,r,r,r,r
247.0,64.4348,62,2.5,G#4,E5,D5,r,r,r,r,r,r
247.5,64.5652,62,2.75,E4,E5,D5,r,r,r,r,r,r
248.0,64.6957,63,1.0,A3,r,C#5,r,r,r,r,r,r
248.5,64.8261,63,1.25,A3,E5,C#5,r,r,r,r,r,r
249.0,64.9565,63,1.5,E5,F#5,C#5,E5,r,r,r,r,r
249.5,65.087,63,1.75,E5,G5,C#5,E5,r,r,r,r,r
250.0,65.2174,63,2.0,F#5,A5,A5,F#5,r,r,r,r,r
251.0,65.4783,63,2.5,C#5,A5,A5,C#5,r,r,r,r,r
252.0,65.7391,64,1.0,D5,A5,A5,D5,r,r,r,r,r
253.0,66.0,64,1.5,B4,A5,A5,B4,r,r,r,r,r
254.0,66.2609,64,2.0,E5,G5,G5,E5,r,r,r,r,r
255.0,66.5217,64,2.5,B4,G5,G5,B4,r,r,r,r,r
256.0,66.7826,65,1.0,C#5,G5,G5,C#5,r,r,r,r,r
257.0,67.0435,65,1.5,A4,G5,G5,A4,A4,r,r,r,r
258.0,67.3043,65,2.0,D5,F#5,F#5,D5,B4,r,r,r,r
259.0,67.5652,65,2.5,D5,F#5,F#5,D5,F#4,r,r,r,r
260.0,67.8261,66,1.0,D5,E5,E5,D5,G4,r,r,r,r
261.0,68.087,66,1.5,D5,E5,E5,D5,E4,r,r,r,r
262.0,68.3478,66,2.0,C#5,E5,E5,C#5,A4,r,r,r,r
263.0,68.6087,66,2.5,C#5,E5,E5,C#5,E4,r,r,r,r
264.0,68.8696,67,1.0,F#5,E5,E5,F#5,F#4,r,D2,D1,D2
264.5,69.0,67,1.25,F#5,E5,E5,F#5,A4,r,D2,D1,D2
265.0,69.1304,67,1.5,F#5,E5,E5,F#5,B4,A4,D2,D1,D2
265.5,69.2609,67,1.75,F#5,E5,E5,F#5,C#5,A4,D2,D1,D2
266.0,69.3913,67,2.0,F#5,D5,D5,F#5,D5,B4,D3,D2,D3
266.5,69.5217,67,2.25,F#5,D5,D5,F#5,C#5,B4,D3,D2,D3
267.0,69.6522,67,2.5,F#5,D5,D5,F#5,B4,F#4,D3,D2,D3
267.5,69.7826,67,2.75,F#5,D5,D5,F#5,A4,F#4,D3,D2,D3
268.0,69.913,68,1.0,E5,G5,G5,E5,B4,G4,D3,D2,D3
268.5,70.0435,68,1.25,E5,G5,G5,E5,G4,G4,D3,D2,D3
269.0,70.1739,68,1.5,E5,G5,G5,E5,A4,E4,C#3,C#2,C#3
269.5,70.3043,68,1.75,E5,G5,G5,E5,B4,F#4,D3,D2,D3
270.0,70.4348,68,2.0,E5,G5,G5,E5,C#5,G4,E3,E2,E3
270.5,70.5652,68,2.25,E5,G5,G5,E5,D5,G4,E3,E2,E3
271.0,70.6957,68,2.5,E5,G5,G5,E5,E5,E4,D3,D2,D3
271.5,70.8261,68,2.75,E5,G5,G5,E5,C#5,E4,C#3,C#2,C#3
272.0,70.9565,69,1.0,E5,F#5,F#5,E5,F#5,A3,D3,D2,D3
272.5,71.087,69,1.25,E5,F#5,F#5,E5,A4,A3,D3,D2,D3
273.0,71.2174,69,1.5,E5,F#5,F#5,E5,B4,E4,A2,A1,A2
273.5,71.3478,69,1.75,E5,F#5,F#5,E5,C#5,E4,A2,A1,A2
274.0,71.4783,69,2.0,D5,F#5,F#5,D5,D5,B4,B2,B1,B2
274.5,71.6087,69,2.25,D5,F#5,F#5,D5,E5,B4,B2,B1,B2
275.0,71.7391,69,2.5,D5,F#5,F#5,D5,F#5,A4,F#2,F#1,F#2
275.5,71.8696,69,2.75,D5,F#5,F#5,D5,D5,A4,F#2,F#1,F#2
276.0,72.0,70,1.0,D5,E5,E5,D5,B4,B4,G2,G1,G2
276.5,72.1304,70,1.25,D5,E5,E5,D5,G4,B4,G2,G1,G2
277.0,72.2609,70,1.5,D5,E5,E5,D5,A4,G4,E2,E1,E2
277.5,72.3913,70,1.75,D5,E5,E5,D5,B4,F#4,E2,E1,E2
278.0,72.5217,70,2.0,C5,E5,E5,C5,C5,E4,A2,A1,A2
278.5,72.6522,70,2.25,C5,E5,E5,C5,D5,E4,A2,A1,A2
279.0,72.7826,70,2.5,C5,E5,E5,C5,E5,G4,E2,E1,E2
279.5,72.913,70,2.75,C5,E5,E5,C5,C5,G4,E2,E1,E2
280.0,73.0435,71,1.0,C5,D5,D5,C5,A4,A4,F#2,F#1,F#2
280.5,73.1739,71,1.25,C5,D5,D5,C5,A4,D4,F#2,F#1,F#2
281.0,73.3043,71,1.5,C5,D5,D5,C5,A4,E4,D3,D2,D3
281.5,73.4348,71,1.75,C5,D5,D5,C5,A4,F#4,D3,D2,D3
282.0,73.5652,71,2.0,B4,G5,G5,B4,E4,G4,E3,E2,E3
282.5,73.6957,71,2.25,B4,G5,G5,B4,E4,A4,E3,E2,E3
283.0,73.8261,71,2.5,B4,G5,G5,B4,D4,B4,B2,B1,B2
283.5,73.9565,71,2.75,B4,G5,G5,B4,D4,G4,B2,B1,B2
284.0,74.087,72,1.0,A4,G5,G5,A4,E4,E4,C#3,C#2,C#3
284.5,74.2174,72,1.25,A4,G5,G5,A4,G4,C#4,C#3,C#2,C#3
285.0,74.3478,72,1.5,A4,G5,G5,A4,F#4,E-4,A2,A1,A2
285.5,74.4783,72,1.75,A4,G5,G5,A4,E4,E4,A2,A1,A2
286.0,74.6087,72,2.0,A4,F#5,F#5,A4,B4,F#4,E-3,E-2,E-3
286.5,74.7391,72,2.25,A4,F#5,F#5,A4,B4,E-4,E-3,E-2,E-3
287.0,74.8696,72,2.5,A4,F#5,F#5,A4,B4,E4,B2,B1,B2
287.5,75.0,72,2.75,A4,F#5,F#5,A4,B4,F#4,B2,B1,B2
288.0,75.1304,73,1.0,G4,F#5,F#5,G4,B4,G4,E3,E2,E3
288.5,75.2609,73,1.25,G4,F#5,F#5,G4,B4,B3,E3,E2,E3
289.0,75.3913,73,1.5,G4,F#5,F#5,G4,A4,C#4,B2,B1,B2
289.5,75.5217,73,1.75,G4,F#5,F#5,G4,A4,E-4,B2,B1,B2
290.0,75.6522,73,2.0,G4,E5,E5,G4,G4,E4,C3,C2,C3
290.5,75.7826,73,2.25,G4,E5,E5,G4,A4,F#4,C3,C2,C3
291.0,75.913,73,2.5,G4,E5,E5,G4,B4,G4,G2,G1,G2
291.5,76.0435,73,2.75,G4,E5,E5,G4,G4,E4,G2,G1,G2
292.0,76.1739,74,1.0,F#4,E5,E5,F#4,C5,C4,A2,A1,A2
292.5,76.3043,74,1.25,F#4,E5,E5,F#4,C5,A3,A2,A1,A2
293.0,76.4348,74,1.5,F#4,E5,E5,F#4,A4,B3,F#2,F#1,F#2
293.5,76.5652,74,1.75,F#4,E5,E5,F#4,A4,C4,F#2,F#1,F#2
294.0,76.6957,74,2.0,F#4,D5,D5,F#4,F#4,D4,B2,B1,B2
294.5,76.8261,74,2.25,F#4,D5,D5,F#4,G4,E4,B2,B1,B2
295.0,76.9565,74,2.5,F#4,D5,D5,F#4,A4,F#4,F#2,F#1,F#2
295.5,77.087,74,2.75,F#4,D5,D5,F#4,F#4,D4,F#2,F#1,F#2
296.0,77.2174,75,1.0,E4,D5,D5,E4,B4,B3,G#2,G#1,G#2
296.5,77.3478,75,1.25,E4,D5,D5,E4,E4,D4,G#2,G#1,G#2
297.0,77.4783,75,1.5,E4,D5,D5,E4,F#4,C4,E3,E2,E3
297.5,77.6087,75,1.75,E4,D5,D5,E4,G#4,B3,E3,E2,E3
298.0,77.7391,75,2.0,A4,C5,C5,A4,A4,A3,F3,F2,F3
298.5,77.8696,75,2.25,A4,C5,C5,A4,B4,A3,F3,F2,F3
299.0,78.0,75,2.5,A4,C5,C5,A4,C5,E4,C3,C2,C3
299.5,78.1304,75,2.75,A4,C5,C5,A4,A4,E4,C3,C2,C3
300.0,78.2609,76,1.0,A4,B4,B4,A4,F4,F4,D3,D2,D3
300.5,78.3913,76,1.25,A4,B4,B4,A4,D4,F4,D3,D2,D3
301.0,78.5217,76,1.5,A4,B4,B4,A4,E4,D4,B2,B1,B2
301.5,78.6522,76,1.75,A4,B4,B4,A4,F4,D4,B2,B1,B2
302.0,78.7826,76,2.0,G4,B4,B4,G4,G4,B3,E3,E2,E3
302.5,78.913,76,2.25,G4,B4,B4,G4,A4,C4,E3,E2,E3
303.0,79.0435,76,2.5,G4,B4,B4,G4,B4,D4,B2,B1,B2
303.5,79.1739,76,2.75,G4,B4,B4,G4,G4,B3,B2,B1,B2
304.0,79.3043,77,1.0,G4,A4,A4,G4,E4,E4,C#3,C#2,C#3
304.5,79.4348,77,1.25,G4,A4,A4,G4,E4,G4,C#3,C#2,C#3
305.0,79.5652,77,1.5,G4,A4,A4,G4,C#5,F#4,A3,A2,A3
305.5,79.6957,77,1.75,G4,A4,A4,G4,C#5,E4,A3,A2,A3
306.0,79.8261,77,2.0,F#4,D5,D5,F#4,D5,D4,B3,B2,B3
306.5,79.9565,77,2.25,F#4,D5,D5,F#4,D5,E4,B3,B2,B3
307.0,80.087,77,2.5,F#4,D5,D5,F#4,A4,F#4,F#3,F#2,F#3
307.5,80.2174,77,2.75,F#4,D5,D5,F#4,A4,D4,F#3,F#2,F#3
308.0,80.3478,78,1.0,E4,D5,D5,E4,B4,B3,G3,G2,G3
308.5,80.4783,78,1.25,E4,D5,D5,E4,B4,G3,G3,G2,G3
309.0,80.6087,78,1.5,E4,D5,D5,E4,G4,A3,E3,E2,E3
309.5,80.7391,78,1.75,E4,D5,D5,E4,G4,B3,E3,E2,E3
310.0,80.8696,78,2.0,E4,C5,C5,E4,E4,C4,A3,A2,A3
310.5,81.0,78,2.25,E4,C5,C5,E4,F#4,D4,A3,A2,A3
311.0,81.1304,78,2.5,E4,C5,C5,E4,G4,E4,E3,E2,E3
311.5,81.2609,78,2.75,E4,C5,C5,E4,E4,C4,E3,E2,E3
312.0,81.3913,79,1.0,D5,C5,C5,D5,A4,A3,F#3,F#2,F#3
312.5,81.5217,79,1.25,D5,C5,C5,D5,C5,A4,F#3,F#2,F#3
313.0,81.6522,79,1.5,D5,C5,C5,D5,B4,G4,D3,D2,D3
313.5,81.7826,79,1.75,D5,C5,C5,D5,A4,F#4,D3,D2,D3
314.0,81.913,79,2.0,G5,B4,B4,G5,G4,G4,E3,E2,E3
314.5,82.0435,79,2.25,G5,B4,B4,G5,A4,G4,E3,E2,E3
315.0,82.1739,79,2.5,G5,B4,B4,G5,B4,D4,B2,B1,B2
315.5,82.3043,79,2.75,G5,B4,B4,G5,G4,D4,B2,B1,B2
316.0,82.4348,80,1.0,G5,A4,A4,G5,E4,E4,C3,C2,C3
316.5,82.5652,80,1.25,G5,A4,A4,G5,G4,E4,C3,C2,C3
317.0,82.6957,80,1.5,F#5,A4,A4,F#5,A4,C4,A2,A1,A2
317.5,82.8261,80,1.75,G5,A4,A4,G5,B4,C4,A2,A1,A2
318.0,82.9565,80,2.0,A5,A4,A4,A5,C5,A3,D3,D2,D3
318.5,83.087,80,2.25,A5,A4,A4,A5,E5,C4,D3,D2,D3
319.0,83.2174,80,2.5,G5,A4,A4,G5,D5,B3,A2,A1,A2
319.5,83.3478,80,2.75,F#5,A4,A4,F#5,C5,A3,A2,A1,A2
320.0,83.4783,81,1.0,G5,G4,G4,G5,B4,D4,B2,B1,B2
320.5,83.6087,81,1.25,G5,G4,G4,G5,F#4,C4,A2,A1,A2
321.0,83.7391,81,1.5,D5,G4,G4,D5,G4,B3,G2,G1,G2
321.5,83.8696,81,1.75,D5,G4,G4,D5,A4,A3,F#2,F#1,F#2
322.0,84.0,81,2.0,E5,G5,G5,E5,B4,G3,E2,E1,E2
322.5,84.1304,81,2.25,E5,G5,G5,E5,B4,A3,F#2,F#1,F#2
323.0,84.2609,81,2.5,B4,G5,G5,B4,E5,B3,G2,G1,G2
323.5,84.3913,81,2.75,B4,G5,G5,B4,D5,G3,E2,E1,E2
324.0,84.5217,82,1.0,C5,G5,G5,C5,C5,E3,A2,A1,A2
324.5,84.6522,82,1.25,C5,G5,G5,C5,D5,E3,A2,A1,A2
325.0,84.7826,82,1.5,A4,A5,A5,A4,C5,E3,A2,A1,A2
325.5,84.913,82,1.75,A4,G5,G5,A4,B4,E3,A2,A1,A2
326.0,85.0435,82,2.0,D5,F#5,F#5,D5,A4,A3,C3,C2,C3
326.5,85.1739,82,2.25,D5,G5,G5,D5,A4,A3,C3,C2,C3
327.0,85.3043,82,2.5,A4,E5,E5,A4,D5,A3,C3,C2,C3
327.5,85.4348,82,2.75,A4,F#5,F#5,A4,D5,A3,C3,C2,C3
328.0,85.5652,83,1.0,B4,G5,G5,B4,D5,G3,B2,B1,B2
328.5,85.6957,83,1.25,B4,D5,D5,B4,C5,G3,B2,B1,B2
329.0,85.8261,83,1.5,B5,E5,E5,B5,B4,G4,B2,B1,B2
329.5,85.9565,83,1.75,B5,F#5,F#5,B5,A4,F#4,B2,B1,B2
330.0,86.087,83,2.0,C6,G5,G5,C6,G4,E4,E3,E2,E3
330.5,86.2174,83,2.25,C6,A5,A5,C6,F#4,D4,E3,E2,E3
331.0,86.3478,83,2.5,G5,B5,B5,G5,E4,C4,E3,E2,E3
331.5,86.4783,83,2.75,G5,G5,G5,G5,G4,B3,E3,E2,E3
332.0,86.6087,84,1.0,A5,C6,C6,A5,F#4,A3,E3,E2,E3
332.5,86.7391,84,1.25,A5,B5,B5,A5,F#4,A3,E3,E2,E3
333.0,86.8696,84,1.5,F#5,A5,A5,F#5,A4,C4,E3,E2,E3
333.5,87.0,84,1.75,F#5,G5,G5,F#5,A4,C4,E3,E2,E3
334.0,87.1304,84,2.0,B5,F#5,F#5,B5,B4,D4,D3,D2,D3
334.5,87.2609,84,2.25,B5,B5,B5,B5,B4,D4,D3,D2,D3
335.0,87.3913,84,2.5,F#5,A5,A5,F#5,D5,F#4,D3,D2,D3
335.5,87.5217,84,2.75,F#5,B5,B5,F#5,D5,F#4,D3,D2,D3
336.0,87.6522,85,1.0,G5,E5,E5,G5,E5,B4,D3,D2,D3
336.5,87.7826,85,1.25,G5,G5,G5,G5,E5,B4,D3,D2,D3
337.0,87.913,85,1.5,E5,A5,A5,E5,E5,G4,D3,D2,D3
337.5,88.0435,85,1.75,E5,B5,B5,E5,E5,G4,D3,D2,D3
338.0,88.1739,85,2.0,A5,A5,A5,A5,E5,E4,C3,C2,C3
338.5,88.3043,85,2.25,A5,G5,G5,A5,E5,E4,C3,C2,C3
339.0,88.4348,85,2.5,A5,F#5,F#5,A5,E-5,C5,C3,C2,C3
339.5,88.5652,85,2.75,A5,E5,E5,A5,E5,C5,C3,C2,C3
340.0,88.6957,86,1.0,A5,E-5,E-5,A5,F#5,F#4,B2,B1,B2
340.5,88.8261,86,1.25,A5,E-5,E-5,A5,E-5,F#4,B2,B1,B2
341.0,88.9565,86,1.5,G5,E5,E5,G5,B4,E4,E3,E2,E3
341.5,89.087,86,1.75,A5,F#5,F#5,A5,G4,E4,E3,E2,E3
342.0,89.2174,86,2.0,F#5,E-5,E-5,F#5,B4,F#4,B3,B2,B3
343.0,89.4783,86,2.5,F#5,E-5,E-5,F#5,F#4,B4,B2,B1,B2
343.5,89.6087,86,2.75,E5,E5,E5,E5,F#4,B4,B2,B1,B2
344.0,89.7391,87,1.0,E5,E5,E5,E5,G4,B4,E3,E1,E3
344.5,89.8696,87,1.25,B4,E5,E5,E5,G4,B4,E3,E1,E3
345.0,90.0,87,1.5,E5,E5,E5,E5,G4,B4,E3,E1,E3
345.5,90.1304,87,1.75,G5,E5,E5,E5,G4,B4,E3,E1,E3
346.0,90.2609,87,2.0,B5,r,r,r,r,r,r,r,r
346.5,90.3913,87,2.25,G5,r,r,r,r,r,r,r,r
347.0,90.5217,87,2.5,F#5,r,r,r,r,r,r,r,r
347.5,90.6522,87,2.75,E5,r,r,r,r,r,r,r,r
348.0,90.7826,88,1.0,E-5,r,r,r,r,r,B3,r,B3
348.5,90.913,88,1.25,F#5,r,r,r,r,r,B3,r,B3
349.0,91.0435,88,1.5,E-5,r,r,r,r,r,B3,r,B3
349.5,91.1739,88,1.75,B4,r,r,r,r,r,B3,r,B3
350.0,91.3043,88,2.0,F#4,r,r,r,r,r,B2,r,B2
350.5,91.4348,88,2.25,A4,r,r,r,r,r,B2,r,B2
351.0,91.5652,88,2.5,G4,r,r,r,r,r,B2,r,B2
351.5,91.6957,88,2.75,F#4,r,r,r,r,r,B2,r,B2
352.0,91.8261,89,1.0,G4,r,r,r,r,r,E3,r,E3
352.5,91.9565,89,1.25,B4,r,r,r,r,r,E3,r,E3
353.0,92.087,89,1.5,E5,r,r,r,r,r,E3,r,E3
353.5,92.2174,89,1.75,G5,r,r,r,r,r,E3,r,E3
354.0,92.3478,89,2.0,B5,r,r,r,r,r,r,r,r
354.5,92.4783,89,2.25,G5,r,r,r,r,r,r,r,r
355.0,92.6087,89,2.5,F#5,r,r,r,r,r,r,r,r
355.5,92.7391,89,2.75,E5,r,r,r,r,r,r,r,r
356.0,92.8696,90,1.0,E-5,r,r,r,r,r,B3,r,B3
356.5,93.0,90,1.25,F#5,r,r,r,r,r,B3,r,B3
357.0,93.1304,90,1.5,E-5,r,r,r,r,r,B3,r,B3
357.5,93.2609,90,1.75,B4,r,r,r,r,r,B3,r,B3
358.0,93.3913,90,2.0,F#4,r,r,r,r,r,B2,r,B2
358.5,93.5217,90,2.25,A4,r,r,r,r,r,B2,r,B2
359.0,93.6522,90,2.5,G4,r,r,r,r,r,B2,r,B2
359.5,93.7826,90,2.75,F#4,r,r,r,r,r,B2,r,B2
360.0,93.913,91,1.0,G4,r,r,r,r,r,E3,r,E3
360.5,94.0435,91,1.25,E4,r,r,r,r,r,E3,r,E3
361.0,94.1739,91,1.5,G4,r,r,r,r,r,E3,r,E3
361.5,94.3043,91,1.75,B4,r,r,r,r,r,E3,r,E3
362.0,94.4348,91,2.0,E5,r,r,r,r,r,r,r,r
362.5,94.5652,91,2.25,G5,r,r,r,r,r,r,r,r
363.0,94.6957,91,2.5,B5,r,r,r,r,r,r,r,r
363.5,94.8261,91,2.75,D5,r,r,r,r,r,r,r,r
364.0,94.9565,92,1.0,C#5,r,r,r,r,r,A3,r,A3
364.5,95.087,92,1.25,E5,r,r,r,r,r,A3,r,A3
365.0,95.2174,92,1.5,C#5,r,r,r,r,r,A3,r,A3
365.5,95.3478,92,1.75,A4,r,r,r,r,r,A3,r,A3
366.0,95.4783,92,2.0,E4,r,r,r,r,r,A2,r,A2
366.5,95.6087,92,2.25,G4,r,r,r,r,r,A2,r,A2
367.0,95.7391,92,2.5,F#4,r,r,r,r,r,A2,r,A2
367.5,95.8696,92,2.75,E4,r,r,r,r,r,A2,r,A2
368.0,96.0,93,1.0,F#4,r,r,r,r,r,D3,r,D3
368.5,96.1304,93,1.25,D4,r,r,r,r,r,D3,r,D3
369.0,96.2609,93,1.5,F#4,r,r,r,r,r,D3,r,D3
369.5,96.3913,93,1.75,A4,r,r,r,r,r,D3,r,D3
370.0,96.5217,93,2.0,D5,r,r,r,r,r,r,r,r
370.5,96.6522,93,2.25,F#5,r,r,r,r,r,r,r,r
371.0,96.7826,93,2.5,A5,r,r,r,r,r,r,r,r
371.5,96.913,93,2.75,D5,r,r,r,r,r,r,r,r
372.0,97.0435,94,1.0,C#5,r,r,r,r,r,A3,A2,A3
372.5,97.1739,94,1.25,E5,r,r,r,r,r,A3,A2,A3
373.0,97.3043,94,1.5,C#5,r,r,r,r,r,A3,A2,A3
373.5,97.4348,94,1.75,A4,r,r,r,r,r,A3,A2,A3
374.0,97.5652,94,2.0,E4,r,r,r,r,r,A2,A1,A2
374.5,97.6957,94,2.25,G4,r,r,r,r,r,A2,A1,A2
375.0,97.8261,94,2.5,F#4,r,r,r,r,r,A2,A1,A2
375.5,97.9565,94,2.75,E4,r,r,r,r,r,A2,A1,A2
376.0,98.087,95,1.0,F#4,r,r,r,r,r,D3,D2,D3
376.5,98.2174,95,1.25,A4,r,r,r,r,r,D3,D2,D3
377.0,98.3478,95,1.5,F#4,r,r,F#5,C5,A4,D3,D2,D3
377.5,98.4783,95,1.75,D4,r,r,F#5,C5,A4,D3,D2,D3
378.0,98.6087,95,2.0,A4,r,r,F#5,C5,A4,r,r,r
378.25,98.6739,95,2.125,G4,r,r,F#5,C5,A4,r,r,r
378.5,98.7391,95,2.25,F#4,r,r,F#5,C5,A4,r,r,r
378.75,98.8043,95,2.375,E4,r,r,F#5,C5,A4,r,r,r
379.0,98.8696,95,2.5,D4,r,r,F#5,C5,A4,r,r,r
379.5,99.0,95,2.75,A4,r,r,F#5,C5,A4,r,r,r
380.0,99.1304,96,1.0,C4,r,r,r,r,r,D3,D2,D3
380.5,99.2609,96,1.25,A4,r,r,r,r,r,D3,D2,D3
381.0,99.3913,96,1.5,F#4,r,r,F#5,C5,A4,D3,D2,D3
381.5,99.5217,96,1.75,C4,r,r,F#5,C5,A4,D3,D2,D3
382.0,99.6522,96,2.0,A4,r,r,F#5,C5,A4,D2,D1,D2
382.25,99.7174,96,2.125,G4,r,r,F#5,C5,A4,D2,D1,D2
382.5,99.7826,96,2.25,F#4,r,r,F#5,C5,A4,D2,D1,D2
382.75,99.8478,96,2.375,E4,r,r,F#5,C5,A4,D2,D1,D2
383.0,99.913,96,2.5,D4,r,r,F#5,C5,A4,D2,D1,D2
383.25,99.9783,96,2.625,C4,r,r,F#5,C5,A4,D2,D1,D2
383.5,100.0435,96,2.75,B3,r,r,F#5,C5,A4,D2,D1,D2
383.75,100.1087,96,2.875,A3,r,r,F#5,C5,A4,D2,D1,D2
384.0,100.1739,97,1.0,B3,r,r,G5,B4,G4,G2,G1,G2
384.5,100.3043,97,1.25,D5,r,r,G5,B4,G4,G2,G1,G2
385.0,100.4348,97,1.5,B4,B5,F5,r,r,r,G2,G1,G2
385.5,100.5652,97,1.75,G4,B5,F5,r,r,r,G2,G1,G2
386.0,100.6957,97,2.0,D5,B5,F5,r,r,r,r,r,r
386.25,100.7609,97,2.125,C5,B5,F5,r,r,r,r,r,r
386.5,100.8261,97,2.25,B4,B5,F5,r,r,r,r,r,r
386.75,100.8913,97,2.375,A4,B5,F5,r,r,r,r,r,r
387.0,100.9565,97,2.5,G4,B5,F5,r,r,r,r,r,r
387.5,101.087,97,2.75,D5,B5,F5,r,r,r,r,r,r
388.0,101.2174,98,1.0,F4,r,r,r,r,r,G3,r,G3
388.5,101.3478,98,1.25,D5,r,r,r,r,r,G3,r,G3
389.0,101.4783,98,1.5,B4,B5,F5,r,r,r,G3,r,G3
389.5,101.6087,98,1.75,F4,B5,F5,r,r,r,G3,r,G3
390.0,101.7391,98,2.0,D5,B5,F5,r,r,r,G2,r,G2
390.25,101.8043,98,2.125,C5,B5,F5,r,r,r,G2,r,G2
390.5,101.8696,98,2.25,B4,B5,F5,r,r,r,G2,r,G2
390.75,101.9348,98,2.375,A4,B5,F5,r,r,r,G2,r,G2
391.0,102.0,98,2.5,G4,B5,F5,r,r,r,G2,r,G2
391.25,102.0652,98,2.625,F4,B5,F5,r,r,r,G2,r,G2
391.5,102.1304,98,2.75,E4,B5,F5,r,r,r,G2,r,G2
391.75,102.1957,98,2.875,D4,B5,F5,r,r,r,G2,r,G2
392.0,102.2609,99,1.0,E4,B5,E5,r,r,r,G#2,G#1,G#2
392.5,102.3913,99,1.25,B4,B5,E5,r,r,r,G#2,G#1,G#2
393.0,102.5217,99,1.5,G#4,B5,E5,D5,B4,E4,G#2,G#1,G#2
393.5,102.6522,99,1.75,E4,B5,E5,D5,B4,E4,G#2,G#1,G#2
394.0,102.7826,99,2.0,B4,r,r,D5,B4,E4,r,r,r
394.25,102.8478,99,2.125,A4,r,r,D5,B4,E4,r,r,r
394.5,102.913,99,2.25,G#4,r,r,D5,B4,E4,r,r,r
394.75,102.9783,99,2.375,F#4,r,r,D5,B4,E4,r,r,r
395.0,103.0435,99,2.5,E4,B5,E5,D5,B4,E4,r,r,r
395.5,103.1739,99,2.75,B4,B5,E5,D5,B4,E4,r,r,r
396.0,103.3043,100,1.0,D4,B5,E5,r,r,r,G#2,G#1,G#2
396.5,103.4348,100,1.25,B4,B5,E5,r,r,r,G#2,G#1,G#2
397.0,103.5652,100,1.5,G#4,B5,E5,D5,B4,E4,G#2,G#1,G#2
397.5,103.6957,100,1.75,D4,B5,E5,D5,B4,E4,G#2,G#1,G#2
398.0,103.8261,100,2.0,B4,r,r,D5,G#4,E4,E2,E1,E2
398.25,103.8913,100,2.125,A4,r,r,D5,G#4,E4,E2,E1,E2
398.5,103.9565,100,2.25,G#4,r,r,D5,G#4,E4,E2,E1,E2
398.75,104.0217,100,2.375,F#4,r,r,D5,G#4,E4,E2,E1,E2
399.0,104.087,100,2.5,E4,B5,E5,D5,B4,E4,E2,E1,E2
399.25,104.1522,100,2.625,D4,B5,E5,D5,B4,E4,E2,E1,E2
399.5,104.2174,100,2.75,C4,B5,E5,D5,B4,E4,E2,E1,E2
399.75,104.2826,100,2.875,B3,B5,E5,D5,B4,E4,E2,E1,E2
400.0,104.3478,101,1.0,C4,A5,E5,C5,r,E4,A2,A1,A2
400.25,104.413,101,1.125,E4,A5,E5,C5,r,E4,A2,A1,A2
400.5,104.4783,101,1.25,F#4,A5,E5,C5,r,E4,A2,A1,A2
400.75,104.5435,101,1.375,G#4,A5,E5,C5,r,E4,A2,A1,A2
401.0,104.6087,101,1.5,A4,A5,E5,C5,r,E4,B2,r,B2
401.25,104.6739,101,1.625,B4,A5,E5,C5,r,E4,B2,r,B2
401.5,104.7391,101,1.75,C5,A5,E5,C5,r,E4,B2,r,B2
401.75,104.8043,101,1.875,D5,A5,E5,C5,r,E4,B2,r,B2
402.0,104.8696,101,2.0,E5,r,r,r,r,r,C3,r,C3
402.25,104.9348,101,2.125,F5,r,r,r,r,r,C3,r,C3
402.5,105.0,101,2.25,E5,r,r,r,r,r,C3,r,C3
402.75,105.0652,101,2.375,D5,r,r,r,r,r,C3,r,C3
403.0,105.1304,101,2.5,C5,r,r,r,r,r,A2,r,A2
403.25,105.1957,101,2.625,B4,r,r,r,r,r,A2,r,A2
403.5,105.2609,101,2.75,A4,r,r,r,r,r,A2,r,A2
403.75,105.3261,101,2.875,G4,r,r,r,r,r,A2,r,A2
404.0,105.3913,102,1.0,F#4,r,r,r,r,r,E-3,r,E-3
404.25,105.4565,102,1.125,E4,r,r,r,r,r,E-3,r,E-3
404.5,105.5217,102,1.25,E-4,r,r,r,r,r,E-3,r,E-3
404.75,105.587,102,1.375,E4,r,r,r,r,r,E-3,r,E-3
405.0,105.6522,102,1.5,F#4,r,r,r,r,r,C#3,r,C#3
405.25,105.7174,102,1.625,G4,r,r,r,r,r,C#3,r,C#3
405.5,105.7826,102,1.75,A4,r,r,r,r,r,C#3,r,C#3
405.75,105.8478,102,1.875,B4,r,r,r,r,r,C#3,r,C#3
406.0,105.913,102,2.0,C5,r,r,r,r,r,E-3,r,E-3
406.25,105.9783,102,2.125,E-5,r,r,r,r,r,E-3,r,E-3
406.5,106.0435,102,2.25,E5,r,r,r,r,r,E-3,r,E-3
406.75,106.1087,102,2.375,F#5,r,r,r,r,r,E-3,r,E-3
407.0,106.1739,102,2.5,E5,r,r,r,r,r,B2,r,B2
407.25,106.2391,102,2.625,E-5,r,r,r,r,r,B2,r,B2
407.5,106.3043,102,2.75,C#5,r,r,r,r,r,B2,r,B2
407.75,106.3696,102,2.875,B4,r,r,r,r,r,B2,r,B2
408.0,106.4348,103,1.0,G5,r,r,r,r,r,E3,r,E3
408.25,106.5,103,1.125,E4,r,r,r,r,r,E3,r,E3
408.5,106.5652,103,1.25,F#4,r,r,r,r,r,E3,r,E3
408.75,106.6304,103,1.375,G4,r,r,r,r,r,E3,r,E3
409.0,106.6957,103,1.5,A4,r,r,r,r,r,F#3,r,F#3
409.25,106.7609,103,1.625,B4,r,r,r,r,r,F#3,r,F#3
409.5,106.8261,103,1.75,C5,r,r,r,r,r,F#3,r,F#3
409.75,106.8913,103,1.875,D5,r,r,r,r,r,F#3,r,F#3
410.0,106.9565,103,2.0,E5,r,r,r,r,r,G3,r,G3
410.25,107.0217,103,2.125,F#5,r,r,r,r,r,G3,r,G3
410.5,107.087,103,2.25,G5,r,r,r,r,r,G3,r,G3
410.75,107.1522,103,2.375,F#5,r,r,r,r,r,G3,r,G3
411.0,107.2174,103,2.5,E5,r,r,r,r,r,C4,r,C4
411.25,107.2826,103,2.625,D5,r,r,r,r,r,C4,r,C4
411.5,107.3478,103,2.75,C5,r,r,r,r,r,C4,r,C4
411.75,107.413,103,2.875,B4,r,r,r,r,r,C4,r,C4
412.0,107.4783,104,1.0,A4,r,r,r,r,r,F#3,r,F#3
412.25,107.5435,104,1.125,F#4,r,r,r,r,r,F#3,r,F#3
412.5,107.6087,104,1.25,G4,r,r,r,r,r,F#3,r,F#3
412.75,107.6739,104,1.375,A4,r,r,r,r,r,F#3,r,F#3
413.0,107.7391,104,1.5,B4,r,r,r,r,r,G3,r,G3
413.25,107.8043,104,1.625,C5,r,r,r,r,r,G3,r,G3
413.5,107.8696,104,1.75,D5,r,r,r,r,r,G3,r,G3
413.75,107.9348,104,1.875,E5,r,r,r,r,r,G3,r,G3
414.0,108.0,104,2.0,F#5,r,r,r,r,r,A3,r,A3
414.25,108.0652,104,2.125,G5,r,r,r,r,r,A3,r,A3
414.5,108.1304,104,2.25,A5,r,r,r,r,r,A3,r,A3
414.75,108.1957,104,2.375,G5,r,r,r,r,r,A3,r,A3
415.0,108.2609,104,2.5,F#5,r,r,r,r,r,D4,r,D4
415.25,108.3261,104,2.625,E5,r,r,r,r,r,D4,r,D4
415.5,108.3913,104,2.75,D5,r,r,r,r,r,D4,r,D4
415.75,108.4565,104,2.875,C5,r,r,r,r,r,D4,r,D4
416.0,108.5217,105,1.0,B4,r,r,D4,r,r,G3,r,G3
416.25,108.587,105,1.125,D5,r,r,D4,r,r,G3,r,G3
416.5,108.6522,105,1.25,E5,r,r,D4,r,r,G3,r,G3
416.75,108.7174,105,1.375,F#5,r,r,D4,r,r,G3,r,G3
417.0,108.7826,105,1.5,G5,r,r,D4,r,r,G3,r,G3
417.25,108.8478,105,1.625,A5,r,r,D4,r,r,G3,r,G3
417.5,108.913,105,1.75,B5,r,r,D4,r,r,G3,r,G3
417.75,108.9783,105,1.875,C6,r,r,D4,r,r,G3,r,G3
418.0,109.0435,105,2.0,D6,r,r,D5,r,r,B2,r,B2
418.25,109.1087,105,2.125,C6,r,r,D5,r,r,B2,r,B2
418.5,109.1739,105,2.25,B5,r,r,D5,r,r,B2,r,B2
418.75,109.2391,105,2.375,A5,r,r,D5,r,r,B2,r,B2
419.0,109.3043,105,2.5,G5,r,r,D5,r,r,B2,r,B2
419.25,109.3696,105,2.625,F#5,r,r,D5,r,r,B2,r,B2
419.5,109.4348,105,2.75,E5,r,r,D5,r,r,B2,r,B2
419.75,109.5,105,2.875,D5,r,r,D5,r,r,B2,r,B2
420.0,109.5652,106,1.0,E5,r,r,D5,G3,r,C3,r,C3
420.25,109.6304,106,1.125,E5,r,r,D5,G3,r,C3,r,C3
420.5,109.6957,106,1.25,E5,r,r,D5,G3,r,C3,r,C3
420.75,109.7609,106,1.375,E5,r,r,D5,G3,r,C3,r,C3
421.0,109.8261,106,1.5,E5,r,r,B4,G3,r,C3,r,C3
421.25,109.8913,106,1.625,E5,r,r,B4,G3,r,C3,r,C3
421.5,109.9565,106,1.75,E5,r,r,C5,G3,r,C3,r,C3
421.75,110.0217,106,1.875,E5,r,r,C5,G3,r,C3,r,C3
422.0,110.087,106,2.0,E5,r,r,D5,G4,r,r,r,r
422.25,110.1522,106,2.125,D6,r,r,D5,G4,r,r,r,r
422.5,110.2174,106,2.25,E5,r,r,D5,G4,r,r,r,r
422.75,110.2826,106,2.375,D6,r,r,D5,G4,r,r,r,r
423.0,110.3478,106,2.5,E5,r,r,C5,G4,r,r,r,r
423.25,110.413,106,2.625,D6,r,r,C5,G4,r,r,r,r
423.5,110.4783,106,2.75,E5,r,r,B4,G4,r,r,r,r
423.75,110.5435,106,2.875,D6,r,r,B4,G4,r,r,r,r
424.0,110.6087,107,1.0,E5,r,r,C5,G4,r,A2,r,A2
424.25,110.6739,107,1.125,E5,r,r,C5,G4,r,A2,r,A2
424.5,110.7391,107,1.25,E5,r,r,C5,G4,r,A2,r,A2
424.75,110.8043,107,1.375,E5,r,r,C5,G4,r,A2,r,A2
425.0,110.8696,107,1.5,E5,r,r,G4,E4,r,A2,r,A2
425.25,110.9348,107,1.625,E5,r,r,G4,E4,r,A2,r,A2
425.5,111.0,107,1.75,E5,r,r,G4,F#4,r,A2,r,A2
425.75,111.0652,107,1.875,E5,r,r,G4,F#4,r,A2,r,A2
426.0,111.1304,107,2.0,E5,r,r,C5,G4,r,r,r,r
426.25,111.1957,107,2.125,C6,r,r,C5,G4,r,r,r,r
426.5,111.2609,107,2.25,E5,r,r,C5,G4,r,r,r,r
426.75,111.3261,107,2.375,C6,r,r,C5,G4,r,r,r,r
427.0,111.3913,107,2.5,E5,r,r,C5,F#4,r,r,r,r
427.25,111.4565,107,2.625,C6,r,r,C5,F#4,r,r,r,r
427.5,111.5217,107,2.75,E5,r,r,C5,E4,r,r,r,r
427.75,111.587,107,2.875,C6,r,r,C5,E4,r,r,r,r
428.0,111.6522,108,1.0,D5,r,r,C5,F#4,r,D2,r,D2
428.25,111.7174,108,1.125,E5,r,r,C5,F#4,r,D2,r,D2
428.5,111.7826,108,1.25,D5,r,r,C5,F#4,r,D2,r,D2
428.75,111.8478,108,1.375,E5,r,r,C5,F#4,r,D2,r,D2
429.0,111.913,108,1.5,D5,r,r,A4,C5,r,D2,r,D2
429.25,111.9783,108,1.625,E5,r,r,A4,C5,r,D2,r,D2
429.5,112.0435,108,1.75,D5,r,r,B4,C5,r,D2,r,D2
429.75,112.1087,108,1.875,E5,r,r,B4,C5,r,D2,r,D2
430.0,112.1739,108,2.0,D5,r,r,C5,F#4,r,r,r,r
430.25,112.2391,108,2.125,C6,r,r,C5,F#4,r,r,r,r
430.5,112.3043,108,2.25,D5,r,r,C5,F#4,r,r,r,r
430.75,112.3696,108,2.375,C6,r,r,C5,F#4,r,r,r,r
431.0,112.4348,108,2.5,D5,r,r,B4,F#4,r,r,r,r
431.25,112.5,108,2.625,C6,r,r,B4,F#4,r,r,r,r
431.5,112.5652,108,2.75,D5,r,r,A4,F#4,r,r,r,r
431.75,112.6304,108,2.875,C6,r,r,A4,F#4,r,r,r,r
432.0,112.6957,109,1.0,D5,r,r,B4,F4,r,G2,r,G2
432.25,112.7609,109,1.125,E5,r,r,B4,F4,r,G2,r,G2
432.5,112.8261,109,1.25,D5,r,r,B4,F4,r,G2,r,G2
432.75,112.8913,109,1.375,E5,r,r,B4,F4,r,G2,r,G2
433.0,112.9565,109,1.5,D5,r,r,F5,D4,r,G2,r,G2
433.25,113.0217,109,1.625,E5,r,r,F5,D4,r,G2,r,G2
433.5,113.087,109,1.75,D5,r,r,F5,E4,r,G2,r,G2
433.75,113.1522,109,1.875,E5,r,r,F5,E4,r,G2,r,G2
434.0,113.2174,109,2.0,D5,r,r,B4,F4,r,r,r,r
434.25,113.2826,109,2.125,B5,r,r,B4,F4,r,r,r,r
434.5,113.3478,109,2.25,D5,r,r,B4,F4,r,r,r,r
434.75,113.413,109,2.375,B5,r,r,B4,F4,r,r,r,r
435.0,113.4783,109,2.5,D5,r,r,B4,E4,r,r,r,r
435.25,113.5435,109,2.625,B5,r,r,B4,E4,r,r,r,r
435.5,113.6087,109,2.75,D5,r,r,B4,D4,r,r,r,r
435.75,113.6739,109,2.875,B5,r,r,B4,D4,r,r,r,r
436.0,113.7391,110,1.0,C5,r,r,B4,E4,r,C2,r,C2
436.25,113.8043,110,1.125,E5,r,r,B4,E4,r,C2,r,C2
436.5,113.8696,110,1.25,C5,r,r,B4,E4,r,C2,r,C2
436.75,113.9348,110,1.375,E5,r,r,B4,E4,r,C2,r,C2
437.0,114.0,110,1.5,C5,r,r,G#4,B4,r,C2,r,C2
437.25,114.0652,110,1.625,E5,r,r,G#4,B4,r,C2,r,C2
437.5,114.1304,110,1.75,C5,r,r,A4,B4,r,C2,r,C2
437.75,114.1957,110,1.875,E5,r,r,A4,B4,r,C2,r,C2
438.0,114.2609,110,2.0,C5,r,r,B4,E4,r,r,r,r
438.25,114.3261,110,2.125,A5,r,r,B4,E4,r,r,r,r
438.5,114.3913,110,2.25,C5,r,r,B4,E4,r,r,r,r
438.75,114.4565,110,2.375,A5,r,r,B4,E4,r,r,r,r
439.0,114.5217,110,2.5,C5,r,r,A4,E4,r,r,r,r
439.25,114.587,110,2.625,A5,r,r,A4,E4,r,r,r,r
439.5,114.6522,110,2.75,C5,r,r,G#4,E4,r,r,r,r
439.75,114.7174,110,2.875,A5,r,r,G#4,E4,r,r,r,r
440.0,114.7826,111,1.0,C5,r,r,A4,E4,r,C3,r,C3
440.25,114.8478,111,1.125,E5,r,r,A4,E4,r,C3,r,C3
440.5,114.913,111,1.25,C5,r,r,A4,E4,r,C3,r,C3
440.75,114.9783,111,1.375,E5,r,r,A4,E4,r,C3,r,C3
441.0,115.0435,111,1.5,C5,r,r,E4,C4,r,C3,r,C3
441.25,115.1087,111,1.625,E5,r,r,E4,C4,r,C3,r,C3
441.5,115.1739,111,1.75,C5,r,r,E4,D4,r,C3,r,C3
441.75,115.2391,111,1.875,E5,r,r,E4,D4,r,C3,r,C3
442.0,115.3043,111,2.0,C5,r,r,A4,E4,r,A2,r,A2
442.25,115.3696,111,2.125,A5,r,r,A4,E4,r,A2,r,A2
442.5,115.4348,111,2.25,C5,r,r,A4,E4,r,A2,r,A2
442.75,115.5,111,2.375,A5,r,r,A4,E4,r,A2,r,A2
443.0,115.5652,111,2.5,C5,r,r,A4,D4,r,A2,r,A2
443.25,115.6304,111,2.625,A5,r,r,A4,D4,r,A2,r,A2
443.5,115.6957,111,2.75,C5,r,r,A4,C4,r,A2,r,A2
443.75,115.7609,111,2.875,A5,r,r,A4,C4,r,A2,r,A2
444.0,115.8261,112,1.0,B4,r,r,A4,B3,r,E3,r,E3
444.25,115.8913,112,1.125,E5,r,r,A4,B3,r,E3,r,E3
444.5,115.9565,112,1.25,B4,r,r,A4,B3,r,E3,r,E3
444.75,116.0217,112,1.375,E5,r,r,A4,B3,r,E3,r,E3
445.0,116.087,112,1.5,B4,r,r,F#4,E-4,r,E3,r,E3
445.25,116.1522,112,1.625,E5,r,r,F#4,E-4,r,E3,r,E3
445.5,116.2174,112,1.75,B4,r,r,G4,E4,r,E3,r,E3
445.75,116.2826,112,1.875,E5,r,r,G4,E4,r,E3,r,E3
446.0,116.3478,112,2.0,B4,r,r,A4,F#4,r,E2,r,E2
446.25,116.413,112,2.125,A5,r,r,A4,F#4,r,E2,r,E2
446.5,116.4783,112,2.25,B4,r,r,A4,F#4,r,E2,r,E2
446.75,116.5435,112,2.375,A5,r,r,A4,F#4,r,E2,r,E2
447.0,116.6087,112,2.5,B4,r,r,G4,E4,r,E2,r,E2
447.25,116.6739,112,2.625,A5,r,r,G4,E4,r,E2,r,E2
447.5,116.7391,112,2.75,B4,r,r,F#4,E-4,r,E2,r,E2
447.75,116.8043,112,2.875,A5,r,r,F#4,E-4,r,E2,r,E2
448.0,116.8696,113,1.0,B4,r,r,G4,E4,r,E3,r,E3
448.25,116.9348,113,1.125,E5,r,r,G4,E4,r,E3,r,E3
448.5,117.0,113,1.25,B4,r,r,G4,E4,r,E3,r,E3
448.75,117.0652,113,1.375,E5,r,r,G4,E4,r,E3,r,E3
449.0,117.1304,113,1.5,B4,r,r,G4,E4,r,F#3,r,F#3
449.25,117.1957,113,1.625,E5,r,r,G4,E4,r,F#3,r,F#3
449.5,117.2609,113,1.75,B4,r,r,G4,E4,r,F#3,r,F#3
449.75,117.3261,113,1.875,E5,r,r,G4,E4,r,F#3,r,F#3
450.0,117.3913,113,2.0,B4,r,r,r,r,r,E3,r,E3
450.25,117.4565,113,2.125,G5,r,r,r,r,r,E3,r,E3
450.5,117.5217,113,2.25,B4,r,r,r,r,r,E3,r,E3
450.75,117.587,113,2.375,G5,r,r,r,r,r,E3,r,E3
451.0,117.6522,113,2.5,B4,r,r,r,r,r,D3,r,D3
451.25,117.7174,113,2.625,G5,r,r,r,r,r,D3,r,D3
451.5,117.7826,113,2.75,B4,r,r,r,r,r,D3,r,D3
451.75,117.8478,113,2.875,G5,r,r,r,r,r,D3,r,D3
452.0,117.913,114,1.0,A4,r,r,r,r,r,C#3,r,C#3
452.25,117.9783,114,1.125,A4,r,r,r,r,r,C#3,r,C#3
452.5,118.0435,114,1.25,A4,r,r,r,r,r,C#3,r,C#3
452.75,118.1087,114,1.375,A4,r,r,r,r,r,C#3,r,C#3
453.0,118.1739,114,1.5,A4,r,r,r,r,r,B2,r,B2
453.25,118.2391,114,1.625,A4,r,r,r,r,r,B2,r,B2
453.5,118.3043,114,1.75,A4,r,r,r,r,r,B2,r,B2
453.75,118.3696,114,1.875,A4,r,r,r,r,r,B2,r,B2
454.0,118.4348,114,2.0,A4,r,r,r,r,r,C#3,r,C#3
454.25,118.5,114,2.125,G5,r,r,r,r,r,C#3,r,C#3
454.5,118.5652,114,2.25,A4,r,r,r,r,r,C#3,r,C#3
454.75,118.6304,114,2.375,G5,r,r,r,r,r,C#3,r,C#3
455.0,118.6957,114,2.5,A4,r,r,r,r,r,A2,r,A2
455.25,118.7609,114,2.625,G5,r,r,r,r,r,A2,r,A2
455.5,118.8261,114,2.75,A4,r,r,r,r,r,A2,r,A2
455.75,118.8913,114,2.875,G5,r,r,r,r,r,A2,r,A2
456.0,118.9565,115,1.0,A4,r,r,r,r,r,E-3,r,E-3
456.25,119.0217,115,1.125,A4,r,r,r,r,r,E-3,r,E-3
456.5,119.087,115,1.25,A4,r,r,r,r,r,E-3,r,E-3
456.75,119.1522,115,1.375,A4,r,r,r,r,r,E-3,r,E-3
457.0,119.2174,115,1.5,A4,r,r,r,r,r,C#3,r,C#3
457.25,119.2826,115,1.625,A4,r,r,r,r,r,C#3,r,C#3
457.5,119.3478,115,1.75,A4,r,r,r,r,r,C#3,r,C#3
457.75,119.413,115,1.875,A4,r,r,r,r,r,C#3,r,C#3
458.0,119.4783,115,2.0,A4,r,r,r,r,r,E-3,r,E-3
458.25,119.5435,115,2.125,F#5,r,r,r,r,r,E-3,r,E-3
458.5,119.6087,115,2.25,A4,r,r,r,r,r,E-3,r,E-3
458.75,119.6739,115,2.375,F#5,r,r,r,r,r,E-3,r,E-3
459.0,119.7391,115,2.5,A4,r,r,r,r,r,B2,r,B2
459.25,119.8043,115,2.625,F#5,r,r,r,r,r,B2,r,B2
459.5,119.8696,115,2.75,A4,r,r,r,r,r,B2,r,B2
459.75,119.9348,115,2.875,F#5,r,r,r,r,r,B2,r,B2
460.0,120.0,116,1.0,G4,r,r,r,r,r,E3,r,E3
460.25,120.0652,116,1.125,A4,r,r,r,r,r,E3,r,E3
460.5,120.1304,116,1.25,G4,r,r,r,r,r,E3,r,E3
460.75,120.1957,116,1.375,A4,r,r,r,r,r,E3,r,E3
461.0,120.2609,116,1.5,G4,r,r,r,r,r,B3,r,B3
461.25,120.3261,116,1.625,A4,r,r,r,r,r,B3,r,B3
461.5,120.3913,116,1.75,G4,r,r,r,r,r,B3,r,B3
461.75,120.4565,116,1.875,A4,r,r,r,r,r,B3,r,B3
462.0,120.5217,116,2.0,G4,r,r,r,r,r,E4,r,E4
462.25,120.587,116,2.125,F#5,r,r,r,r,r,E4,r,E4
462.5,120.6522,116,2.25,G4,r,r,r,r,r,E4,r,E4
462.75,120.7174,116,2.375,F#5,r,r,r,r,r,E4,r,E4
463.0,120.7826,116,2.5,G4,r,r,r,r,r,D4,r,D4
463.25,120.8478,116,2.625,F#5,r,r,r,r,r,D4,r,D4
463.5,120.913,116,2.75,G4,r,r,r,r,r,D4,r,D4
463.75,120.9783,116,2.875,F#5,r,r,r,r,r,D4,r,D4
464.0,121.0435,117,1.0,G4,r,r,r,r,r,C4,r,C4
464.25,121.1087,117,1.125,A4,r,r,r,r,r,C4,r,C4
464.5,121.1739,117,1.25,G4,r,r,r,r,r,C4,r,C4
464.75,121.2391,117,1.375,A4,r,r,r,r,r,C4,r,C4
465.0,121.3043,117,1.5,G4,r,r,r,r,r,B3,r,B3
465.25,121.3696,117,1.625,A4,r,r,r,r,r,B3,r,B3
465.5,121.4348,117,1.75,G4,r,r,r,r,r,B3,r,B3
465.75,121.5,117,1.875,A4,r,r,r,r,r,B3,r,B3
466.0,121.5652,117,2.0,G4,r,r,r,r,r,A3,r,A3
466.25,121.6304,117,2.125,E5,r,r,r,r,r,A3,r,A3
466.5,121.6957,117,2.25,G4,r,r,r,r,r,A3,r,A3
466.75,121.7609,117,2.375,E5,r,r,r,r,r,A3,r,A3
467.0,121.8261,117,2.5,G4,r,r,r,r,r,G3,r,G3
467.25,121.8913,117,2.625,E5,r,r,r,r,r,G3,r,G3
467.5,121.9565,117,2.75,G4,r,r,r,r,r,G3,r,G3
467.75,122.0217,117,2.875,E5,r,r,r,r,r,G3,r,G3
468.0,122.087,118,1.0,F#4,r,r,r,r,r,A3,r,A3
468.25,122.1522,118,1.125,A4,r,r,r,r,r,A3,r,A3
468.5,122.2174,118,1.25,F#4,r,r,r,r,r,A3,r,A3
468.75,122.2826,118,1.375,A4,r,r,r,r,r,A3,r,A3
469.0,122.3478,118,1.5,F#4,r,r,r,r,r,G3,r,G3
469.25,122.413,118,1.625,A4,r,r,r,r,r,G3,r,G3
469.5,122.4783,118,1.75,F#4,r,r,r,r,r,G3,r,G3
469.75,122.5435,118,1.875,A4,r,r,r,r,r,G3,r,G3
470.0,122.6087,118,2.0,F#4,r,r,r,r,r,A3,r,A3
470.25,122.6739,118,2.125,E5,r,r,r,r,r,A3,r,A3
470.5,122.7391,118,2.25,F#4,r,r,r,r,r,A3,r,A3
470.75,122.8043,118,2.375,E5,r,r,r,r,r,A3,r,A3
471.0,122.8696,118,2.5,F#4,r,r,r,r,r,F#3,r,F#3
471.25,122.9348,118,2.625,E5,r,r,r,r,r,F#3,r,F#3
471.5,123.0,118,2.75,F#4,r,r,r,r,r,F#3,r,F#3
471.75,123.0652,118,2.875,E5,r,r,r,r,r,F#3,r,F#3
472.0,123.1304,119,1.0,F#4,r,r,r,r,r,B3,r,B3
472.25,123.1957,119,1.125,A4,r,r,r,r,r,B3,r,B3
472.5,123.2609,119,1.25,F#4,r,r,r,r,r,B3,r,B3
472.75,123.3261,119,1.375,A4,r,r,r,r,r,B3,r,B3
473.0,123.3913,119,1.5,F#4,r,r,r,r,r,C4,r,C4
473.25,123.4565,119,1.625,A4,r,r,r,r,r,C4,r,C4
473.5,123.5217,119,1.75,F#4,r,r,r,r,r,C4,r,C4
473.75,123.587,119,1.875,A4,r,r,r,r,r,C4,r,C4
474.0,123.6522,119,2.0,F#4,r,r,r,r,r,B3,r,B3
474.25,123.7174,119,2.125,E-5,r,r,r,r,r,B3,r,B3
474.5,123.7826,119,2.25,F#4,r,r,r,r,r,B3,r,B3
474.75,123.8478,119,2.375,E-5,r,r,r,r,r,B3,r,B3
475.0,123.913,119,2.5,F#4,r,r,r,r,r,A3,r,A3
475.25,123.9783,119,2.625,E-5,r,r,r,r,r,A3,r,A3
475.5,124.0435,119,2.75,F#4,r,r,r,r,r,A3,r,A3
475.75,124.1087,119,2.875,E-5,r,r,r,r,r,A3,r,A3
476.0,124.1739,120,1.0,E4,r,r,r,r,r,G#3,r,G#3
476.5,124.3043,120,1.25,B5,r,r,r,r,r,G#3,r,G#3
477.0,124.4348,120,1.5,G#5,r,r,r,r,r,G#3,r,G#3
477.5,124.5652,120,1.75,E5,r,r,r,r,r,G#3,r,G#3
478.0,124.6957,120,2.0,F5,r,r,r,r,r,r,r,r
478.5,124.8261,120,2.25,D5,r,r,r,r,r,r,r,r
479.0,124.9565,120,2.5,B4,r,r,r,r,r,r,r,r
479.5,125.087,120,2.75,D5,r,r,r,r,r,r,r,r
480.0,125.2174,121,1.0,C5,r,r,r,r,r,r,r,r
480.5,125.3478,121,1.25,A5,r,r,r,r,r,r,r,r
481.0,125.4783,121,1.5,E5,r,r,r,r,r,A3,r,A3
481.5,125.6087,121,1.75,C5,r,r,r,r,r,A3,r,A3
482.0,125.7391,121,2.0,E5,r,r,r,r,r,A3,r,A3
482.5,125.8696,121,2.25,C5,r,r,r,r,r,A3,r,A3
483.0,126.0,121,2.5,G4,r,r,r,r,r,A3,r,A3
483.5,126.1304,121,2.75,B-4,r,r,r,r,r,A3,r,A3
484.0,126.2609,122,1.0,A4,r,r,r,r,r,r,r,r
484.5,126.3913,122,1.25,F5,r,r,r,r,r,r,r,r
485.0,126.5217,122,1.5,C5,r,r,r,r,r,A3,r,A3
485.5,126.6522,122,1.75,A4,r,r,r,r,r,A3,r,A3
486.0,126.7826,122,2.0,C5,r,r,r,r,r,A3,r,A3
486.5,126.913,122,2.25,A4,r,r,r,r,r,A3,r,A3
487.0,127.0435,122,2.5,E4,r,r,r,r,r,A3,r,A3
487.5,127.1739,122,2.75,G4,r,r,r,r,r,A3,r,A3
488.0,127.3043,123,1.0,F4,r,r,r,r,r,r,r,r
488.5,127.4348,123,1.25,A3,r,r,r,r,r,r,r,r
489.0,127.5652,123,1.5,C4,r,r,r,r,r,A3,r,A3
489.5,127.6957,123,1.75,E4,r,r,r,r,r,A3,r,A3
490.0,127.8261,123,2.0,A4,r,r,r,r,r,A3,r,A3
490.5,127.9565,123,2.25,C5,r,r,r,r,r,A3,r,A3
491.0,128.087,123,2.5,A4,r,r,r,r,r,A3,r,A3
491.5,128.2174,123,2.75,F4,r,r,r,r,r,A3,r,A3
492.0,128.3478,124,1.0,E-4,r,r,r,r,r,A3,r,A3
492.5,128.4783,124,1.25,F#4,r,r,r,r,r,A3,r,A3
493.0,128.6087,124,1.5,A4,r,r,r,r,r,F#3,r,F#3
493.5,128.7391,124,1.75,C5,r,r,r,r,r,F#3,r,F#3
494.0,128.8696,124,2.0,F#5,r,r,r,r,r,E-3,r,E-3
494.5,129.0,124,2.25,B4,r,r,r,r,r,E-3,r,E-3
495.0,129.1304,124,2.5,C5,r,r,r,r,r,B2,r,B2
495.5,129.2609,124,2.75,A4,r,r,r,r,r,B2,r,B2
496.0,129.3913,125,1.0,G4,r,r,r,r,r,E3,r,E3
496.5,129.5217,125,1.25,E4,r,r,r,r,r,E3,r,E3
497.0,129.6522,125,1.5,G4,r,r,r,r,r,E3,r,E3
497.5,129.7826,125,1.75,B4,r,r,r,r,r,E3,r,E3
498.0,129.913,125,2.0,E-5,r,r,r,r,r,r,r,r
498.5,130.0435,125,2.25,E5,r,r,r,r,r,r,r,r
499.0,130.1739,125,2.5,G5,r,r,r,r,r,E3,r,E3
499.5,130.3043,125,2.75,B-5,r,r,r,r,r,F#3,r,F#3
500.0,130.4348,126,1.0,B5,r,r,r,r,r,G3,r,G3
501.0,130.6957,126,1.5,E5,r,r,r,r,r,A3,r,A3
502.0,130.9565,126,2.0,B4,r,r,r,r,r,B3,r,B3
503.0,131.2174,126,2.5,E-5,r,r,r,r,r,B2,r,B2
504.0,131.4783,127,1.0,E5,r,r,B4,r,r,E3,r,E3
505.0,131.7391,127,1.5,B4,r,r,B4,r,r,E4,r,E4
505.5,131.8696,127,1.75,B4,r,r,B4,r,r,D4,r,D4
506.0,132.0,127,2.0,E5,r,r,E5,r,r,C4,r,C4
506.5,132.1304,127,2.25,E5,r,r,E5,E4,r,C4,r,C4
507.0,132.2609,127,2.5,E5,r,r,E5,E-4,r,B3,r,B3
507.5,132.3913,127,2.75,E5,r,r,E5,E4,r,B3,r,B3
508.0,132.5217,128,1.0,E5,r,r,E5,F#4,r,A3,r,A3
508.5,132.6522,128,1.25,E5,r,r,E5,E4,r,A3,r,A3
509.0,132.7826,128,1.5,E-5,r,r,E-5,F#4,r,F#3,r,F#3
509.5,132.913,128,1.75,E5,r,r,E5,G4,r,F#3,r,F#3
510.0,133.0435,128,2.0,F#5,r,r,F#5,A4,r,B3,r,B3
510.5,133.1739,128,2.25,F#5,r,r,F#5,G4,r,B3,r,B3
511.0,133.3043,128,2.5,E5,r,r,E5,A4,r,B2,r,B2
511.5,133.4348,128,2.75,E-5,r,r,E-5,F#4,r,B2,r,B2
512.0,133.5652,129,1.0,E5,r,r,E5,E4,r,E2,E1,E2
512.5,133.6957,129,1.25,E5,r,r,E5,A4,C5,E2,E1,E2
513.0,133.8261,129,1.5,B4,r,r,B4,G4,B4,E2,E1,E2
513.5,133.9565,129,1.75,B4,r,r,B4,F#4,A4,E2,E1,E2
514.0,134.087,129,2.0,C5,r,r,C5,E4,G4,E2,E1,E2
514.5,134.2174,129,2.25,C5,r,r,C5,E4,F#4,E2,E1,E2
515.0,134.3478,129,2.5,G4,r,r,G4,E5,E4,E2,E1,E2
515.5,134.4783,129,2.75,G4,r,r,G4,E5,D4,E2,E1,E2
516.0,134.6087,130,1.0,A4,r,r,A4,E5,C4,F#2,F#1,F#2
516.5,134.7391,130,1.25,A4,r,r,A4,E5,B3,F#2,F#1,F#2
517.0,134.8696,130,1.5,F#4,r,r,F#4,F#5,A3,F#2,F#1,F#2
517.5,135.0,130,1.75,F#4,r,r,F#4,E5,G3,F#2,F#1,F#2
518.0,135.1304,130,2.0,B4,r,r,B4,E-5,F#3,A2,A1,A2
518.5,135.2609,130,2.25,B4,r,r,B4,E5,G3,A2,A1,A2
519.0,135.3913,130,2.5,F#4,r,r,F#4,C#5,A3,A2,A1,A2
519.5,135.5217,130,2.75,F#4,r,r,F#4,E-5,B3,A2,A1,A2
520.0,135.6522,131,1.0,G4,E5,E5,G4,E5,G3,G2,G1,G2
520.5,135.7826,131,1.25,A4,E5,E5,A4,E5,G3,G2,G1,G2
521.0,135.913,131,1.5,B4,E5,E5,B4,E-5,A3,G3,G2,G3
521.5,136.0435,131,1.75,C#5,E5,E5,C#5,C#5,A3,A3,A2,A3
522.0,136.1739,131,2.0,D5,B5,B5,D5,B4,B3,G3,G2,G3
522.5,136.3043,131,2.25,C#5,B5,B5,C#5,B4,B3,G3,G2,G3
523.0,136.4348,131,2.5,D5,B5,B5,D5,F#5,A3,F#3,F#2,F#3
523.5,136.5652,131,2.75,B4,B5,B5,B4,F#5,A3,F#3,F#2,F#3
524.0,136.6957,132,1.0,C#5,B5,B5,C#5,G5,G3,E3,E2,E3
524.5,136.8261,132,1.25,B4,B5,B5,B4,G5,G3,E3,E2,E3
525.0,136.9565,132,1.5,C#5,B-5,B-5,C#5,E5,G4,C#3,C#2,C#3
525.5,137.087,132,1.75,D5,B5,B5,D5,E5,G4,C#3,C#2,C#3
526.0,137.2174,132,2.0,E5,C#6,C#6,E5,C#5,F#4,F#3,F#2,F#3
526.5,137.3478,132,2.25,D5,C#6,C#6,D5,C#5,F#4,F#3,F#2,F#3
527.0,137.4783,132,2.5,E5,B5,B5,E5,F#5,C#4,F#2,F#1,F#2
527.5,137.6087,132,2.75,C#5,B-5,B-5,C#5,F#5,C#4,F#2,F#1,F#2
528.0,137.7391,133,1.0,D5,B5,B5,D5,F#5,B3,B2,B1,B2
528.5,137.8696,133,1.25,E5,B5,B5,E5,G5,B3,B2,B1,B2
529.0,138.0,133,1.5,D5,F#5,F#5,D5,F#5,B3,B2,B1,B2
529.5,138.1304,133,1.75,C#5,F#5,F#5,C#5,E5,B3,B2,B1,B2
530.0,138.2609,133,2.0,B4,G5,G5,B4,D5,B3,B2,B1,B2
530.5,138.3913,133,2.25,B4,G5,G5,B4,C#5,B3,B2,B1,B2
531.0,138.5217,133,2.5,B5,D5,D5,B5,B4,B3,B2,B1,B2
531.5,138.6522,133,2.75,B5,D5,D5,B5,A4,B3,B2,B1,B2
532.0,138.7826,134,1.0,B5,E5,E5,B5,G4,C#4,r,r,r
532.5,138.913,134,1.25,B5,E5,E5,B5,F#4,C#4,r,r,r
533.0,139.0435,134,1.5,C#6,C#5,C#5,C#6,E4,C#4,r,r,r
533.5,139.1739,134,1.75,B5,C#5,C#5,B5,D4,C#4,r,r,r
534.0,139.3043,134,2.0,B-5,F#5,F#5,B-5,C#4,E4,r,r,r
534.5,139.4348,134,2.25,B5,F#5,F#5,B5,D4,E4,r,r,r
535.0,139.5652,134,2.5,G#5,C#5,C#5,G#5,E4,E4,r,r,r
535.5,139.6957,134,2.75,B-5,C#5,C#5,B-5,F#4,E4,r,r,r
536.0,139.8261,135,1.0,B5,E-5,E-5,B5,B3,E-4,B2,B1,B2
536.5,139.9565,135,1.25,C6,E-5,E-5,C6,B3,E-4,B2,B1,B2
537.0,140.087,135,1.5,B5,F#5,F#5,B5,B4,E-4,B2,B1,B2
537.5,140.2174,135,1.75,A5,F#5,F#5,A5,B4,E-4,B2,B1,B2
538.0,140.3478,135,2.0,G5,G5,G5,G5,B4,E4,E3,E2,E3
538.5,140.4783,135,2.25,F#5,G5,G5,F#5,B4,E4,E3,E2,E3
539.0,140.6087,135,2.5,E5,B5,B5,E5,G4,E4,E3,E2,E3
539.5,140.7391,135,2.75,D5,B5,B5,D5,G4,E4,E3,E2,E3
540.0,140.8696,136,1.0,C5,A5,A5,C5,C5,F#4,E3,E2,E3
540.5,141.0,136,1.25,B4,A5,A5,B4,C5,F#4,E3,E2,E3
541.0,141.1304,136,1.5,A4,C6,C6,A4,C5,A4,E-3,E-2,E-3
541.5,141.2609,136,1.75,G4,C6,C6,G4,C5,A4,E3,E2,E3
542.0,141.3913,136,2.0,F#4,E-5,E-5,F#4,B4,A4,F#3,F#2,F#3
542.5,141.5217,136,2.25,G4,E-5,E-5,G4,B4,A4,F#3,F#2,F#3
543.0,141.6522,136,2.5,A4,F#5,F#5,A4,B4,F#4,E3,E2,E3
543.5,141.7826,136,2.75,B4,F#5,F#5,B4,B4,F#4,E-3,E-2,E-3
544.0,141.913,137,1.0,G4,B4,B4,G4,B4,G4,E3,E2,E3
544.5,142.0435,137,1.25,A4,B4,B4,A4,C5,G4,E3,E2,E3
545.0,142.1739,137,1.5,B4,E-5,E-5,B4,B4,F#4,B2,B1,B2
545.5,142.3043,137,1.75,G4,E-5,E-5,G4,A4,F#4,B2,B1,B2
546.0,142.4348,137,2.0,E4,E5,E5,E4,G4,E4,C3,C2,C3
546.5,142.5652,137,2.25,E4,E5,E5,E4,B4,E4,C3,C2,C3
547.0,142.6957,137,2.5,E4,E5,E5,E4,E5,B4,G2,G1,G2
547.5,142.8261,137,2.75,E4,E5,E5,E4,D5,B4,G2,G1,G2
548.0,142.9565,138,1.0,F#5,E5,E5,F#5,C5,A4,A2,A1,A2
548.5,143.087,138,1.25,F#5,E5,E5,F#5,B4,B4,A2,A1,A2
549.0,143.2174,138,1.5,F#5,E5,E5,F#5,A4,C5,F#2,F#1,F#2
549.5,143.3478,138,1.75,F#5,E5,E5,F#5,G4,C5,F#2,F#1,F#2
550.0,143.4783,138,2.0,F#5,E5,E5,F#5,F#4,B4,B2,B1,B2
550.5,143.6087,138,2.25,F#5,E5,E5,F#5,E4,C5,B2,B1,B2
551.0,143.7391,138,2.5,F#5,E5,E5,F#5,D4,D5,B2,B1,B2
551.5,143.8696,138,2.75,F#5,E5,E5,F#5,C4,D5,B2,B1,B2
552.0,144.0,139,1.0,G#5,D5,D5,G#5,B3,E5,E2,E1,E2
552.5,144.1304,139,1.25,G#5,D5,D5,G#5,B3,D5,E2,E1,E2
553.0,144.2609,139,1.5,G#5,D5,D5,G#5,E4,C5,E3,E2,E3
553.5,144.3913,139,1.75,G#5,D5,D5,G#5,E4,B4,E3,E2,E3
554.0,144.5217,139,2.0,A5,C5,C5,A5,A4,A4,F3,F2,F3
554.5,144.6522,139,2.25,A5,C5,C5,A5,A4,G4,F3,F2,F3
555.0,144.7826,139,2.5,A5,C5,C5,A5,C5,F4,C3,C2,C3
555.5,144.913,139,2.75,A5,C5,C5,A5,C5,E4,C3,C2,C3
556.0,145.0435,140,1.0,A5,B5,B5,A5,F5,D4,D3,D2,D3
556.5,145.1739,140,1.25,A5,B5,B5,A5,E5,D4,D3,D2,D3
557.0,145.3043,140,1.5,A5,B5,B5,A5,D5,F4,B2,B1,B2
557.5,145.4348,140,1.75,A5,B5,B5,A5,C5,F4,B2,B1,B2
558.0,145.5652,140,2.0,G5,B5,B5,G5,B4,G4,E3,E2,E3
558.5,145.6957,140,2.25,G5,B5,B5,G5,A4,G4,E3,E2,E3
559.0,145.8261,140,2.5,G5,B5,B5,G5,G4,B4,E2,E1,E2
559.5,145.9565,140,2.75,G5,B5,B5,G5,F#4,B4,E2,E1,E2
560.0,146.087,141,1.0,G5,C#6,C#6,G5,E4,A4,A2,A1,A2
560.5,146.2174,141,1.25,G5,C#6,C#6,G5,E4,G4,A2,A1,A2
561.0,146.3478,141,1.5,G5,C#6,C#6,G5,A4,F#4,A3,A2,A3
561.5,146.4783,141,1.75,G5,C#6,C#6,G5,A4,E4,A3,A2,A3
562.0,146.6087,141,2.0,F#5,D6,D6,F#5,D5,D4,B3,B2,B3
562.5,146.7391,141,2.25,F#5,D6,D6,F#5,D5,C4,B3,B2,B3
563.0,146.8696,141,2.5,F#5,D6,D6,F#5,F#5,B3,F#3,F#2,F#3
563.5,147.0,141,2.75,F#5,D6,D6,F#5,F#5,A3,F#3,F#2,F#3
564.0,147.1304,142,1.0,E5,D6,D6,E5,B4,G3,G3,G2,G3
564.5,147.2609,142,1.25,E5,D6,D6,E5,A4,G3,G3,G2,G3
565.0,147.3913,142,1.5,E5,D6,D6,E5,G4,B3,E3,E2,E3
565.5,147.5217,142,1.75,E5,D6,D6,E5,F#4,B3,E3,E2,E3
566.0,147.6522,142,2.0,E5,C#6,C#6,E5,E4,C#4,A3,A2,A3
566.5,147.7826,142,2.25,E5,C#6,C#6,E5,F#4,C#4,A3,A2,A3
567.0,147.913,142,2.5,E5,C#6,C#6,E5,G#4,E4,A2,A1,A2
567.5,148.0435,142,2.75,E5,C#6,C#6,E5,A4,E4,A2,A1,A2
568.0,148.1739,143,1.0,F5,B5,B5,F5,B4,G#4,G#2,G#1,G#2
568.5,148.3043,143,1.25,F5,B5,B5,F5,B4,B4,G#2,G#1,G#2
569.0,148.4348,143,1.5,F5,B5,B5,F5,F4,A4,C#3,C#2,C#3
569.5,148.5652,143,1.75,F5,B5,B5,F5,F4,G#4,C#3,C#2,C#3
570.0,148.6957,143,2.0,F#5,A5,A5,F#5,A4,F#4,D3,D2,D3
570.5,148.8261,143,2.25,F#5,A5,A5,F#5,A4,E4,D3,D2,D3
571.0,148.9565,143,2.5,F#5,A5,A5,F#5,C#5,D4,A2,A1,A2
571.5,149.087,143,2.75,F#5,A5,A5,F#5,C#5,C#4,A2,A1,A2
572.0,149.2174,144,1.0,F#5,G#5,G#5,F#5,D5,B3,B2,B1,B2
572.5,149.3478,144,1.25,F#5,G#5,G#5,F#5,C#5,B3,B2,B1,B2
573.0,149.4783,144,1.5,F#5,G#5,G#5,F#5,B4,D4,G#2,G#1,G#2
573.5,149.6087,144,1.75,F#5,G#5,G#5,F#5,A4,D4,G#2,G#1,G#2
574.0,149.7391,144,2.0,E5,G#5,G#5,E5,G#4,E4,C#3,C#2,C#3
574.5,149.8696,144,2.25,E5,G#5,G#5,E5,F#4,E4,C#3,C#2,C#3
575.0,150.0,144,2.5,E5,G#5,G#5,E5,E4,G#4,C#2,C#2,C#2
575.5,150.1304,144,2.75,E5,G#5,G#5,E5,D4,G#4,C#2,C#2,C#2
576.0,150.2609,145,1.0,E5,B-5,B-5,E5,C#4,F#4,F#2,F#1,F#2
576.5,150.3913,145,1.25,E5,B-5,B-5,E5,C#4,E4,F#2,F#1,F#2
577.0,150.5217,145,1.5,E5,B-5,B-5,E5,F#4,D4,F#3,F#2,F#3
577.5,150.6522,145,1.75,E5,B-5,B-5,E5,F#4,C#4,F#3,F#2,F#3
578.0,150.7826,145,2.0,D5,B5,B5,D5,B4,B3,G3,G2,G3
578.5,150.913,145,2.25,D5,B5,B5,D5,B4,A3,G3,G2,G3
579.0,151.0435,145,2.5,D5,B5,B5,D5,D5,G3,D3,D2,D3
579.5,151.1739,145,2.75,D5,B5,B5,D5,D5,F#3,D3,D2,D3
580.0,151.3043,146,1.0,C#5,B5,B5,C#5,G5,E3,E3,E2,E3
580.5,151.4348,146,1.25,C#5,B5,B5,C#5,F#5,E3,E3,E2,E3
581.0,151.5652,146,1.5,C#5,B5,B5,C#5,E5,E4,C#3,C#2,C#3
581.5,151.6957,146,1.75,C#5,B5,B5,C#5,D5,E4,C#3,C#2,C#3
582.0,151.8261,146,2.0,C#5,B-5,B-5,C#5,C#5,E4,F#3,F#2,F#3
582.5,151.9565,146,2.25,C#5,B-5,B-5,C#5,B4,E4,F#3,F#2,F#3
583.0,152.087,146,2.5,C#5,C#6,C#6,C#5,B-4,C#4,E3,E2,E3
583.5,152.2174,146,2.75,C#5,C#6,C#6,C#5,C#5,C#4,E3,E2,E3
584.0,152.3478,147,1.0,C#5,F#5,F#5,C#5,F#5,F#4,D3,D2,D3
584.5,152.4783,147,1.25,C#5,F#5,F#5,C#5,F#5,G4,D3,D2,D3
585.0,152.6087,147,1.5,C#5,F#5,F#5,C#5,B-4,F#4,C#3,C#2,C#3
585.5,152.7391,147,1.75,C#5,F#5,F#5,C#5,B-4,E4,C#3,C#2,C#3
586.0,152.8696,147,2.0,B4,F#5,F#5,B4,B4,D4,D3,D2,D3
586.5,153.0,147,2.25,B4,F#5,F#5,B4,B4,E4,D3,D2,D3
587.0,153.1304,147,2.5,D5,F#5,F#5,D5,B4,F#4,B2,B1,B2
587.5,153.2609,147,2.75,D5,F#5,F#5,D5,B4,D4,B2,B1,B2
588.0,153.3913,148,1.0,G#4,F#5,E5,G#4,B4,B3,E3,E2,E3
588.5,153.5217,148,1.25,G#4,F#5,E5,G#4,C#5,B3,E3,E2,E3
589.0,153.6522,148,1.5,D5,F#5,G5,D5,B4,B3,D3,D2,D3
589.5,153.7826,148,1.75,D5,F#5,G5,D5,A4,B3,D3,D2,D3
590.0,153.913,148,2.0,C#5,E5,C#5,C#5,G#4,C#4,E3,E2,E3
590.5,154.0435,148,2.25,C#5,E5,C#5,C#5,B-4,C#4,E3,E2,E3
591.0,154.1739,148,2.5,B4,G5,G5,B4,B4,C#4,C#3,C#2,C#3
591.5,154.3043,148,2.75,B4,G5,G5,B4,G#4,C#4,C#3,C#2,C#3
592.0,154.4348,149,1.0,B-4,C#5,C#5,B-4,B-4,C#4,F#3,F#2,F#3
592.5,154.5652,149,1.25,B-4,C#5,C#5,B-4,G#4,C#4,F#3,F#2,F#3
593.0,154.6957,149,1.5,B4,G5,G5,B4,F#4,D4,E3,E2,E3
593.5,154.8261,149,1.75,B4,G5,G5,B4,G#4,E4,E3,E2,E3
594.0,154.9565,149,2.0,C#5,F#5,F#5,C#5,B-4,F#4,D3,D2,D3
594.5,155.087,149,2.25,C#5,F#5,F#5,C#5,B4,F#4,D3,D2,D3
595.0,155.2174,149,2.5,C#5,E5,E5,C#5,C#5,F#4,C#3,C#2,C#3
595.5,155.3478,149,2.75,C#5,E5,E5,C#5,B-4,F#4,C#3,C#2,C#3
596.0,155.4783,150,1.0,C#5,D5,D5,C#5,F#4,F#4,B2,B1,B2
596.5,155.6087,150,1.25,C#5,D5,D5,C#5,F#4,G4,B2,B1,B2
597.0,155.7391,150,1.5,C#5,E5,E5,C#5,F#4,F#4,C#3,C#2,C#3
597.5,155.8696,150,1.75,C#5,E5,E5,C#5,F#4,E4,C#3,C#2,C#3
598.0,156.0,150,2.0,B4,F#5,F#5,B4,F#4,D4,D3,D2,D3
598.5,156.1304,150,2.25,B4,F#5,F#5,B4,F#4,C#4,D3,D2,D3
599.0,156.2609,150,2.5,B4,G5,G5,B4,F#4,B3,E3,E2,E3
599.5,156.3913,150,2.75,B4,G5,G5,B4,F#4,C#4,E3,E2,E3
600.0,156.5217,151,1.0,B4,D5,D5,B4,F#4,D4,F#3,F#2,F#3
600.5,156.6522,151,1.25,B4,D5,D5,B4,F#4,E4,F#3,F#2,F#3
601.0,156.7826,151,1.5,B4,D5,D5,B4,B3,F#4,E3,E2,E3
601.5,156.913,151,1.75,B4,D5,D5,B4,B3,G4,E3,E2,E3
602.0,157.0435,151,2.0,B-4,C#5,C#5,B-4,F#4,C#4,F#3,F#2,F#3
602.5,157.1739,151,2.25,B-4,C#5,C#5,B-4,F#4,D4,F#3,F#2,F#3
603.0,157.3043,151,2.5,B-4,C#5,C#5,B-4,F#4,E4,F#2,F#1,F#2
603.5,157.4348,151,2.75,B-4,C#5,C#5,B-4,F#4,F#4,F#2,F#1,F#2
604.0,157.5652,152,1.0,B4,B4,B4,B4,F#4,D4,B2,B1,B2
604.5,157.6957,152,1.25,B5,B4,B4,B4,F#4,D4,B2,B1,B2
605.0,157.8261,152,1.5,F#5,B4,B4,B4,F#4,D4,B2,B1,B2
605.5,157.9565,152,1.75,D5,B4,B4,B4,F#4,D4,B2,B1,B2
606.0,158.087,152,2.0,B4,B5,D5,r,r,r,r,r,r
606.5,158.2174,152,2.25,F#5,B5,D5,r,r,r,r,r,r
607.0,158.3478,152,2.5,D5,B5,D5,F#5,D5,B3,r,r,r
607.5,158.4783,152,2.75,B4,B5,D5,F#5,D5,B3,r,r,r
608.0,158.6087,153,1.0,E4,B5,D5,G#5,B4,E4,r,r,r
609.0,158.8696,153,1.5,B5,G#5,B4,B5,B4,E4,E3,E2,E3
609.5,159.0,153,1.75,B5,A5,C5,B5,B4,E4,E3,E2,E3
610.0,159.1304,153,2.0,E5,B5,D5,E5,r,r,D3,D2,D3
611.0,159.3913,153,2.5,G#5,A5,C5,G#5,B4,E4,E3,E2,E3
611.5,159.5217,153,2.75,G#5,G#5,B4,G#5,B4,E4,E3,E2,E3
612.0,159.6522,154,1.0,A4,A5,C5,A5,C5,E4,A2,A1,A2
612.5,159.7826,154,1.25,A5,A5,C5,A5,C5,E4,A2,A1,A2
613.0,159.913,154,1.5,E5,A5,C5,A5,C5,E4,A2,A1,A2
613.5,160.0435,154,1.75,C5,A5,C5,A5,C5,E4,A2,A1,A2
614.0,160.1739,154,2.0,A4,A5,C5,r,r,r,r,r,r
614.5,160.3043,154,2.25,E5,A5,C5,r,r,r,r,r,r
615.0,160.4348,154,2.5,C5,A5,C5,E5,C5,A3,r,r,r
615.5,160.5652,154,2.75,A4,A5,C5,E5,C5,A3,r,r,r
616.0,160.6957,155,1.0,D4,A5,C5,F#5,A4,D4,r,r,r
617.0,160.9565,155,1.5,A5,F#5,A4,A5,A4,D4,D3,D2,D3
617.5,161.087,155,1.75,A5,G5,B4,A5,A4,D4,D3,D2,D3
618.0,161.2174,155,2.0,D5,A5,C5,D5,r,r,C3,C2,C3
619.0,161.4783,155,2.5,F#5,G5,B4,F#5,A4,D4,D3,D2,D3
619.5,161.6087,155,2.75,F#5,F#5,A4,F#5,A4,D4,D3,D2,D3
620.0,161.7391,156,1.0,G4,G5,B4,G5,B4,D4,G2,G1,G2
620.5,161.8696,156,1.25,G5,G5,B4,G5,B4,D4,G2,G1,G2
621.0,162.0,156,1.5,D5,G5,B4,G5,B4,D4,G2,G1,G2
621.5,162.1304,156,1.75,B4,G5,B4,G5,B4,D4,G2,G1,G2
622.0,162.2609,156,2.0,G4,G5,B4,r,r,r,r,r,r
622.5,162.3913,156,2.25,D5,G5,B4,r,r,r,r,r,r
623.0,162.5217,156,2.5,B4,G5,B4,D5,B4,G4,r,r,r
623.5,162.6522,156,2.75,G4,G5,B4,D5,B4,G4,r,r,r
624.0,162.7826,157,1.0,E4,G5,B4,G5,B4,E4,r,r,r
624.5,162.913,157,1.25,E5,G5,B4,G5,B4,E4,r,r,r
625.0,163.0435,157,1.5,B4,G5,B4,B5,E5,G4,r,r,r
625.5,163.1739,157,1.75,G4,G5,B4,B5,E5,G4,r,r,r
626.0,163.3043,157,2.0,E4,G5,B4,G5,B4,E4,r,r,r
626.5,163.4348,157,2.25,B4,G5,B4,G5,B4,E4,r,r,r
627.0,163.5652,157,2.5,G4,G5,B4,E5,B4,G4,r,r,r
627.5,163.6957,157,2.75,E4,G5,B4,E5,B4,G4,r,r,r
628.0,163.8261,158,1.0,C#4,G5,A4,A5,E5,C#4,r,r,r
628.5,163.9565,158,1.25,A4,G5,A4,A5,E5,C#4,r,r,r
629.0,164.087,158,1.5,E4,E5,C#5,E5,C#5,A4,A2,A1,A2
629.5,164.2174,158,1.75,C#4,F#5,D5,E5,C#5,A4,A2,A1,A2
630.0,164.3478,158,2.0,A3,G5,E5,A4,C#5,E4,G2,G1,G2
631.0,164.6087,158,2.5,A5,F#5,D5,C#5,A4,E4,A2,A1,A2
631.5,164.7391,158,2.75,A5,E5,C#5,C#5,A4,E4,A2,A1,A2
632.0,164.8696,159,1.0,F#5,F#5,B4,B4,A4,D4,D2,D1,D2
632.5,165.0,159,1.25,F#5,D5,B4,B4,A4,D4,D2,D1,D2
633.0,165.1304,159,1.5,D5,E5,B4,B4,A4,D4,D3,D1,D2
633.5,165.2609,159,1.75,D5,F#5,B4,B4,A4,D4,D3,D1,D2
634.0,165.3913,159,2.0,r,G5,r,r,r,D4,E3,r,r
634.5,165.5217,159,2.25,r,G5,G4,r,r,D4,E3,r,E3
635.0,165.6522,159,2.5,r,G5,A4,r,r,r,G2,r,F#3
635.5,165.7826,159,2.75,r,G5,B4,r,r,r,G2,r,G3
636.0,165.913,160,1.0,r,G5,C5,r,r,r,A2,r,A3
636.5,166.0435,160,1.25,r,E5,C5,r,r,r,A2,r,B3
637.0,166.1739,160,1.5,r,F#5,C5,r,r,r,E3,r,A3
637.5,166.3043,160,1.75,r,G5,C5,r,r,r,E3,r,G3
638.0,166.4348,160,2.0,r,A5,C5,r,r,r,F#3,r,F#3
638.5,166.5652,160,2.25,r,A5,A4,r,r,r,F#3,r,F#3
639.0,166.6957,160,2.5,r,G5,B4,r,r,r,A2,r,G3
639.5,166.8261,160,2.75,r,F#5,C5,r,r,r,A2,r,A3
640.0,166.9565,161,1.0,r,G5,D5,r,r,r,B2,r,B3
640.5,167.087,161,1.25,r,G5,D5,r,r,r,B2,r,A3
641.0,167.2174,161,1.5,r,D5,C5,r,r,r,G2,r,G3
641.5,167.3478,161,1.75,r,D5,B4,r,r,r,G2,r,F#3
642.0,167.4783,161,2.0,r,E5,C5,r,r,r,C3,r,E3
642.5,167.6087,161,2.25,r,E5,C5,r,r,r,C3,r,D3
643.0,167.7391,161,2.5,r,B4,G5,r,r,r,E3,r,C3
643.5,167.8696,161,2.75,r,B4,G5,r,r,r,E3,r,B2
644.0,168.0,162,1.0,r,C5,A5,r,r,r,A2,r,A2
644.5,168.1304,162,1.25,r,A4,A5,r,r,r,A2,r,G3
645.0,168.2609,162,1.5,r,B4,E5,r,r,r,A3,r,F#3
645.5,168.3913,162,1.75,r,C5,E5,r,r,r,A3,r,E3
646.0,168.5217,162,2.0,r,D5,F#5,r,r,r,D4,r,D3
646.5,168.6522,162,2.25,r,C5,D5,r,r,r,D4,r,C3
647.0,168.7826,162,2.5,r,B4,E5,r,r,r,D3,r,B2
647.5,168.913,162,2.75,r,A4,F#5,r,r,r,D3,r,A2
648.0,169.0435,163,1.0,r,B4,G5,r,r,r,G2,r,G2
648.5,169.1739,163,1.25,r,G5,F5,r,r,r,D4,r,G2
649.0,169.3043,163,1.5,r,A5,E5,r,r,r,C4,r,G2
649.5,169.4348,163,1.75,r,B5,D5,r,r,r,B3,r,G2
650.0,169.5652,163,2.0,r,C6,E5,r,r,r,A3,r,r
650.5,169.6957,163,2.25,r,C6,C5,r,r,r,A3,r,A3
651.0,169.8261,163,2.5,r,C6,D5,r,r,r,C3,r,B3
651.5,169.9565,163,2.75,r,C6,E5,r,r,r,C3,r,C4
652.0,170.087,164,1.0,r,C6,F5,r,r,r,D3,r,D4
652.5,170.2174,164,1.25,r,A5,F5,r,r,r,D3,r,E4
653.0,170.3478,164,1.5,r,B5,F5,r,r,r,A3,r,D4
653.5,170.4783,164,1.75,r,C6,F5,r,r,r,A3,r,C4
654.0,170.6087,164,2.0,r,D6,F5,r,r,r,B3,r,B3
654.5,170.7391,164,2.25,r,D6,D5,r,r,r,B3,r,B3
655.0,170.8696,164,2.5,r,C6,E5,r,r,r,D3,r,C4
655.5,171.0,164,2.75,r,B5,F5,r,r,r,D3,r,D4
656.0,171.1304,165,1.0,r,C6,G5,r,r,r,E3,r,E4
656.5,171.2609,165,1.25,r,C6,G5,r,r,r,E3,r,D4
657.0,171.3913,165,1.5,r,G5,F5,r,r,r,C3,r,C4
657.5,171.5217,165,1.75,r,G5,E5,r,r,r,C3,r,B3
658.0,171.6522,165,2.0,r,A5,F5,r,r,r,F3,r,A3
658.5,171.7826,165,2.25,r,A5,F5,r,r,r,F3,r,G3
659.0,171.913,165,2.5,r,E5,C5,r,r,r,A3,r,F3
659.5,172.0435,165,2.75,r,E5,C5,r,r,r,A3,r,E3
660.0,172.1739,166,1.0,r,F5,D5,r,r,r,D3,r,D3
660.5,172.3043,166,1.25,r,D5,D5,r,r,r,D3,r,C4
661.0,172.4348,166,1.5,r,E5,A4,r,r,r,D2,r,B3
661.5,172.5652,166,1.75,r,F5,A4,r,r,r,D2,r,A3
662.0,172.6957,166,2.0,r,G5,B4,r,r,r,G2,r,G3
662.5,172.8261,166,2.25,r,A5,G4,r,r,r,F2,r,F3
663.0,172.9565,166,2.5,r,G5,A4,r,r,r,G2,r,E3
663.5,173.087,166,2.75,r,F5,B4,r,r,r,G2,r,D3
664.0,173.2174,167,1.0,r,E5,C5,r,r,r,C3,r,C3
664.5,173.3478,167,1.25,r,G5,E5,r,r,r,C3,r,C3
665.0,173.4783,167,1.5,r,F5,D5,r,r,r,C3,r,C3
665.5,173.6087,167,1.75,r,E5,C5,r,r,r,C3,r,C3
666.0,173.7391,167,2.0,r,D5,B4,r,r,r,G3,r,G3
666.5,173.8696,167,2.25,r,F5,D5,r,r,r,G3,r,G3
667.0,174.0,167,2.5,r,E5,C5,r,r,r,G3,r,G3
667.5,174.1304,167,2.75,r,D5,B4,r,r,r,G3,r,G3
668.0,174.2609,168,1.0,r,C5,A4,r,r,r,G3,r,G3
668.5,174.3913,168,1.25,r,B4,A4,r,r,r,G3,r,G3
669.0,174.5217,168,1.5,r,A4,D5,r,r,r,F#3,r,F#3
669.5,174.6522,168,1.75,r,B4,E5,r,r,r,G3,r,G3
670.0,174.7826,168,2.0,r,C5,F#5,r,r,r,A3,r,A3
670.5,174.913,168,2.25,r,B4,G5,r,r,r,A3,r,A3
671.0,175.0435,168,2.5,r,C5,A5,r,r,r,G3,r,G3
671.5,175.1739,168,2.75,r,A4,A5,r,r,r,F#3,r,F#3
672.0,175.3043,169,1.0,r,B4,A5,r,r,r,G3,r,G3
672.5,175.4348,169,1.25,r,B4,G5,r,r,r,G3,r,G3
673.0,175.5652,169,1.5,r,B4,A5,r,r,r,D3,r,D3
673.5,175.6957,169,1.75,r,B4,F#5,r,r,r,D3,r,D3
674.0,175.8261,169,2.0,r,B4,G5,r,r,r,E3,r,E3
674.5,175.9565,169,2.25,r,C5,G5,r,r,r,E3,r,E3
675.0,176.087,169,2.5,r,D5,G5,r,r,r,B2,r,B2
675.5,176.2174,169,2.75,r,E5,G5,r,r,r,B2,r,B2
676.0,176.3478,170,1.0,r,A4,G5,r,r,r,C#3,r,C#3
676.5,176.4783,170,1.25,r,A4,F5,r,r,r,C#3,r,C#3
677.0,176.6087,170,1.5,r,A4,G5,r,r,r,B2,r,B2
677.5,176.7391,170,1.75,r,A4,E5,r,r,r,C#3,r,C#3
678.0,176.8696,170,2.0,r,A4,F5,r,r,r,D3,r,D3
678.5,177.0,170,2.25,r,B4,F5,r,r,r,D3,r,D3
679.0,177.1304,170,2.5,r,C5,F5,r,r,r,A2,r,A2
679.5,177.2609,170,2.75,r,D5,F5,r,r,r,A2,r,A2
680.0,177.3913,171,1.0,r,G4,F5,r,r,r,B2,r,B2
680.5,177.5217,171,1.25,r,G4,E5,r,r,r,B2,r,B2
681.0,177.6522,171,1.5,r,G4,F5,r,r,r,G2,r,G2
681.5,177.7826,171,1.75,r,G4,D5,r,r,r,G2,r,G2
682.0,177.913,171,2.0,r,G5,E5,r,r,r,C3,r,C3
682.5,178.0435,171,2.25,r,G5,D5,r,r,r,C3,r,C3
683.0,178.1739,171,2.5,r,G5,C5,r,r,r,E2,r,E2
683.5,178.3043,171,2.75,r,G5,B4,r,r,r,E2,r,E2
684.0,178.4348,172,1.0,r,G5,A4,r,r,r,F2,r,F2
684.5,178.5652,172,1.25,r,F5,A4,r,r,r,F2,r,F2
685.0,178.6957,172,1.5,r,E5,C5,r,r,r,G2,r,G2
685.5,178.8261,172,1.75,r,G5,B4,r,r,r,G2,r,G2
686.0,178.9565,172,2.0,r,F5,C5,r,r,r,A2,r,A2
686.5,179.087,172,2.25,r,E5,C5,r,r,r,A2,r,A2
687.0,179.2174,172,2.5,r,D5,F5,r,r,r,F2,r,F2
687.5,179.3478,172,2.75,r,C5,F5,r,r,r,F2,r,F2
688.0,179.4783,173,1.0,r,B4,F5,r,r,r,G2,r,G2
688.5,179.6087,173,1.25,r,B4,E5,r,r,r,G2,r,G2
689.0,179.7391,173,1.5,r,G5,D5,r,r,r,G3,r,G3
689.5,179.8696,173,1.75,r,G5,F5,r,r,r,G3,r,G3
690.0,180.0,173,2.0,r,C5,E5,r,r,r,A3,r,A3
690.5,180.1304,173,2.25,r,D5,D5,r,r,r,A3,r,A3
691.0,180.2609,173,2.5,r,E5,C5,r,r,r,E3,r,E3
691.5,180.3913,173,2.75,r,C5,E5,r,r,r,E3,r,E3
692.0,180.5217,174,1.0,r,A4,D5,r,r,r,F3,r,F3
692.5,180.6522,174,1.25,r,B4,F5,r,r,r,F3,r,F3
693.0,180.7826,174,1.5,r,C5,E5,r,r,r,D3,r,D3
693.5,180.913,174,1.75,r,D5,D5,r,r,r,D3,r,D3
694.0,181.0435,174,2.0,r,B4,D5,r,r,r,G3,r,G3
695.0,181.3043,174,2.5,r,B4,D5,r,r,r,G2,r,G2
695.5,181.4348,174,2.75,r,C5,C5,r,r,r,G2,r,G2
696.0,181.5652,175,1.0,C5,C5,C5,C5,E5,r,C3,C2,C3
696.5,181.6957,175,1.25,C5,C5,C5,C5,E5,G4,C3,C2,C3
697.0,181.8261,175,1.5,C5,C5,C5,C5,E5,F4,C3,C2,C3
697.5,181.9565,175,1.75,C5,C5,C5,C5,E5,G4,C3,C2,C3
698.0,182.087,175,2.0,C6,r,r,C6,r,A4,r,r,r
698.5,182.2174,175,2.25,C6,r,r,C6,E5,A4,C3,C2,C3
699.0,182.3478,175,2.5,C6,r,r,C6,D5,A4,B2,B1,B2
699.5,182.4783,175,2.75,C6,r,r,C6,E5,A4,C3,C2,C3
700.0,182.6087,176,1.0,C6,r,r,C6,F5,A4,D3,D2,D3
700.5,182.7391,176,1.25,C6,r,r,C6,G5,A4,C3,C2,C3
701.0,182.8696,176,1.5,B5,r,r,B5,F5,D4,D3,D2,D3
701.5,183.0,176,1.75,C6,r,r,C6,E5,D4,E3,E2,E3
702.0,183.1304,176,2.0,D6,r,r,D6,D5,G4,F3,F2,F3
702.5,183.2609,176,2.25,D6,r,r,D6,D5,G4,E3,E2,E3
703.0,183.3913,176,2.5,C6,r,r,C6,G5,G4,F3,F2,F3
703.5,183.5217,176,2.75,B5,r,r,B5,G5,G4,D3,D2,D3
704.0,183.6522,177,1.0,C6,r,r,C6,G5,G4,E3,E2,E3
704.5,183.7826,177,1.25,C6,r,r,C6,A5,F4,E3,E2,E3
705.0,183.913,177,1.5,G5,r,r,G5,G5,E4,C3,C2,C3
705.5,184.0435,177,1.75,G5,r,r,G5,F5,D4,C3,C2,C3
706.0,184.1739,177,2.0,A5,r,r,A5,E5,C4,C4,C3,C4
706.5,184.3043,177,2.25,A5,r,r,A5,D5,B3,C4,C3,C4
707.0,184.4348,177,2.5,E5,r,r,E5,C5,A3,C4,C3,C4
707.5,184.5652,177,2.75,E5,r,r,E5,B4,A3,C4,C3,C4
708.0,184.6957,178,1.0,F5,r,r,F5,A4,D4,C4,C3,C4
708.5,184.8261,178,1.25,F5,r,r,F5,G4,D4,C4,C3,C4
709.0,184.9565,178,1.5,D5,r,r,D5,F4,A4,C4,C3,C4
709.5,185.087,178,1.75,D5,r,r,D5,E4,A4,C4,C3,C4
710.0,185.2174,178,2.0,G5,r,r,G5,D4,G4,B3,B2,B3
710.5,185.3478,178,2.25,G5,r,r,G5,E4,G4,B3,B2,B3
711.0,185.4783,178,2.5,D5,r,r,D5,F4,G4,B3,B2,B3
711.5,185.6087,178,2.75,D5,r,r,D5,G4,G4,B3,B2,B3
712.0,185.7391,179,1.0,E5,G5,r,E5,C4,G4,C4,C3,C4
712.5,185.8696,179,1.25,E4,G5,r,E5,C4,G4,C4,C3,C4
713.0,186.0,179,1.5,F4,G5,r,E5,E4,G4,B3,B2,B3
713.5,186.1304,179,1.75,G4,G5,r,E5,E4,G4,B3,B2,B3
714.0,186.2609,179,2.0,A4,C6,r,E5,A4,C4,A3,A2,A3
714.5,186.3913,179,2.25,B4,C6,r,D5,A4,C4,A3,A2,A3
715.0,186.5217,179,2.5,C5,C6,r,E5,A4,C4,G3,G2,G3
715.5,186.6522,179,2.75,E4,C6,r,C5,A4,C4,G3,G2,G3
716.0,186.7826,180,1.0,D4,C6,r,D5,A4,F4,F3,F2,F3
716.5,186.913,180,1.25,F4,C6,r,D5,A4,F4,F3,F2,F3
717.0,187.0435,180,1.5,G4,B5,r,D5,A4,F4,D3,D2,D3
717.5,187.1739,180,1.75,A4,C6,r,D5,A4,F4,D3,D2,D3
718.0,187.3043,180,2.0,B4,D6,r,D5,G4,B3,G3,G2,G3
718.5,187.4348,180,2.25,C5,D6,r,E5,G4,B3,G3,G2,G3
719.0,187.5652,180,2.5,D5,C6,r,F5,G4,B3,G2,G1,G2
719.5,187.6957,180,2.75,F4,B5,r,D5,G4,B3,G2,G1,G2
720.0,187.8261,181,1.0,E4,C6,G5,E5,G4,G3,C3,C2,C3
720.5,187.9565,181,1.25,G4,C6,G5,E5,G4,G3,C3,C2,C3
721.0,188.087,181,1.5,A4,G5,G5,G5,C5,G4,E3,E2,E3
721.5,188.2174,181,1.75,B4,G5,G5,G5,C5,G4,E3,E2,E3
722.0,188.3478,181,2.0,C5,A5,C6,C5,E5,E4,A2,A1,A2
722.5,188.4783,181,2.25,D5,A5,C6,C5,E5,E4,A2,A1,A2
723.0,188.6087,181,2.5,E5,E5,C6,A5,E4,C4,C3,C2,C3
723.5,188.7391,181,2.75,B-4,E5,C6,A5,E4,C4,C3,C2,C3
724.0,188.8696,182,1.0,A4,F5,C6,F5,A4,A3,D2,D1,D2
724.5,189.0,182,1.25,C5,F5,C6,F5,A4,A3,D2,D1,D2
725.0,189.1304,182,1.5,D5,D5,B5,F5,A4,A3,D2,D1,D2
725.5,189.2609,182,1.75,E5,D5,C6,F5,A4,A3,D2,D1,D2
726.0,189.3913,182,2.0,F5,G5,D6,r,r,r,r,r,r
726.5,189.5217,182,2.25,A5,G5,D6,r,r,r,r,r,r
727.0,189.6522,182,2.5,G5,D5,C6,D5,B4,G3,G2,G1,G2
727.5,189.7826,182,2.75,F5,D5,B5,D5,B4,G3,G2,G1,G2
728.0,189.913,183,1.0,E5,E5,C6,C5,G4,G3,C2,C1,C2
728.5,190.0435,183,1.25,G4,E5,B5,C5,G4,G3,C2,C1,C2
729.0,190.1739,183,1.5,A4,E5,C6,C5,G4,G3,C2,C1,C2
729.5,190.3043,183,1.75,B4,E5,D6,C5,G4,G3,C2,C1,C2
730.0,190.4348,183,2.0,C5,E5,E6,r,r,r,r,r,r
730.5,190.5652,183,2.25,D5,E5,D6,r,r,r,r,r,r
731.0,190.6957,183,2.5,E5,E5,C6,r,r,r,r,r,r
731.5,190.8261,183,2.75,G4,E5,B5,r,r,r,r,r,r
732.0,190.9565,184,1.0,F#4,E5,A5,r,r,r,r,r,r
732.5,191.087,184,1.25,E5,E5,A5,r,r,r,r,r,r
733.0,191.2174,184,1.5,C5,E5,C6,r,r,r,r,r,r
733.5,191.3478,184,1.75,A4,E5,C6,r,r,r,r,r,r
734.0,191.4783,184,2.0,F#4,E5,A5,r,r,r,r,r,r
734.5,191.6087,184,2.25,C5,E5,A5,r,r,r,r,r,r
735.0,191.7391,184,2.5,A4,E5,F#5,r,r,r,r,r,r
735.5,191.8696,184,2.75,F#4,E5,F#5,r,r,r,r,r,r
736.0,192.0,185,1.0,B3,D5,r,r,r,r,r,r,r
736.5,192.1304,185,1.25,F#4,D5,A5,r,r,r,r,r,r
737.0,192.2609,185,1.5,G4,D5,B5,r,r,r,r,r,r
737.5,192.3913,185,1.75,A4,D5,C6,r,r,r,r,r,r
738.0,192.5217,185,2.0,B4,D5,D6,r,r,r,r,r,r
738.5,192.6522,185,2.25,C5,D5,C6,r,r,r,r,r,r
739.0,192.7826,185,2.5,D5,D5,B5,r,r,r,r,r,r
739.5,192.913,185,2.75,F#4,D5,A5,r,r,r,r,r,r
740.0,193.0435,186,1.0,E4,D5,G5,r,r,r,r,r,r
740.5,193.1739,186,1.25,D5,D5,G5,r,r,r,r,r,r
741.0,193.3043,186,1.5,B4,D5,B5,r,r,r,r,r,r
741.5,193.4348,186,1.75,G4,D5,B5,r,r,r,r,r,r
742.0,193.5652,186,2.0,E4,D5,G5,r,r,r,r,r,r
742.5,193.6957,186,2.25,B4,D5,G5,r,r,r,r,r,r
743.0,193.8261,186,2.5,G4,D5,E5,r,r,r,r,r,r
743.5,193.9565,186,2.75,E4,D5,E5,r,r,r,r,r,r
744.0,194.087,187,1.0,A3,C5,r,r,r,r,r,r,r
744.5,194.2174,187,1.25,E4,C5,G5,r,r,r,r,r,r
745.0,194.3478,187,1.5,F#4,C5,A5,r,r,r,r,r,r
745.5,194.4783,187,1.75,G4,C5,B5,r,r,r,r,r,r
746.0,194.6087,187,2.0,A4,C5,C6,r,r,r,r,r,r
746.5,194.7391,187,2.25,B4,C5,B5,r,r,r,r,r,r
747.0,194.8696,187,2.5,C5,C5,A5,r,r,r,r,r,r
747.5,195.0,187,2.75,E4,C5,G5,r,r,r,r,r,r
748.0,195.1304,188,1.0,D4,C5,F#5,r,r,r,r,r,r
748.5,195.2609,188,1.25,C5,C5,F#5,r,r,r,r,r,r
749.0,195.3913,188,1.5,A4,C5,A5,r,r,r,r,r,r
749.5,195.5217,188,1.75,F#4,C5,A5,r,r,r,r,r,r
750.0,195.6522,188,2.0,D4,C5,F#5,r,r,r,r,r,r
750.5,195.7826,188,2.25,A4,C5,F#5,r,r,r,r,r,r
751.0,195.913,188,2.5,F#4,C5,D5,r,r,r,r,r,r
751.5,196.0435,188,2.75,D4,C5,D5,r,r,r,r,r,r
752.0,196.1739,189,1.0,D5,B4,G5,D5,B4,r,G2,G1,G2
752.5,196.3043,189,1.25,D5,B4,G5,D5,B4,D4,G2,G1,G2
753.0,196.4348,189,1.5,D5,B4,G5,D5,B4,C4,G2,G1,G2
753.5,196.5652,189,1.75,D5,B4,G5,D5,B4,D4,G2,G1,G2
754.0,196.6957,189,2.0,G5,r,r,G5,r,E4,r,r,r
754.5,196.8261,189,2.25,G5,r,r,G5,B4,E4,G2,G1,G2
755.0,196.9565,189,2.5,G5,r,r,G5,A4,E4,F#2,F#1,F#2
755.5,197.087,189,2.75,G5,r,r,G5,B4,E4,G2,G1,G2
756.0,197.2174,190,1.0,G5,r,r,G5,C5,E4,A2,A1,A2
756.5,197.3478,190,1.25,G5,r,r,G5,D5,E4,G2,G1,G2
757.0,197.4783,190,1.5,F#5,r,r,F#5,C5,A3,A2,A1,A2
757.5,197.6087,190,1.75,G5,r,r,G5,B4,A3,B2,B1,B2
758.0,197.7391,190,2.0,A5,r,r,A5,A4,D4,C3,C2,C3
758.5,197.8696,190,2.25,A5,r,r,A5,A4,D4,B2,B1,B2
759.0,198.0,190,2.5,G5,r,r,G5,D5,D4,C3,C2,C3
759.5,198.1304,190,2.75,F#5,r,r,F#5,D5,D4,A2,A1,A2
760.0,198.2609,191,1.0,G5,r,r,G5,D5,D4,B2,B1,B2
760.5,198.3913,191,1.25,G5,r,r,G5,E5,C5,B2,B1,B2
761.0,198.5217,191,1.5,D5,r,r,D5,D5,B4,G2,G1,G2
761.5,198.6522,191,1.75,D5,r,r,D5,C5,A4,G2,G1,G2
762.0,198.7826,191,2.0,E5,r,r,E5,B4,G4,G3,G2,G3
762.5,198.913,191,2.25,E5,r,r,E5,A4,F#4,G3,G2,G3
763.0,199.0435,191,2.5,B4,r,r,B4,G4,E4,G3,G2,G3
763.5,199.1739,191,2.75,B4,r,r,B4,F#4,E4,G3,G2,G3
764.0,199.3043,192,1.0,C5,r,r,C5,E4,A4,G3,G2,G3
764.5,199.4348,192,1.25,C5,r,r,C5,D4,A4,G3,G2,G3
765.0,199.5652,192,1.5,A4,r,r,A4,C4,E4,G3,G2,G3
765.5,199.6957,192,1.75,A4,r,r,A4,B3,E4,G3,G2,G3
766.0,199.8261,192,2.0,D5,r,r,D5,A3,D4,F#3,F#2,F#3
766.5,199.9565,192,2.25,D5,r,r,D5,B3,D4,F#3,F#2,F#3
767.0,200.087,192,2.5,A4,r,r,A4,C4,D4,F#3,F#2,F#3
767.5,200.2174,192,2.75,A4,r,r,A4,D4,D4,F#3,F#2,F#3
768.0,200.3478,193,1.0,B4,r,D5,B4,G3,D4,G3,G2,G3
768.5,200.4783,193,1.25,B3,r,D5,B4,G3,D4,G3,G2,G3
769.0,200.6087,193,1.5,C4,r,D5,B4,B3,D4,F#3,F#2,F#3
769.5,200.7391,193,1.75,D4,r,D5,B4,B3,D4,F#3,F#2,F#3
770.0,200.8696,193,2.0,E4,r,G5,B4,E4,G3,E3,E2,E3
770.5,201.0,193,2.25,F#4,r,G5,A4,E4,G3,E3,E2,E3
771.0,201.1304,193,2.5,G4,r,G5,B4,E4,G3,D3,D2,D3
771.5,201.2609,193,2.75,B3,r,G5,G4,E4,G3,D3,D2,D3
772.0,201.3913,194,1.0,A3,r,G5,A4,E4,C4,C3,C2,C3
772.5,201.5217,194,1.25,C4,r,G5,A4,E4,C4,C3,C2,C3
773.0,201.6522,194,1.5,D4,r,F#5,A4,E4,C4,A2,A1,A2
773.5,201.7826,194,1.75,E4,r,G5,A4,E4,C4,A2,A1,A2
774.0,201.913,194,2.0,F#4,r,A5,A4,D4,F#3,D3,D2,D3
774.5,202.0435,194,2.25,G4,r,A5,B4,D4,F#3,D3,D2,D3
775.0,202.1739,194,2.5,A4,r,G5,C5,D4,F#3,D2,D1,D2
775.5,202.3043,194,2.75,C4,r,F#5,A4,D4,F#3,D2,D1,D2
776.0,202.4348,195,1.0,B3,D5,G5,B4,D4,D3,G2,G1,G2
776.5,202.5652,195,1.25,D4,D5,G5,B4,D4,D3,G2,G1,G2
777.0,202.6957,195,1.5,E4,D5,D5,D5,G4,D4,B2,B1,B2
777.5,202.8261,195,1.75,F#4,D5,D5,D5,G4,D4,B2,B1,B2
778.0,202.9565,195,2.0,G4,G5,E5,G4,B4,B3,E2,E1,E2
778.5,203.087,195,2.25,A4,G5,E5,G4,B4,B3,E2,E1,E2
779.0,203.2174,195,2.5,B4,G5,B4,E5,B3,G3,G2,G1,G2
779.5,203.3478,195,2.75,F4,G5,B4,E5,B3,G3,G2,G1,G2
780.0,203.4783,196,1.0,E4,G5,C5,C5,E4,E3,A2,A1,A2
780.5,203.6087,196,1.25,G4,G5,C5,C5,E4,E3,A2,A1,A2
781.0,203.7391,196,1.5,A4,F#5,A4,C5,E4,E3,A2,A1,A2
781.5,203.8696,196,1.75,B4,G5,A4,C5,E4,E3,A2,A1,A2
782.0,204.0,196,2.0,C5,A5,D5,r,r,r,r,r,r
782.5,204.1304,196,2.25,E5,A5,D5,r,r,r,r,r,r
783.0,204.2609,196,2.5,D5,G5,A4,A4,F#4,D3,D2,D1,D2
783.5,204.3913,196,2.75,C5,F#5,A4,A4,F#4,D3,D2,D1,D2
784.0,204.5217,197,1.0,B4,G5,B4,G4,D4,D3,G2,G1,G2
784.5,204.6522,197,1.25,D5,F#5,B4,G4,D4,D3,G2,G1,G2
785.0,204.7826,197,1.5,E5,G5,B4,G4,D4,D3,G2,G1,G2
785.5,204.913,197,1.75,F#5,A5,B4,G4,D4,D3,G2,G1,G2
786.0,205.0435,197,2.0,G5,B5,B5,r,r,r,r,r,r
786.5,205.1739,197,2.25,A5,A5,B5,r,r,r,r,r,r
787.0,205.3043,197,2.5,B5,G5,B5,r,r,r,r,r,r
787.5,205.4348,197,2.75,D5,F#5,B5,r,r,r,r,r,r
788.0,205.5652,198,1.0,C#5,E5,B5,r,r,r,r,r,r
788.5,205.6957,198,1.25,B5,E5,B5,r,r,r,r,r,r
789.0,205.8261,198,1.5,G5,G5,B5,r,r,r,r,r,r
789.5,205.9565,198,1.75,E5,G5,B5,r,r,r,r,r,r
790.0,206.087,198,2.0,C#5,E5,B5,r,r,r,r,r,r
790.5,206.2174,198,2.25,G5,E5,B5,r,r,r,r,r,r
791.0,206.3478,198,2.5,E5,C#5,B5,r,r,r,r,r,r
791.5,206.4783,198,2.75,C#5,C#5,B5,r,r,r,r,r,r
792.0,206.6087,199,1.0,F#4,r,A5,r,r,r,r,r,r
792.5,206.7391,199,1.25,C#5,E5,A5,r,r,r,r,r,r
793.0,206.8696,199,1.5,D5,F#5,A5,r,r,r,r,r,r
793.5,207.0,199,1.75,E5,G5,A5,r,r,r,r,r,r
794.0,207.1304,199,2.0,F#5,A5,A5,r,r,r,r,r,r
794.5,207.2609,199,2.25,G5,G5,A5,r,r,r,r,r,r
795.0,207.3913,199,2.5,A5,F#5,A5,r,r,r,r,r,r
795.5,207.5217,199,2.75,C#5,E5,A5,r,r,r,r,r,r
796.0,207.6522,200,1.0,B4,D5,A5,r,r,r,r,r,r
796.5,207.7826,200,1.25,A5,D5,A5,r,r,r,r,r,r
797.0,207.913,200,1.5,F#5,F#5,A5,r,r,r,r,r,r
797.5,208.0435,200,1.75,D5,F#5,A5,r,r,r,r,r,r
798.0,208.1739,200,2.0,B4,D5,A5,r,r,r,r,r,r
798.5,208.3043,200,2.25,F#5,D5,A5,r,r,r,r,r,r
799.0,208.4348,200,2.5,D5,B4,A5,r,r,r,r,r,r
799.5,208.5652,200,2.75,B4,B4,A5,r,r,r,r,r,r
800.0,208.6957,201,1.0,E4,r,G5,r,r,r,r,r,r
800.5,208.8261,201,1.25,B4,D5,G5,r,r,r,r,r,r
801.0,208.9565,201,1.5,C#5,E5,G5,r,r,r,r,r,r
801.5,209.087,201,1.75,D5,F#5,G5,r,r,r,r,r,r
802.0,209.2174,201,2.0,E5,G5,G5,r,r,r,r,r,r
802.5,209.3478,201,2.25,F#5,F#5,G5,r,r,r,r,r,r
803.0,209.4783,201,2.5,G5,E5,G5,r,r,r,r,r,r
803.5,209.6087,201,2.75,B4,D5,G5,r,r,r,r,r,r
804.0,209.7391,202,1.0,A4,C#5,G5,r,r,r,r,r,r
804.5,209.8696,202,1.25,G5,C#5,G5,r,r,r,r,r,r
805.0,210.0,202,1.5,E5,E5,G5,r,r,r,r,r,r
805.5,210.1304,202,1.75,C#5,E5,G5,r,r,r,r,r,r
806.0,210.2609,202,2.0,A4,C#5,G5,r,r,r,r,r,r
806.5,210.3913,202,2.25,E5,C#5,G5,r,r,r,r,r,r
807.0,210.5217,202,2.5,C#5,A4,G5,r,r,r,r,r,r
807.5,210.6522,202,2.75,A4,A4,G5,r,r,r,r,r,r
808.0,210.7826,203,1.0,D4,r,F#5,r,r,r,r,r,r
808.5,210.913,203,1.25,D4,A5,F#5,r,r,r,r,r,r
809.0,211.0435,203,1.5,A5,B5,F#5,A5,r,r,r,r,r
809.5,211.1739,203,1.75,A5,C6,F#5,A5,r,r,r,r,r
810.0,211.3043,203,2.0,B5,D6,D6,B5,r,r,r,r,r
811.0,211.5652,203,2.5,F#5,D6,D6,F#5,r,r,r,r,r
812.0,211.8261,204,1.0,G5,D6,D6,G5,r,r,r,r,r
813.0,212.087,204,1.5,E5,D6,D6,E5,r,r,r,r,r
814.0,212.3478,204,2.0,A5,C6,C6,A5,r,r,r,r,r
815.0,212.6087,204,2.5,E5,C6,C6,E5,r,r,r,r,r
816.0,212.8696,205,1.0,F#5,C6,C6,F#5,r,r,r,r,r
817.0,213.1304,205,1.5,D5,C6,C6,D5,D5,r,r,r,r
818.0,213.3913,205,2.0,G5,B5,B5,G5,E5,r,r,r,r
819.0,213.6522,205,2.5,G5,B5,B5,G5,B4,r,r,r,r
820.0,213.913,206,1.0,G5,A5,A5,G5,C5,r,r,r,r
821.0,214.1739,206,1.5,G5,A5,A5,G5,A4,r,r,r,r
822.0,214.4348,206,2.0,F#5,A5,A5,F#5,D5,r,r,r,r
823.0,214.6957,206,2.5,F#5,A5,A5,F#5,A4,r,r,r,r
824.0,214.9565,207,1.0,B5,A5,A5,B5,B4,r,G2,G1,G2
824.5,215.087,207,1.25,B5,A5,A5,B5,D5,r,G2,G1,G2
825.0,215.2174,207,1.5,B5,A5,A5,B5,E5,D4,G2,G1,G2
825.5,215.3478,207,1.75,B5,A5,A5,B5,F#5,D4,G2,G1,G2
826.0,215.4783,207,2.0,B5,G5,G5,B5,G5,E4,G3,G2,G3
826.5,215.6087,207,2.25,B5,G5,G5,B5,F#5,E4,G3,G2,G3
827.0,215.7391,207,2.5,B5,G5,G5,B5,E5,B3,G3,G2,G3
827.5,215.8696,207,2.75,B5,G5,G5,B5,D5,B3,G3,G2,G3
828.0,216.0,208,1.0,A5,C6,C6,A5,E5,C4,G3,G2,G3
828.5,216.1304,208,1.25,A5,C6,C6,A5,C5,C4,G3,G2,G3
829.0,216.2609,208,1.5,A5,C6,C6,A5,D5,A3,F#3,F#2,F#3
829.5,216.3913,208,1.75,A5,C6,C6,A5,E5,B3,G3,G2,G3
830.0,216.5217,208,2.0,A5,C6,C6,A5,F#5,C4,A3,A2,A3
830.5,216.6522,208,2.25,A5,C6,C6,A5,G5,C4,A3,A2,A3
831.0,216.7826,208,2.5,A5,C6,C6,A5,A5,A3,G3,G2,G3
831.5,216.913,208,2.75,A5,C6,C6,A5,F#5,A3,F#3,F#2,F#3
832.0,217.0435,209,1.0,A5,B5,B5,A5,D5,B3,G3,G2,G3
832.5,217.1739,209,1.25,A5,B5,B5,A5,D5,D4,G3,G2,G3
833.0,217.3043,209,1.5,A5,B5,B5,A5,B4,E4,D3,D2,D3
833.5,217.4348,209,1.75,A5,B5,B5,A5,B4,F#4,D3,D2,D3
834.0,217.5652,209,2.0,G5,B5,B5,G5,E5,G4,E3,E2,E3
834.5,217.6957,209,2.25,G5,B5,B5,G5,E5,A4,E3,E2,E3
835.0,217.8261,209,2.5,G5,B5,B5,G5,D5,B4,B2,B1,B2
835.5,217.9565,209,2.75,G5,B5,B5,G5,D5,G4,B2,B1,B2
836.0,218.087,210,1.0,G5,A5,A5,G5,E5,E4,C3,C2,C3
836.5,218.2174,210,1.25,G5,A5,A5,G5,E5,C4,C3,C2,C3
837.0,218.3478,210,1.5,G5,A5,A5,G5,C5,D4,A2,A1,A2
837.5,218.4783,210,1.75,G5,A5,A5,G5,B4,E4,A2,A1,A2
838.0,218.6087,210,2.0,F#5,A5,A5,F#5,A4,F#4,D3,D2,D3
838.5,218.7391,210,2.25,F#5,A5,A5,F#5,A4,G4,D3,D2,D3
839.0,218.8696,210,2.5,F#5,A5,A5,F#5,C5,A4,A2,A1,A2
839.5,219.0,210,2.75,F#5,A5,A5,F#5,C5,F#4,A2,A1,A2
840.0,219.1304,211,1.0,F#5,G5,G5,F#5,D5,D4,B2,B1,B2
840.5,219.2609,211,1.25,F#5,G5,G5,F#5,G4,D4,B2,B1,B2
841.0,219.3913,211,1.5,F#5,G5,G5,F#5,A4,D4,G3,G2,G3
841.5,219.5217,211,1.75,F#5,G5,G5,F#5,B4,D4,G3,G2,G3
842.0,219.6522,211,2.0,E5,C6,C6,E5,C5,A3,A3,A2,A3
842.5,219.7826,211,2.25,E5,C6,C6,E5,D5,A3,A3,A2,A3
843.0,219.913,211,2.5,E5,C6,C6,E5,E5,G3,E3,E2,E3
843.5,220.0435,211,2.75,E5,C6,C6,E5,C5,G3,E3,E2,E3
844.0,220.1739,212,1.0,D5,C6,C6,D5,A4,A3,F#3,F#2,F#3
844.5,220.3043,212,1.25,D5,C6,C6,D5,F#4,C4,F#3,F#2,F#3
845.0,220.4348,212,1.5,D5,C6,C6,D5,G#4,B3,D3,D2,D3
845.5,220.5652,212,1.75,D5,C6,C6,D5,A4,A3,D3,D2,D3
846.0,220.6957,212,2.0,D5,B5,B5,D5,B4,E4,G#3,G#2,G#3
846.5,220.8261,212,2.25,D5,B5,B5,D5,G#4,E4,G#3,G#2,G#3
847.0,220.9565,212,2.5,D5,B5,B5,D5,A4,E4,E3,E2,E3
847.5,221.087,212,2.75,D5,B5,B5,D5,B4,E4,E3,E2,E3
848.0,221.2174,213,1.0,C5,B5,B5,C5,C5,E4,A3,A2,A3
848.5,221.3478,213,1.25,C5,B5,B5,C5,E4,E4,A3,A2,A3
849.0,221.4783,213,1.5,C5,B5,B5,C5,F#4,D4,E3,E2,E3
849.5,221.6087,213,1.75,C5,B5,B5,C5,G#4,D4,E3,E2,E3
850.0,221.7391,213,2.0,C5,A5,A5,C5,A4,C4,F3,F2,F3
850.5,221.8696,213,2.25,C5,A5,A5,C5,B4,D4,F3,F2,F3
851.0,222.0,213,2.5,C5,A5,A5,C5,C5,E4,C3,C2,C3
851.5,222.1304,213,2.75,C5,A5,A5,C5,A4,C4,C3,C2,C3
852.0,222.2609,214,1.0,B4,A5,A5,B4,F4,F4,D3,D2,D3
852.5,222.3913,214,1.25,B4,A5,A5,B4,D4,F4,D3,D2,D3
853.0,222.5217,214,1.5,B4,A5,A5,B4,E4,D4,B2,B1,B2
853.5,222.6522,214,1.75,B4,A5,A5,B4,F4,D4,B2,B1,B2
854.0,222.7826,214,2.0,B4,G5,G5,B4,G4,B3,E3,E2,E3
854.5,222.913,214,2.25,B4,G5,G5,B4,A4,C4,E3,E2,E3
855.0,223.0435,214,2.5,B4,G5,G5,B4,B4,D4,B2,B1,B2
855.5,223.1739,214,2.75,B4,G5,G5,B4,G4,B3,B2,B1,B2
856.0,223.3043,215,1.0,A4,G5,G5,A4,E4,E4,C#3,C#2,C#3
856.5,223.4348,215,1.25,A4,G5,G5,A4,G4,A3,C#3,C#2,C#3
857.0,223.5652,215,1.5,A4,G5,G5,A4,F#4,B3,A3,A2,A3
857.5,223.6957,215,1.75,A4,G5,G5,A4,E4,C#4,A3,A2,A3
858.0,223.8261,215,2.0,D5,F#5,F#5,D5,D4,D4,B3,B2,B3
858.5,223.9565,215,2.25,D5,F#5,F#5,D5,D4,E4,B3,B2,B3
859.0,224.087,215,2.5,D5,F#5,F#5,D5,A4,F#4,F#3,F#2,F#3
859.5,224.2174,215,2.75,D5,F#5,F#5,D5,A4,D4,F#3,F#2,F#3
860.0,224.3478,216,1.0,D5,E5,E5,D5,B4,B3,G3,G2,G3
860.5,224.4783,216,1.25,D5,E5,E5,D5,B4,G3,G3,G2,G3
861.0,224.6087,216,1.5,D5,E5,E5,D5,G4,A3,E3,E2,E3
861.5,224.7391,216,1.75,D5,E5,E5,D5,G4,B3,E3,E2,E3
862.0,224.8696,216,2.0,C5,E5,E5,C5,E4,C4,A3,A2,A3
862.5,225.0,216,2.25,C5,E5,E5,C5,F#4,D4,A3,A2,A3
863.0,225.1304,216,2.5,C5,E5,E5,C5,G4,E4,E3,E2,E3
863.5,225.2609,216,2.75,C5,E5,E5,C5,E4,C4,E3,E2,E3
864.0,225.3913,217,1.0,C5,D5,D5,C5,A4,A3,F#3,F#2,F#3
864.5,225.5217,217,1.25,C5,D5,D5,C5,C5,A3,F#3,F#2,F#3
865.0,225.6522,217,1.5,C5,D5,D5,C5,B4,F#4,D3,D2,D3
865.5,225.7826,217,1.75,C5,D5,D5,C5,A4,F#4,D3,D2,D3
866.0,225.913,217,2.0,B4,G5,G5,B4,G4,G4,E3,E2,E3
866.5,226.0435,217,2.25,B4,G5,G5,B4,A4,G4,E3,E2,E3
867.0,226.1739,217,2.5,B4,G5,G5,B4,B4,D4,B2,B1,B2
867.5,226.3043,217,2.75,B4,G5,G5,B4,G4,D4,B2,B1,B2
868.0,226.4348,218,1.0,A4,G5,G5,A4,E4,E4,C3,C2,C3
868.5,226.5652,218,1.25,A4,G5,G5,A4,C4,E4,C3,C2,C3
869.0,226.6957,218,1.5,A4,G5,G5,A4,D4,C4,A2,A1,A2
869.5,226.8261,218,1.75,A4,G5,G5,A4,E4,C4,A2,A1,A2
870.0,226.9565,218,2.0,A4,F#5,F#5,A4,F#4,A3,D3,D2,D3
870.5,227.087,218,2.25,A4,F#5,F#5,A4,G4,B3,D3,D2,D3
871.0,227.2174,218,2.5,A4,F#5,F#5,A4,A4,C4,D2,D1,D2
871.5,227.3478,218,2.75,A4,F#5,F#5,A4,F#4,A3,D2,D1,D2
872.0,227.4783,219,1.0,G4,G5,G5,G4,D4,B3,G2,G1,G2
872.5,227.6087,219,1.25,G5,G5,G5,G4,D4,B3,G2,G1,G2
873.0,227.7391,219,1.5,D5,D5,G5,G4,D4,B3,G2,G1,G2
873.5,227.8696,219,1.75,B4,E5,G5,G4,D4,B3,G2,G1,G2
874.0,228.0,219,2.0,G4,F5,B4,r,r,r,G2,G1,G2
874.5,228.1304,219,2.25,D5,F5,B4,r,r,r,G2,G1,G2
875.0,228.2609,219,2.5,B4,F5,B4,D5,B4,G4,G2,G1,G2
875.5,228.3913,219,2.75,G4,F5,B4,E5,B4,G4,G2,G1,G2
876.0,228.5217,220,1.0,D4,F5,B4,F5,B4,D4,G2,G1,G2
876.5,228.6522,220,1.25,B4,F5,B4,F5,B4,D4,G2,G1,G2
877.0,228.7826,220,1.5,D4,D5,B4,F5,B4,D4,G2,G1,G2
877.5,228.913,220,1.75,B3,E5,C5,F5,B4,D4,G2,G1,G2
878.0,229.0435,220,2.0,G3,F5,D5,r,r,r,G2,G1,G2
879.0,229.3043,220,2.5,G3,E5,C5,r,r,r,G2,G1,G2
879.5,229.4348,220,2.75,G3,D5,B4,r,r,r,G2,G1,G2
880.0,229.5652,221,1.0,r,E5,C5,r,r,r,G2,G1,G2
880.5,229.6957,221,1.25,C6,E5,C5,r,r,r,G2,G1,G2
881.0,229.8261,221,1.5,G5,E5,C5,C5,G4,E4,G2,G1,G2
881.5,229.9565,221,1.75,E5,E5,C5,D5,G4,F4,G2,G1,G2
882.0,230.087,221,2.0,C5,r,r,E5,C5,G4,G2,G1,G2
882.5,230.2174,221,2.25,G5,r,r,E5,C5,G4,G2,G1,G2
883.0,230.3478,221,2.5,E5,C5,G4,E5,C5,G4,G2,G1,G2
883.5,230.4783,221,2.75,C5,D5,G4,E5,C5,G4,G2,G1,G2
884.0,230.6087,222,1.0,G4,E5,C5,E5,C5,G4,G2,G1,G2
884.5,230.7391,222,1.25,C5,E5,C5,E5,C5,G4,G2,G1,G2
885.0,230.8696,222,1.5,G4,E5,C5,C5,C5,E4,G2,G1,G2
885.5,231.0,222,1.75,E4,E5,C5,D5,B4,F4,G2,G1,G2
886.0,231.1304,222,2.0,C4,r,r,E5,C5,G4,G2,G1,G2
887.0,231.3913,222,2.5,C4,r,r,D5,D5,F4,G2,G1,G2
887.5,231.5217,222,2.75,C4,r,r,C5,E5,E4,G2,G1,G2
888.0,231.6522,223,1.0,r,r,r,F#5,A4,C5,G2,G1,G2
888.5,231.7826,223,1.25,C6,r,r,F#5,A4,C5,G2,G1,G2
889.0,231.913,223,1.5,A5,A5,F#5,F#5,A4,C5,G2,G1,G2
889.5,232.0435,223,1.75,F#5,B5,G5,F#5,A4,C5,G2,G1,G2
890.0,232.1739,223,2.0,D5,C6,A5,r,r,r,G2,G1,G2
890.5,232.3043,223,2.25,A5,C6,A5,r,r,r,G2,G1,G2
891.0,232.4348,223,2.5,F#5,C6,A5,A5,F#5,C5,G2,G1,G2
891.5,232.5652,223,2.75,D5,C6,A5,A5,F#5,C5,G2,G1,G2
892.0,232.6957,224,1.0,A4,C6,A5,F#5,D5,A4,G2,G1,G2
892.5,232.8261,224,1.25,D5,C6,A5,F#5,D5,A4,G2,G1,G2
893.0,232.9565,224,1.5,A4,A5,F#5,A5,C5,A3,G2,G1,G2
893.5,233.087,224,1.75,F#4,B5,G5,A5,C5,A3,G2,G1,G2
894.0,233.2174,224,2.0,D4,C6,A5,F#5,A4,D4,G2,G1,G2
895.0,233.4783,224,2.5,D4,B5,G5,D5,C5,A4,G2,G1,G2
895.5,233.6087,224,2.75,D4,A5,F#5,D5,C5,A4,G2,G1,G2
896.0,233.7391,225,1.0,D5,B5,G5,G5,B4,G4,G2,G1,G2
896.5,233.8696,225,1.25,D5,B5,G5,G5,B4,G4,A2,A1,A2
897.0,234.0,225,1.5,D5,B5,G5,D5,B4,G4,G2,G1,G2
897.5,234.1304,225,1.75,D5,B5,G5,D5,B4,G4,F#2,F#1,F#2
898.0,234.2609,225,2.0,G5,G5,G5,G5,B4,G4,E2,E1,E2
898.5,234.3913,225,2.25,G5,G5,G5,G5,B4,F#4,D3,D2,D3
899.0,234.5217,225,2.5,G5,G5,G5,G5,C5,E4,C3,C2,C3
899.5,234.6522,225,2.75,G5,G5,G5,G5,D5,D4,B2,B1,B2
900.0,234.7826,226,1.0,G5,C6,C6,G5,E5,C4,A2,A1,A2
900.5,234.913,226,1.25,G5,C6,C6,G5,D5,C4,B3,B2,B3
901.0,235.0435,226,1.5,F#5,C6,C6,F#5,C5,A3,A3,A2,A3
901.5,235.1739,226,1.75,G5,C6,C6,G5,E5,A3,G3,G2,G3
902.0,235.3043,226,2.0,A5,C6,C6,A5,D5,D4,F#3,F#2,F#3
902.5,235.4348,226,2.25,A5,C6,C6,A5,D5,D4,E4,E3,E4
903.0,235.5652,226,2.5,G5,B5,B5,G5,D5,D4,D4,D3,D4
903.5,235.6957,226,2.75,F#5,C6,C6,F#5,D5,D4,C4,C3,C4
904.0,235.8261,227,1.0,G5,D6,D6,G5,D5,D4,B3,B2,B3
904.5,235.9565,227,1.25,G5,D6,D6,G5,D5,D4,A3,A2,A3
905.0,236.087,227,1.5,D5,C6,C6,D5,G5,B4,G3,G2,G3
905.5,236.2174,227,1.75,D5,B5,B5,D5,G5,B4,F3,F2,F3
906.0,236.3478,227,2.0,E5,C6,C6,E5,C5,G4,E3,E2,E3
906.5,236.4783,227,2.25,E5,C6,C6,E5,C5,G4,D3,D2,D3
907.0,236.6087,227,2.5,B4,G5,G5,B4,E5,B4,C3,C2,C3
907.5,236.7391,227,2.75,B4,G5,G5,B4,E5,B4,B2,B1,B2
908.0,236.8696,228,1.0,C5,A5,A5,C5,C5,E4,A2,A1,A2
908.5,237.0,228,1.25,C5,A5,A5,C5,C5,E4,G3,G2,G3
909.0,237.1304,228,1.5,A4,E5,E5,A4,E5,A4,F#3,F#2,F#3
909.5,237.2609,228,1.75,A4,E5,E5,A4,E5,A4,E3,E2,E3
910.0,237.3913,228,2.0,D5,F#5,F#5,D5,A4,F#4,D3,D2,D3
910.5,237.5217,228,2.25,D5,F#5,F#5,D5,A4,F#4,C3,C2,C3
911.0,237.6522,228,2.5,A4,D5,D5,A4,D5,A4,B2,B1,B2
911.5,237.7826,228,2.75,A4,D5,D5,A4,D5,A4,A2,A1,A2
912.0,237.913,229,1.0,B4,G5,G5,B4,B4,D4,G2,G1,G2
914.0,238.4348,229,2.0,C#5,G5,G5,C#5,G4,E4,E2,E1,E2
917.0,239.2174,230,1.5,C#5,C#5,E5,C#5,A4,E4,A2,A1,A2
917.5,239.3478,230,1.75,D5,D5,F#5,D5,A4,E4,A2,A1,A2
918.0,239.4783,230,2.0,E5,E5,G5,E5,B4,E4,G2,G1,G2
919.0,239.7391,230,2.5,D5,D5,F#5,D5,A4,A4,A2,A1,A2
919.5,239.8696,230,2.75,C#5,C#5,E5,C#5,A4,A4,A2,A1,A2
920.0,240.0,231,1.0,D5,F#5,F#5,D5,A4,F#4,D2,D1,D2
922.0,240.5217,231,2.0,B4,F5,F5,B4,G4,D4,G2,G1,G2
925.0,241.3043,232,1.5,B4,D5,D5,B4,G4,D4,G2,G1,G2
925.5,241.4348,232,1.75,C5,E5,E5,C5,G4,D4,G2,G1,G2
926.0,241.5652,232,2.0,D5,F5,F5,D5,A4,D4,F2,F1,F2
927.0,241.8261,232,2.5,C5,E5,E5,C5,G4,G4,G2,G1,G2
927.5,241.9565,232,2.75,B4,D5,D5,B4,G4,G4,G2,G1,G2
928.0,242.087,233,1.0,C5,E5,E5,C5,G4,E4,C2,C1,C2
930.0,242.6087,233,2.0,G#5,D6,D6,G#5,B4,F4,B3,B2,B3
933.0,243.3913,234,1.5,G#5,B5,B5,G#5,B4,E4,E3,E2,E3
933.5,243.5217,234,1.75,A5,C6,C6,A5,B4,E4,E3,E2,E3
934.0,243.6522,234,2.0,B5,D6,D6,B5,B4,F4,D3,D2,D3
935.0,243.913,234,2.5,A5,C6,C6,A5,E5,E4,E3,E2,E3
935.5,244.0435,234,2.75,G#5,B5,B5,G#5,E5,E4,E3,E2,E3
936.0,244.1739,235,1.0,A5,C6,C6,A5,E5,E4,A2,A1,A2
937.0,244.4348,235,1.5,F#5,A5,A5,F#5,D5,F#4,D3,D2,D3
937.5,244.5652,235,1.75,G5,B5,B5,G5,D5,F#4,D3,D2,D3
938.0,244.6957,235,2.0,A5,C6,C6,A5,E5,E4,C3,C2,C3
939.0,244.9565,235,2.5,G5,B5,B5,G5,D5,F#4,D3,D2,D3
939.5,245.087,235,2.75,F#5,A5,A5,F#5,D5,F#4,D3,D2,D3
940.0,245.2174,236,1.0,G5,B5,B5,G5,D5,D4,G2,G1,G2
940.5,245.3478,236,1.25,F5,B5,B5,F5,D5,D4,G2,G1,G2
941.0,245.4783,236,1.5,E5,C6,C6,E5,G4,E4,C3,C2,C3
941.5,245.6087,236,1.75,D5,B5,B5,D5,G4,F#4,D3,D2,D3
942.0,245.7391,236,2.0,C5,A5,A5,C5,C5,G4,E3,E2,E3
942.5,245.8696,236,2.25,D5,B5,B5,D5,B4,G4,E3,E2,E3
943.0,246.0,236,2.5,E5,A5,A5,E5,C5,E4,C3,C2,C3
943.5,246.1304,236,2.75,C5,G5,G5,C5,C5,E4,C3,C2,C3
944.0,246.2609,237,1.0,A4,F#5,F#5,A4,C5,A4,D3,D2,D3
944.5,246.3913,237,1.25,A4,G5,G5,A4,B4,A4,D3,D2,D3
945.0,246.5217,237,1.5,D5,A5,A5,D5,C5,F#4,D3,D2,D3
945.5,246.6522,237,1.75,D5,F#5,F#5,D5,A4,F#4,D3,D2,D3
946.0,246.7826,237,2.0,D5,D5,D5,D5,B4,G4,G3,G2,G3
946.5,246.913,237,2.25,C5,D5,D5,C5,G5,G4,G3,G2,G3
947.0,247.0435,237,2.5,D5,D5,D5,D5,F#5,B4,G3,G2,G3
947.5,247.1739,237,2.75,B4,D5,D5,B4,G5,B4,G3,G2,G3
948.0,247.3043,238,1.0,C5,r,r,C5,A4,E4,G3,G2,G3
948.5,247.4348,238,1.25,B4,r,r,B4,A4,E4,G3,G2,G3
949.0,247.5652,238,1.5,A4,r,r,A4,A4,A4,F#3,F#2,F#3
949.5,247.6957,238,1.75,B4,r,r,B4,A4,A4,G3,G2,G3
950.0,247.8261,238,2.0,C5,r,r,C5,A5,F#4,A3,A2,A3
950.5,247.9565,238,2.25,B4,r,r,B4,A5,F#4,A3,A2,A3
951.0,248.087,238,2.5,C5,r,r,C5,A5,A4,G3,G2,G3
951.5,248.2174,238,2.75,A4,r,r,A4,A5,A4,F#3,F#2,F#3
952.0,248.3478,239,1.0,B4,D5,D5,B4,A5,D4,G3,G2,G3
952.5,248.4783,239,1.25,B4,D5,D5,B4,G5,D4,G3,G2,G3
953.0,248.6087,239,1.5,B4,D5,D5,B4,A5,B3,D3,D2,D3
953.5,248.7391,239,1.75,B4,D5,D5,B4,F#5,B3,D3,D2,D3
954.0,248.8696,239,2.0,r,G5,G5,r,G5,E4,E3,E2,E3
954.5,249.0,239,2.25,r,G5,G5,r,F#5,E4,E3,E2,E3
955.0,249.1304,239,2.5,G5,G5,G5,G5,G5,D4,B2,B1,B2
955.5,249.2609,239,2.75,G5,G5,G5,G5,D5,D4,B2,B1,B2
956.0,249.3913,240,1.0,A5,G5,G5,A5,E5,C4,C3,C2,C3
956.5,249.5217,240,1.25,B5,G5,G5,B5,D5,C4,C3,C2,C3
957.0,249.6522,240,1.5,A5,F#5,F#5,A5,C5,C4,A2,A1,A2
957.5,249.7826,240,1.75,B5,G5,G5,B5,B4,C4,A2,A1,A2
958.0,249.913,240,2.0,C6,A5,A5,C6,A4,C4,D3,D2,D3
958.5,250.0435,240,2.25,D6,A5,A5,D6,B4,F#4,D3,D2,D3
959.0,250.1739,240,2.5,B5,G5,G5,B5,C5,G4,A2,A1,A2
959.5,250.3043,240,2.75,C6,F#5,F#5,C6,C5,A4,A2,A1,A2
960.0,250.4348,241,1.0,D6,G5,G5,D6,B4,D4,D3,D2,D3
960.5,250.5652,241,1.25,D6,G5,G5,D6,C5,D4,D3,D2,D3
961.0,250.6957,241,1.5,F#5,D5,D5,F#5,D5,B4,B3,B2,B3
961.5,250.8261,241,1.75,F#5,D5,D5,F#5,C5,B4,B3,B2,B3
962.0,250.9565,241,2.0,G5,E5,E5,G5,B4,E4,G3,G2,G3
962.5,251.087,241,2.25,G5,E5,E5,G5,A4,E4,G3,G2,G3
963.0,251.2174,241,2.5,G5,B4,B4,G5,G4,G4,E3,E2,E3
963.5,251.3478,241,2.75,G5,B4,B4,G5,F#4,G4,E3,E2,E3
964.0,251.4783,242,1.0,G5,C5,C5,G5,E4,A4,A2,A1,A2
964.5,251.6087,242,1.25,A5,C5,C5,A5,D5,A4,A2,A1,A2
965.0,251.7391,242,1.5,F#5,A4,A4,F#5,C5,E4,A3,A2,A3
965.5,251.8696,242,1.75,G5,A4,A4,G5,B4,E4,A3,A2,A3
966.0,252.0,242,2.0,A5,D5,D5,A5,A4,F#4,F#3,F#2,F#3
966.5,252.1304,242,2.25,G5,D5,D5,G5,B4,F#4,F#3,F#2,F#3
967.0,252.2609,242,2.5,A5,A4,A4,A5,C5,A4,D3,D2,D3
967.5,252.3913,242,2.75,F#5,A4,A4,F#5,D5,A4,D3,D2,D3
968.0,252.5217,243,1.0,G5,B4,B4,G5,B4,D4,G3,G2,G3
969.0,252.7826,243,1.5,G5,B4,B4,G5,B4,D4,C3,C2,C3
969.5,252.913,243,1.75,A5,C5,C5,A5,A4,E4,C3,C2,C3
970.0,253.0435,243,2.0,F#5,A4,A4,F#5,A4,D4,D3,D2,D3
971.0,253.3043,243,2.5,F#5,A4,A4,F#5,A4,D4,D2,D1,D2
971.5,253.4348,243,2.75,G5,G4,G4,G5,B4,D4,D2,D1,D2
972.0,253.5652,244,1.0,G5,G4,G4,G5,B4,D4,G2,G1,G2
