id	path	name	scores	imslp_link	composer_id
1	Bach,_Johann_Sebastian/B_Minor_Mass,_BWV.232	Mass in B minor, BMV 232	24	https://imslp.org/wiki/Mass_in_B_minor,_BWV_232_(Bach,_Johann_Sebastian)	1339
2	Bach,_Johann_Sebastian/Brandenburg_Concerto_No.3,_BWV.1048	Brandenburg Concerto No.3 in G major, BMV 1048	3	https://imslp.org/wiki/Brandenburg_Concerto_No.3_in_G_major,_BWV_1048_(Bach,_Johann_Sebastian)	1339
3	Bach,_Johann_Sebastian/Brandenburg_Concerto_No.4,_BWV.1049	Brandenburg Concerto No.4 in G major, BMV 1049	3	https://imslp.org/wiki/Brandenburg_Concerto_No.4_in_G_major,_BWV_1049_(Bach,_Johann_Sebastian)	1339
4	Beach,_Amy/Symphony_in_E_minor_(Gaelic),_Op.32	Symphony in E minor, Op. 32 "Gaelic"	4	"https://imslp.org/wiki/Symphony_in_E_minor,_Op.32_'Gaelic'_(Beach,_Amy_Marcy)"	235699
5	Beethoven,_Ludwig_van/Symphony_No.1,_Op.21	Symphony No.1, Op.21	4	https://imslp.org/wiki/Symphony_No.1,_Op.21_(Beethoven,_Ludwig_van)	255
6	Beethoven,_Ludwig_van/Symphony_No.2,_Op.36	Symphony No.2, Op.36	4	https://imslp.org/wiki/Symphony_No.2,_Op.36_(Beethoven,_Ludwig_van)	255
7	Beethoven,_Ludwig_van/Symphony_No.3,_Op.55	Symphony No.3, Op.55	4	https://imslp.org/wiki/Symphony_No.3,_Op.55_(Beethoven,_Ludwig_van)	255
8	Beethoven,_Ludwig_van/Symphony_No.4,_Op.60	Symphony No.4, Op.60	4	https://imslp.org/wiki/Symphony_No.4,_Op.60_(Beethoven,_Ludwig_van)	255
9	Beethoven,_Ludwig_van/Symphony_No.5,_Op.67	Symphony No.5, Op.67	4	https://imslp.org/wiki/Symphony_No.5,_Op.67_(Beethoven,_Ludwig_van)	255
10	Beethoven,_Ludwig_van/Symphony_No.6,_Op.68	Symphony No.6, Op.68	5	https://imslp.org/wiki/Symphony_No.6,_Op.68_(Beethoven,_Ludwig_van)	255
11	Beethoven,_Ludwig_van/Symphony_No.7,_Op.92	Symphony No.7, Op.92	4	https://imslp.org/wiki/Symphony_No.7,_Op.92_(Beethoven,_Ludwig_van)	255
12	Beethoven,_Ludwig_van/Symphony_No.8,_Op.93	Symphony No.8, Op.93	4	https://imslp.org/wiki/Symphony_No.8,_Op.93_(Beethoven,_Ludwig_van)	255
13	Beethoven,_Ludwig_van/Symphony_No.9,_Op.125	Symphony No.9, Op.125	4	https://imslp.org/wiki/Symphony_No.9,_Op.125_(Beethoven,_Ludwig_van)	255
14	Boulanger,_Lili/D'un_matin_de_printemps	D'un_matin_de_printemps	1	"https://imslp.org/wiki/D'un_matin_de_printemps_(Boulanger,_Lili)"	230412
15	Brahms,_Johannes/Ein_Deutsches_Requiem	Ein Deutsches Requiem, Op.45	1	https://imslp.org/wiki/Ein_deutsches_Requiem,_Op.45_(Brahms,_Johannes)	7294
16	Brahms,_Johannes/Symphony_No.1,_Op.68	Symphony No.1, Op.68	4	https://imslp.org/wiki/Symphony_No.1,_Op.68_(Brahms,_Johannes)	7294
17	Brahms,_Johannes/Symphony_No.2,_Op.73	Symphony No.2, Op.73	4	https://imslp.org/wiki/Symphony_No.2,_Op.73_(Brahms,_Johannes)	7294
18	Brahms,_Johannes/Symphony_No.3,_Op.90	Symphony No.3, Op.90	4	https://imslp.org/wiki/Symphony_No.3,_Op.90_(Brahms,_Johannes)	7294
19	Brahms,_Johannes/Symphony_No.4,_Op.98	Symphony No.4, Op.98	4	https://imslp.org/wiki/Symphony_No.4,_Op.98_(Brahms,_Johannes)	7294
20	Bruckner,_Anton/Symphony_No.5,_WAB.105	Symphony No.5, WAB.105	5	https://imslp.org/wiki/Symphony_No.5_in_B-flat_major,_WAB_105_(Bruckner,_Anton)	81752