qstamp,tstamp,measure,beat,Traverso 1,Traverso 2,Oboe d’amore 1,Oboe d’amore 2,Bassoon,Violin 1,Violin 2,Viola,Soprano 1,Soprano 2,Alto,Tenor,Bass,Continuo
0.0,0.0,1,1.0,D5,B4,D5,B4,B2,D6,F#5,B4,D5,B4,F#4,B3,B2,B2
1.5,2.1429,1,2.5,D5,B4,D5,B4,B2,D6,F#5,B4,D5,B4,F#4,A3,B2,B2
2.0,2.8571,1,3.0,E5,B4,E5,B4,C#3,C#6,E5,G4,E5,B4,E4,G3,C#3,C#3
2.5,3.5714,1,3.5,E5,B-4,E5,B-4,C#3,C#6,E5,G4,E5,B-4,E4,G3,C#3,C#3
3.0,4.2857,1,4.0,r,r,r,r,r,r,r,r,r,C#5,r,r,r,r
3.5,5.0,1,4.5,r,r,r,r,r,r,r,r,r,E5,r,r,r,r
4.0,5.7143,2,1.0,F#5,A4,F#5,A4,E-3,F#5,A4,E-4,F#5,A4,r,F#3,E-3,E-3
4.5,6.4286,2,1.5,F#5,C5,F#5,C5,E-3,F#5,A4,E-4,F#5,C5,A4,A3,E-3,E-3
5.0,7.1429,2,2.0,F#5,C5,F#5,C5,E-3,F#5,A4,E-4,F#5,C5,F#4,E-4,E-3,E-3
5.5,7.8571,2,2.5,F#5,B4,F#5,B4,E-3,B5,F#5,B3,F#5,B4,E-4,F#4,E-3,E-3
6.0,8.5714,2,3.0,F#5,G4,F#5,G4,E3,B5,G5,B4,F#5,G4,B3,G4,E3,E3
6.5,9.2857,2,3.5,E5,G4,E5,G4,E3,B5,G5,B4,B4,G4,B3,G4,E3,E3
7.0,10.0,2,4.0,r,r,r,r,r,r,r,r,E5,r,r,r,r,r
7.5,10.7143,2,4.5,r,r,r,r,r,r,r,r,G5,r,r,r,r,r
8.0,11.4286,3,1.0,G5,C#5,G5,C#5,B-3,C#6,C#5,E4,G5,r,C#5,E4,B-3,B-3
8.5,12.1429,3,1.5,F#5,C#5,F#5,C#5,B-3,C#6,F#5,C#4,F#5,F#4,C#5,C#4,B-3,B-3
9.0,12.8571,3,2.0,F#5,C#5,F#5,C#5,B-3,C#6,F#5,C#4,F#5,B-4,C#5,C#4,B-3,B-3
9.5,13.5714,3,2.5,E5,C#5,E5,C#5,B-3,C#6,F#5,C#5,E5,C#5,F#4,B-3,B-3,B-3
10.0,14.2857,3,3.0,D5,B4,D5,B4,B3,D6,F#5,F#4,D5,D5,F#4,F#3,B3,B3
10.5,15.0,3,3.5,E5,B4,E5,B4,B3,D6,F#5,F#4,E5,C#5,G4,F#3,B3,B3
10.75,15.3571,3,3.75,E5,B4,E5,B4,B3,D6,F#5,F#4,E5,B4,G4,F#3,B3,B3
11.0,15.7143,3,4.0,F#5,r,F#5,r,r,r,r,r,F#5,C#5,A4,r,r,r
11.5,16.4286,3,4.5,F#5,C#5,F#5,C#5,A3,F#5,A4,F#4,F#5,F#5,A4,C#4,A3,A3
12.0,17.1429,4,1.0,F#5,B4,F#5,B4,G3,B5,D5,G4,F#5,B4,D4,D4,G3,G3
12.25,17.5,4,1.25,F#5,B4,F#5,B4,G3,A5,D5,F#4,F#5,B4,D4,D4,G3,G3
12.5,17.8571,4,1.5,E5,B-4,E5,B-4,G3,G5,E5,G4,E5,B4,G4,C#4,G3,G3
12.75,18.2143,4,1.75,D5,B-4,D5,B-4,G3,F#5,F#5,G4,D5,B4,G4,C#4,G3,G3
13.0,18.5714,4,2.0,E5,B4,E5,B4,G3,E5,G5,B3,E5,B4,G4,B3,G3,G3
13.25,18.9286,4,2.25,E5,B4,E5,B4,G3,D5,G5,B3,E5,B4,F#4,B3,G3,G3
13.5,19.2857,4,2.5,E5,C#5,E5,C#5,G3,C#5,E5,G4,E5,C#5,G4,B3,G3,G3
13.75,19.6429,4,2.75,E5,C#5,E5,C#5,G3,B4,E5,G4,E5,C#5,G4,B3,G3,G3
14.0,20.0,4,3.0,F#5,B-4,F#5,B-4,F#3,C#5,B-4,C#4,F#5,B-4,C#4,F#4,F#3,F#3
16.0,22.8571,5,1.0,B4,r,B4,r,B2,B4,D5,F#4,r,r,r,r,r,B2
16.75,23.6607,5,1.75,B4,r,B4,r,B2,B4,D5,F#4,r,r,r,r,r,B2
17.0,23.9286,5,2.0,B4,r,B4,r,D3,B5,D5,F#4,r,r,r,r,r,D3
17.5,24.4643,5,2.5,B4,r,B4,r,D3,B5,D5,F#4,r,r,r,r,r,D3
18.0,25.0,5,3.0,C#5,r,C#5,r,E3,B5,C#5,G4,r,r,r,r,r,E3
18.5,25.5357,5,3.5,G4,r,G4,r,E3,B5,D5,G4,r,r,r,r,r,E3
19.0,26.0714,5,4.0,F#4,r,F#4,r,F#3,B-5,E5,C#4,r,r,r,r,r,F#3
19.5,26.6071,5,4.5,C#5,r,C#5,r,F#3,B-5,E5,F#4,r,r,r,r,r,F#3
20.0,27.1429,6,1.0,D5,r,D5,r,B2,B5,D5,F#4,r,r,r,r,r,B2
20.5,27.6786,6,1.5,G4,r,G4,r,B2,B5,E5,E4,r,r,r,r,r,B2
21.0,28.2143,6,2.0,F#4,r,F#4,r,A3,B5,F#5,E-4,r,r,r,r,r,A3
21.5,28.75,6,2.5,E-5,r,E-5,r,A3,B5,F#5,F#4,r,r,r,r,r,A3
22.0,29.2857,6,3.0,E5,r,E5,r,G3,B5,E5,B3,r,r,r,r,r,G3
22.25,29.5536,6,3.25,D5,r,D5,r,G3,B5,E5,B3,r,r,r,r,r,G3
22.5,29.8214,6,3.5,C5,r,C5,r,E3,B5,G4,E4,r,r,r,r,r,E3
23.0,30.3571,6,4.0,C5,r,C5,r,F#3,E5,G4,E4,r,r,r,r,r,F#3
23.25,30.625,6,4.25,B4,r,B4,r,F#3,E5,G4,D4,r,r,r,r,r,F#3
23.5,30.8929,6,4.5,B-4,r,B-4,r,G3,E5,F#4,C#4,r,r,r,r,r,G3
23.75,31.1607,6,4.75,B4,r,B4,r,G3,E5,E4,B3,r,r,r,r,r,G3
24.0,31.4286,7,1.0,B-4,r,B-4,r,F#3,E5,C#5,F#4,r,r,r,r,r,F#3
24.5,31.9643,7,1.5,G5,r,G5,r,E3,B-4,C#4,F#4,r,r,r,r,r,E3
25.0,32.5,7,2.0,F#5,r,F#5,r,D3,B4,D4,r,r,r,r,r,r,D3
25.5,33.0357,7,2.5,E5,r,E5,r,C#3,C#5,E4,B-4,r,r,r,r,r,C#3
26.0,33.5714,7,3.0,D5,F#4,D5,F#4,B2,D5,F#4,B4,r,r,r,r,r,B2
26.5,34.1071,7,3.5,C#5,F#4,C#5,F#4,B2,D5,G#4,B4,r,r,r,r,r,B2
26.75,34.375,7,3.75,B4,F#4,B4,F#4,B2,D5,G#4,B4,r,r,r,r,r,B2
27.0,34.6429,7,4.0,F#5,F#4,F#5,F#4,A2,C#5,A4,C#5,r,r,r,r,r,A2
27.5,35.1786,7,4.5,F#5,F#4,F#5,F#4,A2,C#5,F#4,C#5,r,r,r,r,r,A2
28.0,35.7143,8,1.0,F#5,G#4,F#5,G#4,B2,B4,D5,G#4,r,r,r,r,r,B2
28.5,36.25,8,1.5,F#5,r,F#5,D4,B2,B4,B4,G#4,r,r,r,r,r,B2
29.0,36.7857,8,2.0,F5,r,F5,C#4,C#3,B4,G#4,G#4,r,r,r,r,r,C#3
29.5,37.3214,8,2.5,F5,G#4,F5,G#4,C#3,B4,C#5,G#4,r,r,r,r,r,C#3
30.0,37.8571,8,3.0,F#5,A4,F#5,A4,F#2,A4,C#5,F#4,r,r,r,r,r,F#2
30.5,38.3929,8,3.5,F#5,r,F#5,D4,F#2,G#4,C#5,F#4,r,r,r,r,r,F#2
31.0,38.9286,8,4.0,F#5,r,F#5,C#4,E3,B-4,C#5,F#4,r,r,r,r,r,E3
31.5,39.4643,8,4.5,F#5,B-4,F#5,B-4,E3,C#5,C#5,F#4,r,r,r,r,r,E3
32.0,40.0,9,1.0,F#5,B4,F#5,B4,D3,F#5,B4,F#4,r,r,r,r,r,D3
32.25,40.2679,9,1.25,F#5,A4,F#5,A4,D3,F#5,B4,F#4,r,r,r,r,r,D3
32.5,40.5357,9,1.5,E5,G4,E5,G4,B2,B-4,C#5,G4,r,r,r,r,r,B2
33.0,41.0714,9,2.0,D5,G4,D5,G4,B3,B4,D5,G4,r,r,r,r,r,B3
33.25,41.3393,9,2.25,D5,F#4,D5,F#4,B3,B4,D5,G4,r,r,r,r,r,B3
33.5,41.6071,9,2.5,C#5,F4,C#5,F4,C#4,B4,D5,A4,r,r,r,r,r,C#4
33.75,41.875,9,2.75,C#5,F#4,C#5,F#4,C#4,B4,D5,A4,r,r,r,r,r,C#4
34.0,42.1429,9,3.0,B4,F4,B4,F4,D4,B4,G#4,B4,r,r,r,r,r,D4
34.5,42.6786,9,3.5,B4,D5,B4,D5,D4,A4,G#4,B4,r,r,r,r,r,D4
35.0,43.2143,9,4.0,G#5,C#5,G#5,C#5,F3,G#4,G#4,C#5,r,r,r,r,r,F3
35.5,43.75,9,4.5,G#5,B4,G#5,B4,F3,C#5,G#4,C#5,r,r,r,r,r,F3
36.0,44.2857,10,1.0,G#5,A4,G#5,A4,F#3,C#5,A4,C#4,r,r,r,r,r,F#3
36.5,44.8214,10,1.5,C#5,G#4,C#5,G#4,G#3,B4,B4,C#4,r,r,r,r,r,G#3
36.75,45.0893,10,1.75,C#5,F#4,C#5,F#4,G#3,B4,B4,C#4,r,r,r,r,r,G#3
37.0,45.3571,10,2.0,F#5,C#5,F#5,C#5,A3,A4,C#5,r,r,r,r,r,r,A3
37.5,45.8929,10,2.5,E5,C#5,E5,C#5,F#3,C#5,A4,A3,r,r,r,r,r,F#3
38.0,46.4286,10,3.0,D5,C#5,D5,C#5,B3,D5,F#4,B3,r,r,r,r,r,B3
38.5,46.9643,10,3.5,D5,F#4,D5,F#4,A3,C#5,F#4,B3,r,r,r,r,r,A3
39.0,47.5,10,4.0,D5,B4,D5,B4,G#3,B4,F4,r,r,r,r,r,r,G#3
39.5,48.0357,10,4.5,D5,A4,D5,A4,F#3,B4,F#4,D4,r,r,r,r,r,F#3
40.0,48.5714,11,1.0,D5,G#4,D5,G#4,F3,B4,G#4,G#3,r,r,r,r,r,F3
40.5,49.1071,11,1.5,G#4,G#4,G#4,G#4,E-3,B4,G#4,G#3,r,r,r,r,r,E-3
41.0,49.6429,11,2.0,C#5,G#4,C#5,G#4,F3,C#5,G#4,r,r,r,r,r,r,F3
41.5,50.1786,11,2.5,B4,G#4,B4,G#4,C#3,C#5,G#4,F4,r,r,r,r,r,C#3
42.0,50.7143,11,3.0,A4,G#4,A4,G#4,F#3,C#5,A4,C#4,r,r,r,r,r,F#3
42.5,51.25,11,3.5,A4,G#4,A4,C#4,E3,C#5,G#4,C#4,r,r,r,r,r,E3
43.0,51.7857,11,4.0,A4,F#4,A4,F#4,D3,B4,F#4,r,r,r,r,r,r,D3
43.5,52.3214,11,4.5,A4,E4,A4,E4,C#3,C#5,F#4,C#4,r,r,r,r,r,C#3
44.0,52.8571,12,1.0,A4,D4,A4,D4,B2,D5,F#4,F#3,r,r,r,r,r,B2
44.5,53.3929,12,1.5,F5,G#4,F5,D4,B2,G#4,B3,F#3,r,r,r,r,r,B2
45.0,53.9286,12,2.0,F#5,A4,F#5,C#4,C#3,A4,A3,r,r,r,r,r,r,C#3
45.5,54.4643,12,2.5,A4,F#4,A4,C#4,C#3,F#5,A4,C#4,r,r,r,r,r,C#3
46.0,55.0,12,3.0,G#4,B4,G#4,B3,D3,F5,B4,G#4,r,r,r,r,r,D3
46.5,55.5357,12,3.5,F5,G#4,F5,G#4,D3,B4,B4,G#4,r,r,r,r,r,D3
47.0,56.0714,12,4.0,F#5,A4,F#5,A4,C#3,A4,C#5,r,r,r,r,r,r,C#3
47.5,56.6071,12,4.5,G#5,B4,G#5,B4,B2,G#4,F4,D4,r,r,r,r,r,B2
48.0,57.1429,13,1.0,C#5,C#5,C#5,C#5,A2,F#4,F#4,C#4,r,r,r,r,r,A2
48.5,57.6786,13,1.5,F4,D5,F4,D5,G#2,B4,F#4,C#4,r,r,r,r,r,G#2
49.0,58.2143,13,2.0,F#4,C#5,F#4,C#5,A2,A4,r,r,r,r,r,r,r,A2
49.5,58.75,13,2.5,D5,F#4,D5,F#4,B2,G#4,D5,F#4,r,r,r,r,r,B2
50.0,59.2857,13,3.0,A4,F#4,A4,F#4,C#3,A4,C#5,C#4,r,r,r,r,r,C#3
50.5,59.8214,13,3.5,G#4,F4,G#4,F4,C#3,B4,D5,B3,r,r,r,r,r,C#3
50.75,60.0893,13,3.75,G#4,F4,G#4,F4,C#3,C#5,C#5,A3,r,r,r,r,r,C#3
51.0,60.3571,13,4.0,G#4,F4,G#4,F4,C#3,D5,B4,G#3,r,r,r,r,r,C#3
51.5,60.8929,13,4.5,A4,F#4,A4,F#4,C#3,C#5,A4,C#4,r,r,r,r,r,C#3
52.0,61.4286,14,1.0,B4,G#4,B4,G#4,C#3,B4,G#4,F4,r,r,r,r,r,C#3
52.5,61.9643,14,1.5,D5,B4,D5,B4,C#3,F5,G#4,G#3,r,r,r,r,r,C#3
53.0,62.5,14,2.0,C#5,A4,C#5,A4,C#3,F#5,A4,C#4,r,r,r,r,r,C#3
53.5,63.0357,14,2.5,B4,G#4,B4,G#4,C#3,G#5,B4,F4,r,r,r,r,r,C#3
54.0,63.5714,14,3.0,A4,F#4,A4,F#4,C#3,C#5,C#5,A4,r,r,r,r,r,C#3
54.5,64.1071,14,3.5,A4,D5,A4,D5,B2,F#5,D5,F#4,r,r,r,r,r,B2
55.0,64.6429,14,4.0,G#4,C#5,G#4,C#5,C#3,F#5,G#4,C#4,r,r,r,r,r,C#3
55.5,65.1786,14,4.5,G#4,B4,G#4,B4,C#2,F5,C#5,C#4,r,r,r,r,r,C#2
56.0,65.7143,15,1.0,F#4,B4,F#4,B4,F#2,F#5,C#5,C#4,r,r,r,r,r,F#2
56.5,66.25,15,1.5,F#4,A4,F#4,A4,F#3,F#5,F#4,C#4,r,r,r,r,r,F#3
56.75,66.5179,15,1.75,F#4,B4,F#4,B4,F#3,F#5,G4,C#4,r,r,r,r,r,F#3
57.0,66.7857,15,2.0,r,C5,r,C5,F#3,F#5,A4,r,r,r,r,r,r,F#3
57.5,67.3214,15,2.5,r,C5,r,C5,G3,E5,A4,G4,r,r,r,r,r,G3
57.75,67.5893,15,2.75,r,C5,r,C5,A3,E5,A4,G4,r,r,r,r,r,A3
58.0,67.8571,15,3.0,r,C5,r,C5,B3,E-5,A4,F#4,r,r,r,r,r,B3
58.5,68.3929,15,3.5,r,E4,r,E4,B3,C#5,G4,F#4,r,r,r,r,r,B3
59.0,68.9286,15,4.0,F#5,E-4,F#5,E-4,B2,B4,F#4,r,r,r,r,r,r,B2
59.5,69.4643,15,4.5,F#5,A4,F#5,A4,B2,B4,E4,E-4,r,r,r,r,r,B2
59.75,69.7321,15,4.75,F#5,A4,F#5,A4,B2,B4,F#4,E-4,r,r,r,r,r,B2
60.0,70.0,16,1.0,F#5,G4,F#5,G4,E3,B4,G4,B3,r,r,r,r,r,E3
60.5,70.5357,16,1.5,E5,G4,E5,G4,E3,C#5,A4,B3,r,r,r,r,r,E3
60.75,70.8036,16,1.75,F#5,G4,F#5,G4,E3,E-5,A4,B3,r,r,r,r,r,E3
61.0,71.0714,16,2.0,G5,r,G5,r,E3,E5,B4,r,r,r,r,r,r,E3
61.5,71.6071,16,2.5,G5,r,G5,r,D3,E5,E5,G4,r,r,r,r,r,D3
61.75,71.875,16,2.75,G5,r,G5,r,E3,E5,E5,G4,r,r,r,r,r,E3
62.0,72.1429,16,3.0,G5,r,G5,r,F#3,E5,B-4,C#4,r,r,r,r,r,F#3
62.5,72.6786,16,3.5,B4,r,B4,r,F#3,D5,B4,C#4,r,r,r,r,r,F#3
62.75,72.9464,16,3.75,B4,r,B4,r,F#3,D5,C#5,C#4,r,r,r,r,r,F#3
63.0,73.2143,16,4.0,B-4,C#5,B-4,C#5,F#2,C#5,F#4,r,r,r,r,r,r,F#2
63.5,73.75,16,4.5,E5,C#5,E5,C#5,F#2,B4,F#4,B-3,r,r,r,r,r,F#2
63.75,74.0179,16,4.75,E5,C#5,E5,C#5,F#2,C#5,F#4,B-3,r,r,r,r,r,F#2
64.0,74.2857,17,1.0,D5,C#5,D5,C#5,B2,D5,F#4,B3,r,r,r,r,r,B2
64.5,74.8214,17,1.5,D5,B4,D5,B4,B2,E5,G#4,B3,r,r,r,r,r,B2
64.75,75.0893,17,1.75,D5,C#5,D5,C#5,B2,F#5,B-4,B3,r,r,r,r,r,B2
65.0,75.3571,17,2.0,r,D5,r,D5,B2,B4,B4,r,r,r,r,r,r,B2
65.5,75.8929,17,2.5,r,D5,r,D5,A2,B5,B4,D4,r,r,r,r,r,A2
65.75,76.1607,17,2.75,r,D5,r,D5,B2,B5,B4,D4,r,r,r,r,r,B2
66.0,76.4286,17,3.0,r,D5,r,D5,C#3,F5,B4,G#3,r,r,r,r,r,C#3
66.5,76.9643,17,3.5,r,F#4,r,F#4,C#3,F#5,A4,G#3,r,r,r,r,r,C#3
66.75,77.2321,17,3.75,r,F#4,r,F#4,C#3,G#5,A4,G#3,r,r,r,r,r,C#3
67.0,77.5,17,4.0,G#5,F4,G#5,F4,C#2,C#5,G#4,r,r,r,r,r,r,C#2
67.5,78.0357,17,4.5,G#5,B4,G#5,B4,C#2,C#5,F#4,F4,r,r,r,r,r,C#2
67.75,78.3036,17,4.75,G#5,B4,G#5,B4,C#2,C#5,G#4,F4,r,r,r,r,r,C#2
68.0,78.5714,18,1.0,G#5,A4,G#5,A4,F#2,C#5,A4,C#4,r,r,r,r,r,F#2
68.25,78.8393,18,1.25,G#5,A4,G#5,A4,F#2,B4,A4,C#4,r,r,r,r,r,F#2
68.5,79.1071,18,1.5,F#5,A4,F#5,A4,F#2,A4,A4,C#4,r,r,r,r,r,F#2
68.75,79.375,18,1.75,G#5,A4,G#5,A4,F#2,G#4,A4,C#4,r,r,r,r,r,F#2
69.0,79.6429,18,2.0,A5,r,A5,r,F#2,F#4,A4,r,r,r,r,r,r,F#2
69.5,80.1786,18,2.5,A5,r,A5,r,G2,F#4,B4,E4,r,r,r,r,r,G2
69.75,80.4464,18,2.75,A5,r,A5,r,A2,F#4,C5,E4,r,r,r,r,r,A2
70.0,80.7143,18,3.0,A5,r,A5,r,B2,F#4,E-4,B3,r,r,r,r,r,B2
70.5,81.25,18,3.5,C5,r,C5,r,B2,E5,G4,B3,r,r,r,r,r,B2
71.0,81.7857,18,4.0,B4,E-5,B4,E-5,B3,E-5,F#4,r,r,r,r,r,r,B3
71.5,82.3214,18,4.5,A5,E-5,A5,E-5,B3,F#5,B4,E-4,r,r,r,r,r,B3
72.0,82.8571,19,1.0,G#5,E5,G#5,E5,E3,G#5,B4,B3,r,r,r,r,r,E3
72.5,83.3929,19,1.5,D5,B4,D5,B4,E3,G#5,B4,B3,r,r,r,r,r,E3
73.0,83.9286,19,2.0,C#5,B-4,C#5,B-4,r,r,r,r,r,r,r,r,r,r
73.5,84.4643,19,2.5,B-5,C#5,B-5,C#5,E3,G5,C#5,E4,r,r,r,r,r,E3
74.0,85.0,19,3.0,B5,F#4,B5,F#4,D3,F#5,D5,F#4,r,r,r,r,r,D3
74.5,85.5357,19,3.5,F#5,B4,F#5,B4,D3,F#5,D5,F#4,r,r,r,r,r,D3
75.0,86.0714,19,4.0,F5,C#5,F5,C#5,r,r,r,r,r,r,r,r,r,r
75.5,86.6071,19,4.5,B5,F4,B5,F4,C#3,G#5,G#4,F4,r,r,r,r,r,C#3
76.0,87.1429,20,1.0,B-5,F#4,B-5,F#4,F#3,B-5,F#4,C#4,r,r,r,r,r,F#3
76.5,87.6786,20,1.5,E5,B-4,E5,B-4,F#3,B-5,F#4,C#4,r,r,r,r,r,F#3
77.0,88.2143,20,2.0,E-5,B4,E-5,B4,r,r,r,r,r,r,r,r,r,r
77.5,88.75,20,2.5,A5,E-4,A5,E-4,B2,F#5,B4,E-4,r,r,r,r,r,B2
78.0,89.2857,20,3.0,G#5,E4,G#5,E4,E3,G#5,B4,B3,r,r,r,r,r,E3
78.5,89.8214,20,3.5,D5,G#4,D5,G#4,E3,G#5,B4,B3,r,r,r,r,r,E3
79.0,90.3571,20,4.0,C#5,A4,C#5,A4,r,r,r,r,r,r,r,r,r,r
79.5,90.8929,20,4.5,G5,E4,G5,E4,A2,E5,A4,C#4,r,r,r,r,r,A2
80.0,91.4286,21,1.0,F#5,D4,F#5,D4,D3,F#5,A4,A3,r,r,r,r,r,D3
80.5,91.9643,21,1.5,B-4,F#4,B-4,F#4,D3,F#5,A4,A3,r,r,r,r,r,D3
81.0,92.5,21,2.0,B4,B4,B4,B4,r,r,r,r,r,r,r,r,r,r
81.5,93.0357,21,2.5,D5,B4,D5,B4,G3,F#5,B4,G3,r,r,r,r,r,G3
82.0,93.5714,21,3.0,E5,B4,E5,B4,C#3,E5,C#5,G4,r,r,r,r,r,C#3
82.5,94.1071,21,3.5,G4,B4,G4,B4,C#3,E5,C#5,G4,r,r,r,r,r,C#3
83.0,94.6429,21,4.0,F#4,B-4,F#4,B-4,r,r,r,r,r,r,r,r,r,r
83.5,95.1786,21,4.5,E5,C#5,E5,C#5,F#3,C#5,B-4,C#4,r,r,r,r,r,F#3
84.0,95.7143,22,1.0,D5,C#5,D5,C#5,B2,D5,F#4,B3,r,r,r,r,r,B2
84.5,96.25,22,1.5,D5,F#4,D5,F#4,B2,D5,F#4,B3,r,r,r,r,r,B2
84.75,96.5179,22,1.75,D5,F#4,D5,F#4,B2,D5,F#4,B3,r,r,r,r,r,B2
85.0,96.7857,22,2.0,D5,B4,D5,B4,B2,D5,F#4,r,r,r,r,r,r,B2
85.5,97.3214,22,2.5,E5,B4,E5,B4,B2,D5,E4,G4,r,r,r,r,r,B2
85.75,97.5893,22,2.75,F#5,B4,F#5,B4,B2,D5,D4,G4,r,r,r,r,r,B2
86.0,97.8571,22,3.0,E5,B4,E5,B4,C#3,C#5,E4,G4,r,r,r,r,r,C#3
86.5,98.3929,22,3.5,E5,B4,E5,B4,G2,C#5,E4,G4,r,r,r,r,r,G2
87.0,98.9286,22,4.0,E5,B-4,E5,B-4,F#2,C#5,E4,G4,r,r,r,r,r,F#2
87.5,99.4643,22,4.5,F#5,B-4,F#5,B-4,C#3,C#5,D4,F#4,r,r,r,r,r,C#3
87.75,99.7321,22,4.75,G5,B-4,G5,B-4,C#3,C#5,C#4,E4,r,r,r,r,r,C#3
88.0,100.0,23,1.0,F#5,B4,F#5,B4,D3,B4,F#4,D4,r,r,r,r,r,D3
88.5,100.5357,23,1.5,F#5,B4,F#5,B4,G2,B5,F#4,D4,r,r,r,r,r,G2
89.0,101.0714,23,2.0,F#5,B4,F#5,B4,F#2,A5,r,r,r,r,r,r,r,F#2
89.5,101.6071,23,2.5,G5,B4,G5,B4,E-3,G5,B4,B3,r,r,r,r,r,E-3
89.75,101.875,23,2.75,A5,B4,A5,B4,E-3,F#5,B4,B3,r,r,r,r,r,E-3
90.0,102.1429,23,3.0,G5,B4,G5,B4,E3,G5,B4,E4,r,r,r,r,r,E3
90.25,102.4107,23,3.25,G5,B4,G5,B4,D3,G5,B4,E4,r,r,r,r,r,D3
90.5,102.6786,23,3.5,G5,A4,G5,A4,C3,F#5,B4,E4,r,r,r,r,r,C3
91.0,103.2143,23,4.0,G5,G4,G5,G4,C3,E5,r,r,r,r,r,r,r,C3
91.25,103.4821,23,4.25,G5,G4,G5,G4,B2,E5,r,r,r,r,r,r,r,B2
91.5,103.75,23,4.5,G5,F#4,G5,F#4,B-2,D5,D4,B4,r,r,r,r,r,B-2
91.75,104.0179,23,4.75,G5,F#4,G5,F#4,B2,D5,D4,B4,r,r,r,r,r,B2
92.0,104.2857,24,1.0,G5,E4,G5,E4,B-2,C#5,E4,C#5,r,r,r,r,r,B-2
92.5,104.8214,24,1.5,C#5,E4,C#5,E4,G#2,C#5,E4,C#5,r,r,r,r,r,G#2
93.0,105.3571,24,2.0,F#5,C#5,F#5,C#5,B-2,C#5,F#4,r,r,r,r,r,r,B-2
93.5,105.8929,24,2.5,E5,C#5,E5,C#5,F#2,B4,F#4,B-4,r,r,r,r,r,F#2
93.75,106.1607,24,2.75,E5,C#5,E5,C#5,F#2,C#5,F#4,B-4,r,r,r,r,r,F#2
94.0,106.4286,24,3.0,D5,C#5,D5,C#5,B2,D5,F#4,F#4,r,r,r,r,r,B2
94.5,106.9643,24,3.5,C#5,F#4,C#5,F#4,C#3,E5,E4,F#4,r,r,r,r,r,C#3
94.75,107.2321,24,3.75,B4,F#4,B4,F#4,C#3,E5,E4,F#4,r,r,r,r,r,C#3
95.0,107.5,24,4.0,F#5,B4,F#5,B4,D3,F#5,D4,r,r,r,r,r,r,D3
95.5,108.0357,24,4.5,F#5,A4,F#5,A4,B2,D5,F#4,D4,r,r,r,r,r,B2
96.0,108.5714,25,1.0,F#5,G4,F#5,G4,E3,B4,G4,E4,r,r,r,r,r,E3
96.5,109.1071,25,1.5,B4,G4,B4,G4,F#3,B4,F#4,E4,r,r,r,r,r,F#3
97.0,109.6429,25,2.0,E5,G4,E5,G4,G3,B4,E4,r,r,r,r,r,r,G3
97.5,110.1786,25,2.5,D5,G4,D5,G4,E3,B-4,E4,G4,r,r,r,r,r,E3
97.75,110.4464,25,2.75,D5,G4,D5,G4,E3,B4,E4,G4,r,r,r,r,r,E3
98.0,110.7143,25,3.0,C#5,G4,C#5,G4,B-3,C#5,E4,C#4,r,r,r,r,r,B-3
98.5,111.25,25,3.5,C#5,G4,C#5,C#4,G#3,C#5,E4,C#4,r,r,r,r,r,G#3
99.0,111.7857,25,4.0,C#5,F#4,C#5,F#4,B-3,C#5,F#4,r,r,r,r,r,r,B-3
99.5,112.3214,25,4.5,C#5,E4,C#5,E4,F#3,C#5,F#4,B-3,r,r,r,r,r,F#3
100.0,112.8571,26,1.0,C#5,D4,C#5,D4,B3,D5,F#4,F#3,r,r,r,r,r,B3
100.5,113.3929,26,1.5,F#4,D4,F#4,D4,A3,C#5,F#4,F#3,r,r,r,r,r,A3
101.0,113.9286,26,2.0,B4,D4,B4,D4,G3,B4,F#4,r,r,r,r,r,r,G3
101.5,114.4643,26,2.5,A4,D4,A4,D4,F#3,B4,E4,F#3,r,r,r,r,r,F#3
101.75,114.7321,26,2.75,A4,D4,A4,D4,F#3,B4,F#4,F#3,r,r,r,r,r,F#3
102.0,115.0,26,3.0,G4,D4,G4,D4,E3,B4,G4,B3,r,r,r,r,r,E3
102.5,115.5357,26,3.5,G4,B-4,G4,B-4,E3,C#4,E4,B3,r,r,r,r,r,E3
103.0,116.0714,26,4.0,F#4,B4,F#4,B4,F#3,D4,D4,r,r,r,r,r,r,F#3
103.5,116.6071,26,4.5,F#4,D4,F#4,D4,F#3,B4,D4,F#3,r,r,r,r,r,F#3
104.0,117.1429,27,1.0,E4,E4,E4,E4,G3,B-4,E4,C#4,r,r,r,r,r,G3
104.5,117.6786,27,1.5,C#5,B-4,C#5,B-4,G3,E5,E4,C#4,r,r,r,r,r,G3
105.0,118.2143,27,2.0,D5,B4,D5,B4,F#3,D5,F#4,r,r,r,r,r,r,F#3
105.5,118.75,27,2.5,E5,C#5,E5,C#5,E3,C#5,B-3,G3,r,r,r,r,r,E3
106.0,119.2857,27,3.0,F#5,F#4,F#5,F#4,D3,B4,B3,F#3,r,r,r,r,r,D3
106.5,119.8214,27,3.5,G5,E4,G5,B-3,C#3,E4,B3,F#3,r,r,r,r,r,C#3
107.0,120.3571,27,4.0,F#5,D4,F#5,B3,D3,D4,r,r,r,r,r,r,r,D3
107.5,120.8929,27,4.5,B4,G4,B4,G4,E3,C#4,G4,B3,r,r,r,r,r,E3
108.0,121.4286,28,1.0,B4,F#4,B4,D4,F#3,D4,F#4,F#3,r,r,r,r,r,F#3
108.5,121.9643,28,1.5,B-4,E4,B-4,C#4,F#3,E4,G4,E3,r,r,r,r,r,F#3
108.75,122.2321,28,1.75,B-4,E4,B-4,C#4,F#3,F#4,F#4,D3,r,r,r,r,r,F#3
109.0,122.5,28,2.0,B-4,E4,B-4,C#4,F#3,G4,E4,C#3,r,r,r,r,r,F#3
109.5,123.0357,28,2.5,B4,D4,B4,D4,F#3,F#4,D4,F#3,r,r,r,r,r,F#3
110.0,123.5714,28,3.0,C#5,E4,C#5,E4,F#3,E4,C#4,B-3,r,r,r,r,r,F#3
110.5,124.1071,28,3.5,E5,G4,E5,G4,F#3,B-4,C#4,C#3,r,r,r,r,r,F#3
111.0,124.6429,28,4.0,D5,F#4,D5,F#4,F#3,B4,D4,F#3,r,r,r,r,r,F#3
111.5,125.1786,28,4.5,C#5,E4,C#5,E4,F#3,C#5,E4,B-3,r,r,r,r,r,F#3
112.0,125.7143,29,1.0,B4,D4,B4,D4,F#3,D5,F#4,D4,r,r,r,r,r,F#3
112.5,126.25,29,1.5,B4,G4,B4,G4,E3,D5,G4,E4,r,r,r,r,r,E3
112.75,126.5179,29,1.75,B4,G4,B4,G4,E3,C#5,G4,E4,r,r,r,r,r,E3
113.0,126.7857,29,2.0,B-4,G4,B-4,C#4,F#3,C#5,G4,E4,r,r,r,r,r,F#3
113.5,127.3214,29,2.5,B-4,F#4,B-4,F#4,F#2,C#5,F#4,D4,r,r,r,r,r,F#2
113.75,127.5893,29,2.75,B-4,E4,B-4,F#4,F#2,B4,F#4,C#4,r,r,r,r,r,F#2
114.0,127.8571,29,3.0,B4,D4,B4,D4,B2,B4,F#4,D4,r,r,r,r,r,B2
114.5,128.3929,29,3.5,G4,E4,G4,E4,B2,C#5,C#4,B-3,r,r,r,r,r,B2
115.0,128.9286,29,4.0,F#4,D4,F#4,D4,B2,B4,D4,B3,r,r,r,r,r,B2
115.5,129.4643,29,4.5,E4,E4,E4,C#4,B2,B-4,E4,C#4,r,r,r,r,r,B2
116.0,130.0,30,1.0,D4,F#4,D4,B3,B2,B4,F#4,D4,r,r,r,B3,r,B2
116.75,130.8036,30,1.75,D4,F#4,D4,B3,B2,B4,F#4,D4,r,r,r,B3,r,B2
117.0,131.0714,30,2.0,r,r,B4,D4,r,r,r,r,r,r,r,B3,r,G2
117.5,131.6071,30,2.5,r,r,B4,D4,r,r,r,r,r,r,r,B3,r,G2
118.0,132.1429,30,3.0,r,r,B4,G4,r,r,r,r,r,r,r,C#4,r,E2
118.5,132.6786,30,3.5,r,r,B4,C#4,r,r,r,r,r,r,r,G3,r,E2
119.0,133.2143,30,4.0,r,r,B-4,C#4,r,r,r,r,r,r,r,F#3,r,F#2
119.5,133.75,30,4.5,r,r,B-4,F#4,r,r,r,r,r,r,r,C#4,r,F#2
120.0,134.2857,31,1.0,r,r,B4,F#4,r,r,r,r,r,r,r,D4,r,B2
120.5,134.8214,31,1.5,r,r,B4,E4,r,r,r,r,r,r,r,G3,r,B2
121.0,135.3571,31,2.0,r,r,B4,E-4,r,r,r,r,r,r,r,F#3,r,A3
121.5,135.8929,31,2.5,r,r,B4,F#4,r,r,r,r,r,r,r,E-4,r,A3
122.0,136.4286,31,3.0,r,r,B4,B3,r,r,r,r,r,r,r,E4,r,G3
122.25,136.6964,31,3.25,r,r,B4,B3,r,r,r,r,r,r,r,D4,r,G3
122.5,136.9643,31,3.5,r,r,B4,G4,r,r,r,r,r,r,r,C4,r,E3
123.0,137.5,31,4.0,r,r,E5,F#4,r,r,r,r,r,r,r,C4,r,F#3
123.25,137.7679,31,4.25,r,r,E5,F#4,r,r,r,r,r,r,r,B3,r,F#3
123.5,138.0357,31,4.5,r,r,E5,E4,r,r,r,r,r,r,r,B-3,r,G3
123.75,138.3036,31,4.75,r,r,E5,E4,r,r,r,r,r,r,r,B3,r,G3
124.0,138.5714,32,1.0,r,r,E5,F#4,r,r,r,r,r,r,r,B-3,r,F#3
124.5,139.1071,32,1.5,r,r,B-4,C#4,r,r,r,r,r,r,r,G4,r,E3
125.0,139.6429,32,2.0,r,r,B4,D4,r,r,r,r,r,r,r,F#4,r,D3
125.5,140.1786,32,2.5,r,r,C#5,E4,r,r,r,r,r,r,r,E4,r,C#3
126.0,140.7143,32,3.0,r,r,D5,F#4,r,r,r,r,r,r,F#4,D4,r,B2
126.5,141.25,32,3.5,r,r,D5,G#4,r,r,r,r,r,r,F#4,C#4,r,B2
126.75,141.5179,32,3.75,r,r,D5,G#4,r,r,r,r,r,r,F#4,B3,r,B2
127.0,141.7857,32,4.0,r,r,C#5,A4,r,r,r,r,r,r,F#4,F#4,r,A2
127.5,142.3214,32,4.5,r,r,C#5,A4,r,r,r,r,r,r,F#4,F#4,r,A2
128.0,142.8571,33,1.0,r,r,B4,G#4,r,r,r,r,r,r,G#4,F#4,r,B2
128.5,143.3929,33,1.5,r,r,B4,G#4,r,r,r,r,r,r,D4,F#4,r,B2
129.0,143.9286,33,2.0,r,r,B4,G#4,r,r,r,r,r,r,C#4,F4,r,C#3
129.5,144.4643,33,2.5,r,r,B4,G#4,r,r,r,r,r,r,G#4,F4,r,C#3
130.0,145.0,33,3.0,r,r,A4,F#4,r,r,r,r,r,r,A4,F#4,r,F#2
130.5,145.5357,33,3.5,r,r,B4,F#4,r,r,r,r,r,r,D4,F#4,r,F#2
131.0,146.0714,33,4.0,r,r,C#5,F#4,r,r,r,r,r,r,C#4,r,r,F#3
131.5,146.6071,33,4.5,r,r,C#5,F#4,r,r,r,r,r,r,B-4,E4,r,F#3
132.0,147.1429,34,1.0,r,r,D5,F#4,r,r,r,r,r,r,B4,D4,r,B2
132.25,147.4107,34,1.25,r,r,D5,F#4,r,r,r,r,r,r,A4,C#4,r,B2
132.5,147.6786,34,1.5,r,r,D5,B4,r,r,r,r,r,r,G4,D4,r,C#3
132.75,147.9464,34,1.75,r,r,D5,B-4,r,r,r,r,r,r,G4,C#4,r,C#3
133.0,148.2143,34,2.0,r,r,D5,B4,r,r,r,r,r,r,G4,B3,r,D3
133.25,148.4821,34,2.25,r,r,D5,B4,r,r,r,r,r,r,F#4,B3,r,D3
133.5,148.75,34,2.5,r,r,D5,A4,r,r,r,r,r,r,F4,B3,r,B2
133.75,149.0179,34,2.75,r,r,D5,A4,r,r,r,r,r,r,F#4,B3,r,B2
134.0,149.2857,34,3.0,r,r,D5,G#4,r,r,r,r,r,r,F4,B3,r,C#3
134.5,149.8214,34,3.5,r,r,F4,G#4,r,r,r,r,r,r,D5,B3,r,C#3
135.0,150.3571,34,4.0,r,r,F#4,A4,r,r,r,r,r,r,C#5,A3,r,C#2
135.5,150.8929,34,4.5,r,r,G#4,F4,r,r,r,r,r,r,B4,G#3,r,C#2
136.0,151.4286,35,1.0,r,r,A4,F#4,r,r,r,r,r,r,A4,F#3,r,F#2
136.5,151.9643,35,1.5,r,r,A4,F#4,r,r,r,r,r,r,G#4,G#3,r,F#2
136.75,152.2321,35,1.75,r,r,A4,F#4,r,r,r,r,r,r,F#4,G#3,r,F#2
137.0,152.5,35,2.0,r,r,A4,F#4,r,r,r,r,r,r,C5,A3,r,F#2
137.5,153.0357,35,2.5,r,r,A4,F#4,r,r,r,r,r,r,C5,F#3,r,G2
137.75,153.3036,35,2.75,r,r,A4,F#4,r,r,r,r,r,r,C5,F#3,r,A2
138.0,153.5714,35,3.0,r,r,A4,F#4,r,r,r,r,r,r,C5,E-4,r,B2
138.5,154.1071,35,3.5,r,r,G4,E-4,r,r,r,r,r,r,B4,E-4,r,B2
139.0,154.6429,35,4.0,r,r,G4,B3,r,r,r,r,r,r,B4,E-4,r,B3
139.5,155.1786,35,4.5,r,r,F#4,B3,r,r,r,r,r,r,A4,C#4,r,B3
139.75,155.4464,35,4.75,r,r,F#4,B3,r,r,r,r,r,r,A4,E-4,r,B3
140.0,155.7143,36,1.0,r,r,G4,B3,r,r,r,r,r,r,G4,E4,r,E3
140.5,156.25,36,1.5,r,r,G4,E4,r,r,r,r,r,r,G4,B3,r,E3
141.0,156.7857,36,2.0,r,r,E5,C#5,r,r,r,r,r,r,r,G4,r,E3
141.5,157.3214,36,2.5,r,r,E5,C#5,r,r,r,r,r,r,C#4,G4,r,F#3
141.75,157.5893,36,2.75,r,r,E5,C#5,r,r,r,r,r,r,C#4,G4,r,G3
142.0,157.8571,36,3.0,r,r,E5,C#5,r,r,r,r,r,r,B-4,G4,r,C#3
142.5,158.3929,36,3.5,r,r,D5,B-4,r,r,r,r,r,r,B-4,F#4,r,C#3
143.0,158.9286,36,4.0,r,r,D5,F#4,r,r,r,r,r,r,B-4,F#4,r,F#3
143.5,159.4643,36,4.5,r,r,C#5,F#4,r,r,r,r,r,r,G#4,E4,r,F#3
143.75,159.7321,36,4.75,r,r,C#5,F#4,r,r,r,r,r,r,B-4,E4,r,F#3
144.0,160.0,37,1.0,r,r,D5,F#4,r,r,r,r,B4,r,B4,D4,r,B2
144.5,160.5357,37,1.5,r,r,D5,D4,r,r,r,r,B4,r,F#4,D4,r,B2
144.75,160.8036,37,1.75,r,r,D5,D4,r,r,r,r,B4,r,F#4,D4,r,B2
145.0,161.0714,37,2.0,r,r,D5,B3,r,r,r,r,B4,r,B4,r,r,r
145.5,161.6071,37,2.5,r,r,D5,F#4,r,r,r,r,B4,r,B4,D4,r,D4
146.0,162.1429,37,3.0,r,r,C#5,G4,r,r,r,r,C#5,r,B4,E4,r,E4
146.5,162.6786,37,3.5,r,r,C#5,E4,r,r,r,r,G4,r,B4,E4,r,E4
147.0,163.2143,37,4.0,r,r,C#5,C#4,r,r,r,r,F#4,r,B-4,F#4,r,F#4
147.5,163.75,37,4.5,r,r,C#5,F#4,r,r,r,r,C#5,r,B-4,F#4,r,F#4
148.0,164.2857,38,1.0,r,r,B4,F#4,r,r,r,r,D5,r,B4,B3,r,B3
148.5,164.8214,38,1.5,r,r,B4,E4,r,r,r,r,G4,r,B4,B3,r,B3
149.0,165.3571,38,2.0,r,r,B4,E-4,r,r,r,r,F#4,r,r,A3,r,r
149.5,165.8929,38,2.5,r,r,B4,F#4,r,r,r,r,E-5,r,A4,B3,r,B3
150.0,166.4286,38,3.0,r,r,B4,G4,r,r,r,r,E5,r,G4,E3,r,E3
150.25,166.6964,38,3.25,r,r,B4,G4,r,r,r,r,D5,r,F#4,E3,r,E3
150.5,166.9643,38,3.5,r,r,A4,G4,r,r,r,r,C5,r,G4,F#3,r,F#3
150.75,167.2321,38,3.75,r,r,A4,G4,r,r,r,r,C5,r,F#4,F#3,r,F#3
151.0,167.5,38,4.0,r,r,G4,r,r,r,r,r,C5,r,E4,G3,r,G3
151.25,167.7679,38,4.25,r,r,G4,r,r,r,r,r,B4,r,E4,G3,r,G3
151.5,168.0357,38,4.5,r,r,G4,C#4,r,r,r,r,B-4,r,E4,E3,r,E3
151.75,168.3036,38,4.75,r,r,G4,C#4,r,r,r,r,B4,r,E4,E3,r,E3
152.0,168.5714,39,1.0,r,r,G4,C#5,r,r,r,r,B-4,r,E4,F#3,r,F#3
152.5,169.1071,39,1.5,r,r,B-4,C#5,r,r,r,r,G5,r,E4,F#3,r,F#3
153.0,169.6429,39,2.0,r,r,B4,r,r,r,r,r,F#5,r,D4,F#3,r,F#3
153.5,170.1786,39,2.5,r,r,C#5,F#4,r,r,r,r,E5,r,C#4,G#3,r,G#3
153.75,170.4464,39,2.75,r,r,C#5,F#4,r,r,r,r,E5,r,C#4,B-3,r,B-3
154.0,170.7143,39,3.0,r,r,D5,B4,r,r,r,r,D5,F#4,B3,B3,r,B3
154.5,171.25,39,3.5,r,r,C#5,A4,r,r,r,r,C#5,F#4,F#4,C#4,r,C#4
154.75,171.5179,39,3.75,r,r,C#5,A4,r,r,r,r,B4,F#4,F#4,C#4,r,C#4
155.0,171.7857,39,4.0,r,r,B4,G#4,r,r,r,r,F#5,F#4,B4,D4,r,D4
155.5,172.3214,39,4.5,r,r,C#5,A4,r,r,r,r,F#5,F#4,A4,C#4,r,C#4
156.0,172.8571,40,1.0,r,r,D5,B4,r,r,r,r,F#5,G#4,G#4,B3,r,B3
156.25,173.125,40,1.25,r,r,C#5,C#5,r,r,r,r,F#5,G#4,G#4,B3,r,B3
156.5,173.3929,40,1.5,r,r,B4,D5,r,r,r,r,F#5,D4,G#4,A3,r,A3
156.75,173.6607,40,1.75,r,r,B4,D5,r,r,r,r,F#5,D4,G#4,B3,r,B3
157.0,173.9286,40,2.0,r,r,B4,G#4,r,r,r,r,F5,C#4,G#4,C#4,r,C#4
157.5,174.4643,40,2.5,r,r,C#5,F4,r,r,r,r,F5,G#4,G#4,C#4,r,C#4
157.75,174.7321,40,2.75,r,r,B4,F4,r,r,r,r,F5,G#4,G#4,C#4,r,C#4
158.0,175.0,40,3.0,r,r,A4,C#4,r,r,r,r,F#5,A4,F#4,F#3,r,F#3
158.5,175.5357,40,3.5,r,r,B4,C#4,r,r,r,r,F#5,D4,F#4,G#3,r,G#3
159.0,176.0714,40,4.0,r,r,C#5,r,r,r,r,r,r,C#4,r,B-3,r,B-3
159.5,176.6071,40,4.5,r,r,B4,F#4,r,r,r,r,E5,B-4,F#4,F#3,r,F#3
159.75,176.875,40,4.75,r,r,C#5,F#4,r,r,r,r,E5,B-4,F#4,F#3,r,F#3
160.0,177.1429,41,1.0,r,r,D5,F#4,r,r,r,r,D5,B4,F#4,B3,r,B3
160.25,177.4107,41,1.25,r,r,D5,F#4,r,r,r,r,D5,A4,F#4,B3,r,B3
160.5,177.6786,41,1.5,r,r,E5,G4,r,r,r,r,C#5,G4,E4,B3,r,B3
160.75,177.9464,41,1.75,r,r,F#5,A4,r,r,r,r,C#5,G4,E4,B3,r,B3
161.0,178.2143,41,2.0,r,r,G5,B4,r,r,r,r,B4,G4,D4,B3,r,B3
161.25,178.4821,41,2.25,r,r,G5,B4,r,r,r,r,B4,F#4,D4,B3,r,B3
161.5,178.75,41,2.5,r,r,A5,C#5,r,r,r,r,B4,F4,C#4,A3,r,A3
161.75,179.0179,41,2.75,r,r,A5,C#5,r,r,r,r,B4,F#4,D4,A3,r,A3
162.0,179.2857,41,3.0,r,r,B5,D5,r,r,r,r,B4,F4,B3,G#3,r,G#3
162.5,179.8214,41,3.5,r,r,B5,B4,r,r,r,r,B4,D5,G#3,G#3,r,G#3
163.0,180.3571,41,4.0,r,r,r,F4,r,r,r,r,A4,C#5,F4,C#3,r,C#3
163.5,180.8929,41,4.5,r,r,F4,G#4,r,r,r,r,G#4,B4,F4,C#3,r,C#3
164.0,181.4286,42,1.0,r,r,C#4,A4,r,r,r,r,F#4,A4,F#4,F#3,r,F#3
164.5,181.9643,42,1.5,r,r,D4,A4,r,r,r,r,G#4,G#4,F#4,F#3,r,F#3
164.75,182.2321,42,1.75,r,r,E4,A4,r,r,r,r,G#4,F#4,F#4,F#3,r,F#3
165.0,182.5,42,2.0,r,r,F#4,A4,r,r,r,r,A4,C5,r,F#3,r,F#3
165.5,183.0357,42,2.5,r,r,F#4,B4,r,r,r,r,F#4,C5,r,G3,r,G3
165.75,183.3036,42,2.75,r,r,F#4,C5,r,r,r,r,F#4,C5,r,A3,r,A3
166.0,183.5714,42,3.0,r,r,F#4,E-4,r,r,r,r,E-5,C5,r,B3,r,B3
166.25,183.8393,42,3.25,r,r,F#4,E4,r,r,r,r,E-5,C5,r,B3,r,B3
166.5,184.1071,42,3.5,r,r,B3,F#4,r,r,r,r,E-5,B4,B3,A3,r,A3
166.75,184.375,42,3.75,r,r,B3,F#4,r,r,r,r,E-5,B4,B3,G3,r,G3
167.0,184.6429,42,4.0,r,r,B4,F#4,r,r,r,r,E-5,B4,F#4,A3,r,A3
167.5,185.1786,42,4.5,r,r,B4,G4,r,r,r,r,C#5,A4,E4,B3,r,B3
167.75,185.4464,42,4.75,r,r,B4,F#4,r,r,r,r,E-5,A4,F#4,B3,r,B3
168.0,185.7143,43,1.0,r,r,B4,E4,r,r,r,r,E5,G4,G4,E3,r,E3
168.25,185.9821,43,1.25,r,r,B4,E-4,r,r,r,r,E5,G4,G4,E3,r,E3
168.5,186.25,43,1.5,r,r,C#5,E4,r,r,r,r,E5,A4,r,E3,r,E3
168.75,186.5179,43,1.75,r,r,D5,F#4,r,r,r,r,E5,A4,r,E3,r,E3
169.0,186.7857,43,2.0,r,r,E5,G4,r,r,r,r,r,B4,r,E3,r,E3
169.5,187.3214,43,2.5,r,r,E5,A4,r,r,r,r,E4,B4,r,F#3,r,F#3
169.75,187.5893,43,2.75,r,r,E5,B4,r,r,r,r,E4,B4,r,G3,r,G3
170.0,187.8571,43,3.0,r,r,E5,C#4,r,r,r,r,C#5,B4,r,A3,r,A3
170.25,188.125,43,3.25,r,r,E5,D4,r,r,r,r,C#5,B4,r,A3,r,A3
170.5,188.3929,43,3.5,r,r,A4,E4,r,r,r,r,C#5,A4,A3,G3,r,G3
170.75,188.6607,43,3.75,r,r,A4,E4,r,r,r,r,C#5,A4,A3,F#3,r,F#3
171.0,188.9286,43,4.0,r,r,A5,E4,r,r,r,r,C#5,A4,E4,G3,r,G3
171.5,189.4643,43,4.5,r,r,A5,F#4,r,r,r,r,B4,G4,D4,A3,r,A3
171.75,189.7321,43,4.75,r,r,A5,E4,r,r,r,r,C#5,G4,E4,A3,r,A3
172.0,190.0,44,1.0,r,r,A5,D4,r,r,r,r,D5,F#4,F#4,D3,r,D3
172.25,190.2679,44,1.25,r,r,G5,D4,r,r,r,r,D5,F#4,F#4,D3,r,D3
172.5,190.5357,44,1.5,r,r,F#5,F#4,r,r,r,r,A4,F#4,F#4,D4,r,D4
172.75,190.8036,44,1.75,r,r,E5,F#4,r,r,r,r,A4,F#4,F#4,D4,r,D4
173.0,191.0714,44,2.0,r,r,D5,B4,r,r,r,r,F#5,F#4,r,D4,r,D4
173.5,191.6071,44,2.5,r,r,D5,A4,r,r,r,r,F#5,F#4,A4,C#4,r,C#4
174.0,192.1429,44,3.0,r,r,D5,G4,r,r,r,r,F#5,G4,B4,B3,r,B3
174.5,192.6786,44,3.5,r,r,C#5,G4,r,r,r,r,F#5,D4,B4,B3,r,B3
174.75,192.9464,44,3.75,r,r,D5,G4,r,r,r,r,F#5,D4,B4,B3,r,B3
175.0,193.2143,44,4.0,r,r,E5,G4,r,r,r,r,E5,C#4,B4,C#4,r,C#4
175.5,193.75,44,4.5,r,r,E5,F#4,r,r,r,r,D5,G#4,B4,D4,r,D4
175.75,194.0179,44,4.75,r,r,E5,E4,r,r,r,r,D5,G#4,B4,E4,r,E4
176.0,194.2857,45,1.0,r,r,E5,A4,r,r,r,r,C#5,A4,A4,F#4,r,F#4
176.25,194.5536,45,1.25,r,r,D5,A4,r,r,r,r,C#5,A4,A4,F#4,r,F#4
176.5,194.8214,45,1.5,r,r,C#5,G4,r,r,r,r,D5,D4,B4,F#4,r,F#4
176.75,195.0893,45,1.75,r,r,B4,G4,r,r,r,r,D5,D4,B4,F#4,r,F#4
177.0,195.3571,45,2.0,r,r,B-4,F#4,r,r,r,r,E5,C#4,C#5,F#3,r,F#3
177.5,195.8929,45,2.5,r,r,F#4,F#4,r,r,r,r,E5,B-4,B4,F#3,r,F#3
177.75,196.1607,45,2.75,r,r,F#4,F#4,r,r,r,r,E5,B-4,C#5,F#3,r,F#3
178.0,196.4286,45,3.0,r,r,F#5,F#4,B2,r,r,B3,E5,B4,F#4,B3,B2,B2
178.5,196.9643,45,3.5,r,r,F#5,G#4,B2,r,r,B3,D5,F#4,F#4,B3,B2,B2
178.75,197.2321,45,3.75,r,r,E5,B-4,B2,r,r,B3,C#5,F#4,F#4,B3,B2,B2
179.0,197.5,45,4.0,r,r,D5,B4,B2,r,r,B3,D5,B4,F#4,r,B2,B2
179.5,198.0357,45,4.5,r,r,C#5,C#5,B2,r,r,B3,E5,B4,E4,B3,B2,B2
179.75,198.3036,45,4.75,r,r,B4,D5,B2,r,r,B3,F#5,B4,D4,B3,B2,B2
180.0,198.5714,46,1.0,r,r,E5,C#5,C#3,r,r,C#4,E5,B4,E4,G4,C#3,C#3
180.25,198.8393,46,1.25,r,r,D5,B4,C#3,r,r,C#4,E5,B4,E4,G4,C#3,C#3
180.5,199.1071,46,1.5,r,r,C#5,B-4,G2,r,r,G3,E5,B4,E4,G4,G2,G2
180.75,199.375,46,1.75,r,r,D5,B4,G2,r,r,G3,E5,B4,E4,G4,G2,G2
181.0,199.6429,46,2.0,r,r,E5,C#5,F#2,r,r,F#3,E5,B-4,E4,G4,F#2,F#2
181.25,199.9107,46,2.25,r,r,C#5,C#5,F#2,r,r,F#3,E5,B-4,E4,G4,F#2,F#2
181.5,200.1786,46,2.5,r,r,D5,B4,C#3,r,r,C#4,F#5,B-4,D4,F#4,C#3,C#3
181.75,200.4464,46,2.75,r,r,E5,B-4,C#3,r,r,C#4,G5,B-4,C#4,E4,C#3,C#3
182.0,200.7143,46,3.0,r,r,F#5,B4,D3,r,r,D4,F#5,B4,F#4,D4,D3,D3
182.5,201.25,46,3.5,r,r,B4,B4,G2,r,r,G3,E5,B4,G4,E4,G2,G2
182.75,201.5179,46,3.75,r,r,C#5,B4,G2,r,r,G3,E5,B4,G4,E4,G2,G2
183.0,201.7857,46,4.0,r,r,E-5,B4,F#2,r,r,F#3,E-5,B4,A4,F#4,F#2,F#2
183.5,202.3214,46,4.5,r,r,E5,B4,E-3,r,r,E-4,E5,B4,G4,E-4,E-3,E-3
183.75,202.5893,46,4.75,r,r,F#5,B4,E-3,r,r,E-4,F#5,B4,F#4,E-4,E-3,E-3
184.0,202.8571,47,1.0,r,r,G5,B4,E3,r,r,E4,G5,B4,E4,B3,E3,E3
184.25,203.125,47,1.25,r,r,G5,B4,D3,r,r,D4,G5,B4,E4,B3,D3,D3
184.5,203.3929,47,1.5,r,r,F#5,A4,C3,r,r,C4,F#5,A4,E4,C4,C3,C3
184.75,203.6607,47,1.75,r,r,F#5,A4,C3,r,r,C4,F#5,A4,E4,D4,C3,C3
185.0,203.9286,47,2.0,r,r,E5,G4,C3,r,r,C4,E5,G4,E4,E4,C3,C3
185.25,204.1964,47,2.25,r,r,E5,G4,B2,r,r,B3,E5,G4,E4,E4,B2,B2
185.5,204.4643,47,2.5,r,r,D5,F#4,B-2,r,r,B-3,D5,F#4,F#4,B3,B-2,B-2
185.75,204.7321,47,2.75,r,r,D5,F#4,B2,r,r,B3,D5,F#4,F#4,B3,B2,B2
186.0,205.0,47,3.0,r,r,C#5,E4,B-2,r,r,B-3,C#5,E4,G4,C#4,B-2,B-2
186.5,205.5357,47,3.5,r,r,B4,D4,G3,r,r,G4,B4,D4,F#4,C#4,G3,G3
186.75,205.8036,47,3.75,r,r,B4,E4,G3,r,r,G4,B4,E4,E4,C#4,G3,G3
187.0,206.0714,47,4.0,r,r,B-4,F#4,F#3,r,r,F#4,B-4,F#4,C#5,C#4,F#3,F#3
187.5,206.6071,47,4.5,r,r,B4,F#4,E3,r,r,E4,B4,F#4,C#5,D4,E3,E3
187.75,206.875,47,4.75,r,r,C#5,F#4,E3,r,r,E4,C#5,F#4,C#5,E4,E3,E3
188.0,207.1429,48,1.0,r,F#4,D5,F#4,D3,r,F#4,D4,D5,B3,F#4,F#4,D3,D3
188.25,207.4107,48,1.25,r,F#4,B4,F#4,D3,r,F#4,D4,D5,B3,F#4,F#4,D3,D3
188.5,207.6786,48,1.5,r,F#4,B-4,F#4,C#3,r,F#4,C#4,D5,F#4,F#4,D4,C#3,C#3
188.75,207.9464,48,1.75,r,F#4,B4,F#4,B2,r,F#4,B3,D5,F#4,F#4,D4,B2,B2
189.0,208.2143,48,2.0,r,F#4,D5,F#4,F#3,r,F#4,F#4,D5,F#4,r,r,F#3,F#3
189.25,208.4821,48,2.25,r,F#4,B4,F#4,F#3,r,F#4,F#4,D5,F#4,r,r,F#3,F#3
189.5,208.75,48,2.5,r,F#4,A4,F#4,F#3,r,F#4,C#4,C#5,F#4,A4,C#4,F#3,F#3
189.75,209.0179,48,2.75,r,F#4,B4,F#4,F#3,r,F#4,C#4,D5,F#4,A4,C#4,F#3,F#3
190.0,209.2857,48,3.0,r,G#4,D5,G#4,F#3,r,G#4,D4,B4,G#4,G#4,D4,F#3,F#3
190.25,209.5536,48,3.25,r,G#4,B4,G#4,F#3,r,G#4,D4,B4,G#4,G#4,D4,F#3,F#3
190.5,209.8214,48,3.5,r,r,A4,D4,F#3,r,D4,B3,A4,D4,F#4,B3,F#3,F#3
190.75,210.0893,48,3.75,r,r,B4,D4,F#3,r,D4,B3,B4,D4,F#4,B3,F#3,F#3
191.0,210.3571,48,4.0,r,r,C#5,C#4,F3,r,C#4,G#3,C#5,C#4,G#4,G#3,F3,F3
191.5,210.8929,48,4.5,r,G#4,C#5,G#4,F3,r,G#4,G#3,C#5,G#4,A4,F#3,F3,F3
191.75,211.1607,48,4.75,r,G#4,C#5,G#4,F3,r,G#4,G#3,C#5,G#4,B4,F3,F3,F3
192.0,211.4286,49,1.0,r,A4,C#5,A4,F#3,r,A4,F#3,F#4,A4,A4,C#4,F#3,F#3
192.5,211.9643,49,1.5,r,r,F5,D4,F#3,r,D4,G#3,F#4,D4,B4,B3,F#3,F#3
193.0,212.5,49,2.0,r,r,F#5,C#4,E3,r,C#4,B-3,r,C#4,C#5,B-3,r,E3
193.5,213.0357,49,2.5,r,B-4,F#5,B-4,E3,r,B-4,C#4,r,B-4,C#5,F#4,E3,E3
194.0,213.5714,49,3.0,r,B4,F#5,B4,D3,r,B4,D4,r,B4,B4,F#4,D3,D3
194.25,213.8393,49,3.25,r,A4,F#5,A4,D3,r,A4,D4,r,A4,B4,F#4,D3,D3
194.5,214.1071,49,3.5,r,G4,r,G4,B2,r,G4,D4,r,G4,D4,F#4,B2,B2
195.0,214.6429,49,4.0,r,G4,r,G4,C#3,r,G4,D4,r,G4,D4,B3,C#3,C#3
195.25,214.9107,49,4.25,r,F#4,r,F#4,C#3,r,F#4,D4,r,F#4,D4,B3,C#3,C#3
195.5,215.1786,49,4.5,r,F4,r,F4,D3,r,F4,D4,r,F4,C#4,B3,D3,D3
195.75,215.4464,49,4.75,r,F#4,r,F#4,D3,r,F#4,D4,r,F#4,B3,B3,D3,D3
196.0,215.7143,50,1.0,r,F4,r,F4,C#3,r,F4,G#3,r,F4,G#4,B3,C#3,C#3
196.5,216.25,50,1.5,r,D5,r,D5,B2,r,D5,G#3,r,D5,G#3,F3,B2,B2
197.0,216.7857,50,2.0,r,C#5,r,C#5,A2,r,C#5,C#4,r,C#5,A3,F#3,A2,A2
197.5,217.3214,50,2.5,r,B4,r,B4,G#2,r,B4,C#4,r,B4,B3,G#3,G#2,G#2
198.0,217.8571,50,3.0,C#5,A4,C#5,A4,F#2,C#5,A4,C#4,C#5,A4,C#4,A3,F#2,F#2
198.5,218.3929,50,3.5,C#5,G#4,C#5,G#4,F#3,C#5,G#4,E-4,C#5,G#4,E-4,A3,F#3,F#2
198.75,218.6607,50,3.75,C#5,F#4,C#5,F#4,F#3,C#5,F#4,E-4,C#5,F#4,E-4,A3,F#3,F#2
199.0,218.9286,50,4.0,C#5,C#5,C#5,C#5,E3,C#5,C#5,E4,C#5,C#5,E4,G#3,E3,E2
199.5,219.4643,50,4.5,C#5,C#5,C#5,C#5,E-3,C#5,C#5,C#4,C#5,C#5,F#4,G#3,E-3,E2
199.75,219.7321,50,4.75,C#5,C#5,C#5,C#5,E3,C#5,C#5,C#4,C#5,C#5,G#4,G#3,E3,E2
200.0,220.0,51,1.0,E-5,C#5,E-5,C#5,F#3,E-5,C#5,A4,E-5,C#5,A4,F#3,F#3,F#2
200.5,220.5357,51,1.5,A4,C#5,A4,C#5,E3,A4,C#5,F#4,A4,C#5,F#4,F#3,E3,F#2
200.75,220.8036,51,1.75,A4,C#5,A4,C#5,F#3,A4,C#5,F#4,A4,C#5,F#4,F#3,F#3,F#2
201.0,221.0714,51,2.0,G#4,C5,G#4,C5,G#3,G#4,C5,E-4,G#4,C5,E-4,F#3,G#3,G#2
201.5,221.6071,51,2.5,E-5,C5,E-5,C5,G#3,E-5,C5,G#4,E-5,C5,G#4,F#3,G#3,G#2
202.0,222.1429,51,3.0,E5,C#5,E5,C#5,C#3,E5,C#5,G#4,E5,C#5,G#4,E3,C#3,C#2
202.5,222.6786,51,3.5,A4,C#5,A4,C#5,C#3,A4,C#5,F#4,A4,C#5,G#4,E-3,C#3,C#2
203.0,223.2143,51,4.0,G#4,C#5,G#4,C#5,B2,G#4,C#5,G#4,G#4,C#5,r,F3,r,B2
203.5,223.75,51,4.5,F5,C#5,F5,C#5,B2,F5,C#5,C#4,F5,C#5,G#4,G#3,r,B2
204.0,224.2857,52,1.0,F#5,C#5,F#5,C#5,A2,F#5,C#5,C#4,F#5,C#5,F#4,C#4,r,A2
204.25,224.5536,52,1.25,E5,C#5,E5,C#5,F#2,E5,C#5,C#4,E5,C#5,F#4,C#4,r,A2
204.5,224.8214,52,1.5,D5,B4,D5,B4,F#3,D5,B4,D4,D5,B4,G#4,F3,F#3,F#2
205.0,225.3571,52,2.0,D5,A4,D5,A4,F#3,D5,A4,D4,D5,A4,A4,F#3,F#3,F#3
205.25,225.625,52,2.25,C#5,A4,C#5,A4,F#3,C#5,A4,D4,C#5,A4,A4,F#3,F#3,F#3
205.5,225.8929,52,2.5,C5,G#4,C5,G#4,G#3,C5,G#4,E4,C5,G#4,E-4,F#3,G#3,G#3
205.75,226.1607,52,2.75,C#5,G#4,C#5,G#4,G#3,C#5,G#4,E4,C#5,G#4,E-4,F#3,G#3,G#3
206.0,226.4286,52,3.0,C5,F#4,C5,F#4,A3,C5,F#4,F#4,C5,F#4,E-4,F#3,A3,A3
206.5,226.9643,52,3.5,A5,F#4,A5,F#4,A3,A5,F#4,F#4,A5,F#4,E-4,E3,A3,A3
207.0,227.5,52,4.0,G#5,E-5,G#5,E-5,C3,G#5,E-5,G#4,G#5,E-5,E-4,E-3,C3,C3
207.5,228.0357,52,4.5,F#5,E-5,F#5,E-5,C3,F#5,E-5,G#4,F#5,E-5,E-4,G#3,C3,C3
208.0,228.5714,53,1.0,E5,E-5,E5,E-5,C#3,E5,E-5,G#3,E5,E-5,E4,G#3,C#3,C#3
208.5,229.1071,53,1.5,E-5,G#4,E-5,G#4,E-3,E-5,G#4,G#3,E-5,G#4,F#4,F#3,E-3,E-3
208.75,229.375,53,1.75,C#5,G#4,C#5,G#4,E-3,C#5,G#4,G#3,C#5,G#4,F#4,F#3,E-3,E-3
209.0,229.6429,53,2.0,G#5,C#5,G#5,C#5,E3,G#5,C#5,r,G#5,C#5,G#4,E3,E3,E3
209.5,230.1786,53,2.5,G#5,B4,G#5,B4,C#3,G#5,B4,E4,G#5,B4,E4,G#3,C#3,C#3
210.0,230.7143,53,3.0,G#5,A4,G#5,A4,F#3,G#5,A4,F#4,G#5,A4,C#4,A3,F#3,F#3
210.5,231.25,53,3.5,C#5,A4,C#5,A4,E3,C#5,A4,F#4,C#5,A4,C#4,G#3,E3,E3
211.0,231.7857,53,4.0,F#5,A4,F#5,A4,E-3,F#5,A4,r,F#5,A4,C4,F#3,E-3,E-3
211.5,232.3214,53,4.5,E5,A4,E5,A4,C#3,E5,A4,A4,E5,A4,C#4,F#3,C#3,C#3
212.0,232.8571,54,1.0,E-5,A4,E-5,A4,C3,E-5,A4,E-4,E-5,A4,E-4,F#3,C3,C3
212.5,233.3929,54,1.5,E-5,E-4,E-5,E-4,B-2,E-5,E-4,E-4,E-5,E-4,E-4,F#3,B-2,B-2
213.0,233.9286,54,2.0,E-5,G#4,E-5,G#4,C3,E-5,G#4,r,E-5,G#4,E-4,G#3,C3,C3
213.5,234.4643,54,2.5,E-5,F#4,E-5,F#4,G#2,E-5,F#4,C4,E-5,F#4,E-4,G#3,G#2,G#2
214.0,235.0,54,3.0,E-5,E4,E-5,E4,C#3,E-5,E4,G#3,E-5,E4,E4,G#3,C#3,C#3
214.5,235.5357,54,3.5,G#4,E4,G#4,E4,B2,G#4,E4,G#3,G#4,E4,E-4,G#3,B2,B2
215.0,236.0714,54,4.0,C#5,E4,C#5,E4,A2,C#5,E4,r,C#5,r,C#4,G#3,A2,A2
215.5,236.6071,54,4.5,B4,E4,B4,E4,G#2,B4,E4,G#4,B4,r,C#4,F#3,G#2,G#2
215.75,236.875,54,4.75,B4,E4,B4,E4,G#2,B4,E4,G#4,B4,r,C#4,G#3,G#2,G#2
216.0,237.1429,55,1.0,A4,E4,A4,E4,F#2,A4,E4,C#4,A4,r,C#4,A3,F#2,F#2
216.5,237.6786,55,1.5,A4,C5,A4,C5,F#2,A4,C5,C#4,A4,C5,F#4,E-3,F#2,F#2
217.0,238.2143,55,2.0,G#4,C#5,G#4,C#5,G#2,G#4,C#5,r,r,C#5,E4,E3,r,G#2
217.5,238.75,55,2.5,G#4,E4,G#4,E4,G#2,G#4,E4,G#4,E5,E4,r,C#4,G#2,G#2
218.0,239.2857,55,3.0,F#4,E-4,F#4,E-4,A2,F#4,E-4,E-5,F#5,E-4,r,C4,A2,A2
218.5,239.8214,55,3.5,E-5,C5,E-5,C5,A3,E-5,C5,E-5,F#5,C5,E-4,F#4,A3,A2
219.0,240.3571,55,4.0,E5,C#5,E5,C#5,G#3,E5,C#5,r,G#5,C#5,E4,E4,G#3,G#2
219.5,240.8929,55,4.5,F#5,E-5,F#5,E-5,F#3,F#5,E-5,A4,C5,E-5,F#4,E-4,F#3,F#2
220.0,241.4286,56,1.0,G#5,G#4,G#5,G#4,E3,G#5,G#4,G#4,C#5,G#4,G#4,C#4,E3,E2
220.5,241.9643,56,1.5,A5,F#4,A5,C4,E-3,A5,C4,G#4,C#5,C4,A4,F#3,E-3,E-2
221.0,242.5,56,2.0,G#5,G#4,G#5,C#4,E3,G#5,C#4,r,r,C#4,G#4,E3,E3,E2
221.5,243.0357,56,2.5,C#5,A4,C#5,A4,F#3,C#5,A4,C#5,C#5,A4,A4,E-3,F#3,F#2
222.0,243.5714,56,3.0,C#5,E4,C#5,E4,G#3,C#5,E4,G#4,C#5,E4,G#4,E3,G#3,G#2
222.5,244.1071,56,3.5,C5,E-4,C5,E-4,G#3,C5,E-4,F#4,C5,E-4,A4,F#3,G#3,G#2
222.75,244.375,56,3.75,C5,E-4,C5,E-4,G#3,C5,E-4,E4,C5,E-4,G#4,G#3,G#3,G#2
223.0,244.6429,56,4.0,C5,E-4,C5,E-4,G#3,C5,E-4,E-4,C5,E-4,F#4,A3,G#3,G#2
223.5,245.1786,56,4.5,C#5,E4,C#5,E4,G#3,C#5,E4,G#3,C#5,E4,E4,G#3,G#3,G#2
224.0,245.7143,57,1.0,E-5,F#4,E-5,F#4,G#3,E-5,F#4,C4,E-5,F#4,E-4,F#3,G#3,G#2
224.5,246.25,57,1.5,F#5,A4,F#5,A4,G#3,F#5,A4,E-3,F#5,A4,E-4,C4,G#3,G#2
225.0,246.7857,57,2.0,E5,G#4,E5,G#4,G#3,E5,G#4,G#3,E5,G#4,E4,C#4,G#3,G#2
225.5,247.3214,57,2.5,E-5,F#4,E-5,F#4,G#3,E-5,F#4,C4,E-5,F#4,F#4,E-4,G#3,G#2
226.0,247.8571,57,3.0,C#5,E4,C#5,E4,G#3,C#5,E4,E4,C#5,E4,G#4,G#3,G#3,G#2
226.5,248.3929,57,3.5,A5,E4,A5,E4,F#3,A5,E4,C#4,C#5,E4,A4,C#4,F#3,F#2
226.75,248.6607,57,3.75,A5,E4,A5,E4,F#3,A5,E4,C#4,C#5,E4,A4,E-4,F#3,F#2
227.0,248.9286,57,4.0,G#5,E-4,G#5,E-4,G#3,G#5,E-4,G#3,C5,E-4,G#4,E-4,G#3,G#2
227.5,249.4643,57,4.5,F#5,C5,F#5,E-4,G#2,F#5,E-4,G#3,C5,E-4,F#4,E-4,G#3,G#2
228.0,250.0,58,1.0,F#5,C#5,F#5,C#4,C#3,F#5,C#4,G#3,C#5,C#4,E4,E4,C#3,C#3
228.5,250.5357,58,1.5,E5,C#5,E5,C#4,C#3,E5,C#4,G#3,C#5,C#4,E4,C#4,C#3,C#3
228.75,250.8036,58,1.75,F#5,C#5,F#5,C#4,C#3,F#5,C#4,G#3,C#5,C#4,E4,D4,C#3,C#3
229.0,251.0714,58,2.0,G5,r,G5,r,C#3,G5,r,r,r,r,r,E4,r,C#3
229.5,251.6071,58,2.5,G5,r,G5,r,D3,G5,r,E4,B4,r,r,E4,C#3,D3
229.75,251.875,58,2.75,G5,r,G5,r,E3,G5,r,E4,B4,r,r,E4,C#3,E3
230.0,252.1429,58,3.0,G5,r,G5,r,F#3,G5,r,C#4,B-4,r,r,E4,F#3,F#3
230.5,252.6786,58,3.5,B4,r,B4,r,F#3,B4,r,C#4,E5,r,r,D4,F#3,F#3
231.0,253.2143,58,4.0,B-4,C#5,B-4,C#5,F#2,B-4,C#5,r,E5,r,r,C#4,F#2,F#2
231.5,253.75,58,4.5,E5,C#5,E5,C#5,F#2,E5,C#5,F#4,D5,r,r,B3,F#2,F#2
231.75,254.0179,58,4.75,E5,C#5,E5,C#5,F#2,E5,C#5,F#4,C#5,r,r,B-3,F#2,F#2
232.0,254.2857,59,1.0,D5,C#5,D5,C#5,B2,D5,C#5,F#4,D5,r,r,B3,B2,B2
232.25,254.5536,59,1.25,D5,C#5,D5,C#5,B2,D5,C#5,F#4,E5,r,r,B3,B2,B2
232.5,254.8214,59,1.5,D5,B4,D5,B4,B2,D5,B4,F#4,F#5,r,F#4,B3,B2,B2
232.75,255.0893,59,1.75,D5,C#5,D5,C#5,B2,D5,C#5,F#4,F#5,r,F#4,B3,B2,B2
233.0,255.3571,59,2.0,r,D5,r,D5,B2,r,D5,r,B4,r,B4,F#3,r,B2
233.5,255.8929,59,2.5,r,D5,r,D5,A2,r,D5,B3,B4,F#4,B4,F#3,B3,A2
233.75,256.1607,59,2.75,r,D5,r,D5,B2,r,D5,B3,B4,F#4,B4,F#3,B3,B2
234.0,256.4286,59,3.0,r,D5,r,D5,C#3,r,D5,G#3,r,F4,B4,r,C#4,C#3
234.5,256.9643,59,3.5,r,F#4,r,F#4,C#3,r,F#4,G#3,r,B4,A4,r,C#4,C#3
235.0,257.5,59,4.0,G#5,F4,G#5,F4,C#2,G#5,F4,r,r,B4,G#4,r,C#3,C#2
235.5,258.0357,59,4.5,G#5,B4,G#5,B4,C#2,G#5,B4,C#4,r,A4,F#4,r,C#3,C#2
235.75,258.3036,59,4.75,G#5,B4,G#5,B4,C#2,G#5,B4,C#4,r,G#4,F4,r,C#3,C#2
236.0,258.5714,60,1.0,G#5,A4,G#5,A4,F#2,G#5,A4,C#4,r,A4,F#4,r,F#3,F#2
236.25,258.8393,60,1.25,G#5,A4,G#5,A4,F#2,G#5,A4,C#4,r,B4,F#4,r,F#3,F#2
236.5,259.1071,60,1.5,F#5,A4,F#5,A4,F#2,F#5,A4,C#4,r,C#5,F#4,C#4,F#3,F#2
236.75,259.375,60,1.75,G#5,A4,G#5,A4,F#2,G#5,A4,C#4,r,C#5,F#4,C#4,F#3,F#2
237.0,259.6429,60,2.0,A5,r,A5,r,F#2,A5,r,r,r,F#4,C#4,F#4,r,F#2
237.5,260.1786,60,2.5,A5,r,A5,r,E2,A5,r,F#4,C#5,F#4,C#4,F#4,F#3,E2
237.75,260.4464,60,2.75,A5,r,A5,r,F#2,A5,r,F#4,C#5,F#4,C#4,F#4,F#3,F#2
238.0,260.7143,60,3.0,A5,r,A5,r,G#2,A5,r,E-4,C5,r,r,F#4,G#3,G#2
238.5,261.25,60,3.5,C#5,r,C#5,r,G#2,C#5,r,E-4,F#5,r,r,E4,G#3,G#2
239.0,261.7857,60,4.0,C5,E-5,C5,E-5,G#3,C5,E-5,r,F#5,r,r,E-4,G#2,G#3
239.5,262.3214,60,4.5,F#5,E-5,F#5,E-5,G#3,F#5,E-5,G#4,E5,r,r,C#4,G#2,G#3
239.75,262.5893,60,4.75,F#5,E-5,F#5,E-5,G#3,F#5,E-5,G#4,E-5,r,r,C4,G#2,G#3
240.0,262.8571,61,1.0,E5,E-5,E5,E-5,C#3,E5,E-5,G#4,E5,r,r,C#4,C#3,C#3
240.5,263.3929,61,1.5,E5,C#5,E5,C#5,C#3,E5,C#5,G#4,E5,r,r,C#4,C#3,C#3
240.75,263.6607,61,1.75,E5,E-5,E5,E-5,C#3,E5,E-5,G#4,E5,r,r,C#4,C#3,C#3
241.0,263.9286,61,2.0,r,E5,r,E5,C#3,r,E5,r,E5,r,r,G#3,C#3,C#3
241.5,264.4643,61,2.5,r,E5,r,E5,D3,r,E5,B3,E5,B4,G4,E4,D3,D3
241.75,264.7321,61,2.75,r,E5,r,E5,E3,r,E5,B3,E5,B4,G4,E4,E3,E3
242.0,265.0,61,3.0,r,E5,r,E5,F#3,r,E5,F#3,E5,B-4,F#4,C#4,F#3,F#3
242.5,265.5357,61,3.5,r,G4,r,G4,F#3,r,G4,F#3,G4,E5,E4,C#4,F#3,F#3
242.75,265.8036,61,3.75,r,G4,r,G4,F#3,r,G4,F#3,G4,E5,D4,C#4,F#3,F#3
243.0,266.0714,61,4.0,B-5,F#4,B-5,F#4,F#2,B-5,F#4,r,F#4,E5,C#4,B-3,F#2,F#2
243.5,266.6071,61,4.5,B-5,E5,B-5,E5,F#2,B-5,E5,B-3,E5,D5,F#4,B3,F#2,F#2
243.75,266.875,61,4.75,B-5,E5,B-5,E5,F#2,B-5,E5,B-3,E5,C#5,F#4,C#4,F#2,F#2
244.0,267.1429,62,1.0,B5,E-5,B5,E-5,B2,B5,E-5,F#3,E-5,B4,F#4,B3,B2,B2
244.5,267.6786,62,1.5,F#5,A4,F#5,A4,B2,F#5,A4,F#3,A4,F#4,F#4,B3,B2,B2
245.0,268.2143,62,2.0,F5,G#4,F5,G#4,r,F5,G#4,r,G#4,F4,r,r,r,r
245.5,268.75,62,2.5,G#5,F5,G#5,F5,B3,G#5,F5,G#4,F5,G#4,D4,G#3,B3,B2
246.0,269.2857,62,3.0,C#5,F#5,C#5,F#5,A3,C#5,F#5,F#4,F#5,C#5,C#4,A3,A3,A2
246.5,269.8214,62,3.5,F#5,C#5,F#5,C#5,A3,F#5,C#5,F#4,C#5,F#4,C#4,A3,A3,A2
247.0,270.3571,62,4.0,G#5,C5,G#5,C5,r,G#5,C5,r,C5,G#4,r,r,r,r
247.5,270.8929,62,4.5,C5,F#5,C5,F#5,G#3,C5,F#5,E-4,F#5,C5,G#4,E-4,G#3,G#2
248.0,271.4286,63,1.0,C#5,F5,C#5,F5,C#3,C#5,F5,F4,F5,C#5,G#4,C#4,C#3,C#3
248.5,271.9643,63,1.5,F5,B4,F5,B4,C#3,F5,B4,F4,B4,F5,G#4,C#4,C#3,C#3
249.0,272.5,63,2.0,F#5,B-4,F#5,B-4,r,F#5,B-4,r,B-4,F#5,r,r,r,r
249.5,273.0357,63,2.5,B-4,E5,B-4,E5,F#3,B-4,E5,C#4,E5,B-4,B-4,C#4,F#3,F#2
250.0,273.5714,63,3.0,B4,E-5,B4,E-5,B2,B4,E-5,E-4,E-5,B4,F#4,B3,B2,B2
250.5,274.1071,63,3.5,E-5,A4,E-5,A4,B2,E-5,A4,E-4,A4,E-5,F#4,B3,B2,B2
251.0,274.6429,63,4.0,E5,G#4,E5,G#4,r,E5,G#4,r,G#4,E5,r,r,r,r
251.5,275.1786,63,4.5,G#4,D5,G#4,D5,E3,G#4,D5,B3,D5,G#4,G#4,B3,E3,E2
252.0,275.7143,64,1.0,A4,C#5,A4,C#5,A2,A4,C#5,C#4,C#5,A4,E4,A3,A2,A2
252.25,275.9821,64,1.25,A4,C#5,A4,C#5,A2,A4,C#5,C#4,C#5,A4,E4,G#3,A2,A2
252.5,276.25,64,1.5,C#5,F4,C#5,F4,A2,C#5,F4,C#4,F4,C#5,G#4,A3,A2,A2
252.75,276.5179,64,1.75,C#5,F4,C#5,F4,A2,C#5,F4,C#4,F4,C#5,G#4,B3,A2,A2
253.0,276.7857,64,2.0,F#5,F#4,F#5,F#4,r,F#5,F#4,r,F#4,F#4,A4,C#4,r,r
253.5,277.3214,64,2.5,F#5,A4,F#5,A4,D3,F#5,A4,D4,A4,F#4,F#4,D4,D3,D3
253.75,277.5893,64,2.75,F#5,A4,F#5,A4,D3,F#5,A4,D4,A4,F#4,F#4,C#4,D3,D3
254.0,277.8571,64,3.0,F#5,B4,F#5,B4,G#2,F#5,B4,D4,B4,F#4,G#4,B3,G#2,G#2
254.5,278.3929,64,3.5,F#5,B4,F#5,D4,G#2,F#5,D4,D4,D4,F#4,G#4,B3,G#2,G#2
255.0,278.9286,64,4.0,F5,B4,F5,C#4,r,F5,C#4,r,C#4,F4,G#4,C#4,r,r
255.5,279.4643,64,4.5,G#5,A4,G#5,B4,C#3,G#5,B4,C#4,B4,G#4,F4,G#3,C#3,C#3
255.75,279.7321,64,4.75,G#5,G#4,G#5,B4,C#3,G#5,B4,C#4,B4,G#4,F4,G#3,C#3,C#3
256.0,280.0,65,1.0,G#5,A4,G#5,A4,F#3,G#5,A4,C#4,A4,G#4,C#4,A3,F#2,F#2
256.5,280.5357,65,1.5,C#5,A4,C#5,A4,F#3,C#5,A4,C#4,A4,C#4,C#4,A3,F#3,F#2
256.75,280.8036,65,1.75,C#5,A4,C#5,A4,F#3,C#5,A4,C#4,A4,C#4,C#4,A3,F#3,F#2
257.0,281.0714,65,2.0,F#5,A4,F#5,A4,F#3,F#5,A4,r,A4,F#4,C#4,A3,F#3,F#2
257.5,281.6071,65,2.5,F#5,B4,F#5,B4,F#3,F#5,B4,D4,B4,F#4,B3,A3,F#3,F#2
257.75,281.875,65,2.75,F#5,C#5,F#5,C#5,F#3,F#5,C#5,D4,C#5,F#4,A3,A3,F#3,F#2
258.0,282.1429,65,3.0,F#5,B4,F#5,B4,G#3,F#5,B4,D4,B4,F#4,B3,G#3,G#3,G#2
258.5,282.6786,65,3.5,F#5,B4,F#5,B4,D3,F#5,B4,D4,B4,F#4,B3,F#3,D3,D2
259.0,283.2143,65,4.0,F5,B4,F5,B4,C#3,F5,B4,D4,B4,F4,B3,G#3,C#3,C#2
259.5,283.75,65,4.5,F5,C#5,F5,C#5,G#3,F5,C#5,C#4,C#5,F4,A3,G#3,G#3,G#2
259.75,284.0179,65,4.75,F5,D5,F5,D5,G#3,F5,D5,B3,D5,F4,G#3,G#3,G#3,G#2
260.0,284.2857,66,1.0,F#5,C#5,F#5,C#5,A3,F#5,C#5,A3,C#5,F#4,C#4,F#3,A3,A2
260.5,284.8214,66,1.5,F#5,C#5,F#5,C#5,D3,F#5,C#5,A3,C#5,F#4,C#4,F#4,D3,D2
261.0,285.3571,66,2.0,F#5,C#5,F#5,C#5,C#3,F#5,C#5,r,C#5,F#4,r,E4,C#3,C#2
261.5,285.8929,66,2.5,F#5,D5,F#5,D5,B-3,F#5,D5,F#3,D5,F#4,F#4,D4,B-3,B-2
261.75,286.1607,66,2.75,F#5,E5,F#5,E5,B-3,F#5,E5,F#3,E5,F#4,F#4,C#4,B-3,B-2
262.0,286.4286,66,3.0,F#5,D5,F#5,D5,B3,F#5,D5,B3,D5,F#4,F#4,D4,B3,B2
262.25,286.6964,66,3.25,F#5,D5,F#5,D5,A3,F#5,D5,B3,D5,F#4,F#4,D4,A3,A2
262.5,286.9643,66,3.5,E5,D5,E5,D5,G3,E5,D5,B3,D5,E5,C#5,D4,G3,G2
263.0,287.5,66,4.0,D5,D5,D5,D5,G3,D5,D5,r,D5,D5,B4,r,G3,G2
263.25,287.7679,66,4.25,D5,D5,D5,D5,F#3,D5,D5,r,D5,D5,B4,r,F#3,F#2
263.5,288.0357,66,4.5,C#5,D5,C#5,D5,F3,C#5,D5,F#4,D5,C#5,A4,A3,F3,F2
263.75,288.3036,66,4.75,C#5,D5,C#5,D5,F#3,C#5,D5,F#4,D5,C#5,A4,A3,F#3,F#2
264.0,288.5714,67,1.0,B4,D5,B4,D5,F3,B4,D5,G#4,D5,B4,G#4,B3,F3,F2
264.5,289.1071,67,1.5,B4,G#4,B4,G#4,E-3,B4,G#4,G#4,G#4,D5,G#4,B3,E-3,E-2
265.0,289.6429,67,2.0,G#5,C#5,G#5,C#5,F3,G#5,C#5,r,C#5,G#4,G#4,C#4,F3,F2
265.5,290.1786,67,2.5,G#5,B4,G#5,B4,C#3,G#5,B4,F4,B4,G#4,F#4,C#4,C#3,C#2
265.75,290.4464,67,2.75,G#5,B4,G#5,B4,C#3,G#5,B4,F4,B4,G#4,G#4,C#4,C#3,C#2
266.0,290.7143,67,3.0,G#5,A4,G#5,A4,F#3,G#5,A4,C#4,A4,G#4,A4,C#4,F#3,F#2
266.5,291.25,67,3.5,C#5,G#4,C#5,G#4,G#3,C#5,G#4,C#4,G#4,C#5,B4,B3,G#3,G#2
266.75,291.5179,67,3.75,C#5,F#4,C#5,F#4,G#3,C#5,F#4,C#4,F#4,C#5,B4,B3,G#3,G#2
267.0,291.7857,67,4.0,F#5,C#5,F#5,C#5,A3,F#5,C#5,r,C#5,F#5,C#5,A3,A3,A2
267.5,292.3214,67,4.5,E5,C#5,E5,C#5,F#3,E5,C#5,A3,C#5,E5,A4,C#4,F#3,F#2
268.0,292.8571,68,1.0,D5,C#5,D5,C#5,B2,D5,C#5,B3,C#5,D5,F#4,D4,B2,B2
268.5,293.3929,68,1.5,D5,F#4,D5,F#4,C#3,D5,F#4,B3,F#4,D5,F#4,C#4,C#3,C#3
269.0,293.9286,68,2.0,D5,B4,D5,B4,D3,D5,B4,r,B4,D5,F#4,B3,D3,D3
269.5,294.4643,68,2.5,D5,A4,D5,A4,B2,D5,A4,D4,A4,D5,F4,B3,B2,B2
269.75,294.7321,68,2.75,D5,A4,D5,A4,B2,D5,A4,D4,A4,D5,F#4,B3,B2,B2
270.0,295.0,68,3.0,D5,G#4,D5,G#4,F3,D5,G#4,G#3,G#4,D5,G#4,B3,F3,F3
270.5,295.5357,68,3.5,G#4,G#4,G#4,G#4,E-3,G#4,G#4,G#3,G#4,G#4,G#4,B3,E-3,E-3
271.0,296.0714,68,4.0,C#5,G#4,C#5,G#4,F3,C#5,G#4,r,G#4,C#5,G#4,C#4,F3,F3
271.5,296.6071,68,4.5,B4,G#4,B4,G#4,C#3,B4,G#4,F4,G#4,B4,F#4,C#4,C#3,C#3
271.75,296.875,68,4.75,B4,G#4,B4,G#4,C#3,B4,G#4,F4,G#4,B4,G#4,C#4,C#3,C#3
272.0,297.1429,69,1.0,A4,G#4,A4,G#4,F#3,A4,G#4,C#4,G#4,A4,A4,C#4,F#3,F#3
272.5,297.6786,69,1.5,A4,G#4,A4,C#4,E3,A4,C#4,C#4,C#4,A4,G#4,C#4,E3,E3
273.0,298.2143,69,2.0,A4,F#4,A4,F#4,D3,A4,F#4,r,F#4,A4,F#4,C#4,D3,D3
273.5,298.75,69,2.5,A4,E4,A4,E4,C#3,A4,E4,C#4,E4,A4,F#4,B3,C#3,C#3
273.75,299.0179,69,2.75,A4,E4,A4,E4,C#3,A4,E4,C#4,E4,A4,F#4,C#4,C#3,C#3
274.0,299.2857,69,3.0,A4,D4,A4,D4,B2,A4,D4,F#4,D4,A4,r,D4,B2,B2
274.5,299.8214,69,3.5,F5,G#4,F5,D4,B2,F5,D4,F#4,D4,F5,G#4,B3,B2,B2
275.0,300.3571,69,4.0,F#5,A4,F#5,C#4,C#3,F#5,C#4,r,C#4,F#5,A4,A3,C#3,C#3
275.5,300.8929,69,4.5,A4,F#4,A4,C#4,C#3,A4,C#4,C#4,C#4,A4,F#4,A3,C#3,C#3
276.0,301.4286,70,1.0,G#4,F4,G#4,B3,D3,G#4,B3,G#4,B3,G#4,F4,B3,D3,D3
276.5,301.9643,70,1.5,F5,G#4,F5,G#4,D3,F5,G#4,G#4,G#4,F4,B4,B3,D3,D3
277.0,302.5,70,2.0,F#5,A4,F#5,A4,C#3,F#5,A4,r,A4,F#4,A4,C#4,C#3,C#3
277.5,303.0357,70,2.5,G#5,B4,G#5,B4,B2,G#5,B4,D4,B4,G#4,G#4,F3,B2,B2
278.0,303.5714,70,3.0,C#5,C#5,C#5,C#5,A2,C#5,C#5,C#4,C#5,A4,F#4,F#3,A2,A2
278.5,304.1071,70,3.5,F4,D5,F4,D5,G#2,F4,D5,C#4,F4,D5,B3,G#3,G#2,G#2
279.0,304.6429,70,4.0,F#4,C#5,F#4,C#5,A2,F#4,C#5,r,F#4,C#5,A3,C#3,A2,A2
279.5,305.1786,70,4.5,D5,F#4,D5,F#4,B2,D5,F#4,F#4,D5,F#4,G#3,D4,B2,B2
280.0,305.7143,71,1.0,A4,F#4,A4,F#4,C#3,A4,F#4,C#4,A4,F#4,A3,C#4,C#3,C#3
280.5,306.25,71,1.5,G#4,F4,G#4,F4,C#3,G#4,F4,B3,G#4,F4,B3,D4,C#3,C#3
280.75,306.5179,71,1.75,G#4,F4,G#4,F4,C#3,G#4,F4,A3,G#4,F4,C#4,C#4,C#3,C#3
281.0,306.7857,71,2.0,G#4,F4,G#4,F4,C#3,G#4,F4,G#3,G#4,F4,D4,B3,C#3,C#3
281.5,307.3214,71,2.5,A4,F#4,A4,F#4,C#3,A4,F#4,C#4,A4,F#4,C#4,A3,C#3,C#3
282.0,307.8571,71,3.0,B4,G#4,B4,G#4,C#3,B4,G#4,F4,B4,G#4,B3,G#3,C#3,C#3
282.5,308.3929,71,3.5,D5,B4,D5,B4,C#3,D5,B4,G#3,D5,B4,F4,G#3,C#3,C#3
283.0,308.9286,71,4.0,C#5,A4,C#5,A4,C#3,C#5,A4,C#4,C#5,A4,F#4,A3,C#3,C#3
283.5,309.4643,71,4.5,B4,G#4,B4,G#4,C#3,B4,G#4,F3,B4,G#4,G#4,B3,C#3,C#3
284.0,310.0,72,1.0,A4,F#4,F#4,F#4,C#3,A4,F#4,A3,A4,F#4,A4,C#4,C#3,C#3
284.5,310.5357,72,1.5,A4,F#4,F#4,F#4,B2,A4,F#4,B3,A4,F#4,F#4,D4,B2,B2
285.0,311.0714,72,2.0,G#4,F4,F4,F4,C#3,G#4,F4,B3,G#4,F4,C#4,G#3,C#3,C#3
285.5,311.6071,72,2.5,G#4,F4,F4,F4,C#3,G#4,F4,A3,G#4,F4,C#4,C#4,C#3,C#3
285.75,311.875,72,2.75,G#4,F4,F4,F4,C#3,G#4,F4,G#3,G#4,F4,C#4,C#4,C#3,C#3
286.0,312.1429,72,3.0,F#4,F#4,F#4,F#4,F#2,F#4,F#4,A3,F#4,F#4,C#4,A3,F#2,F#2
286.5,312.6786,72,3.5,F#4,F#4,C#5,F#4,A2,F#4,F#4,A3,F#4,F#4,C#4,A3,F#2,A2
286.75,312.9464,72,3.75,F#4,F#4,C#5,F#4,A2,F#4,F#4,A3,F#4,F#4,C#4,A3,F#2,A2
287.0,313.2143,72,4.0,r,r,F#5,F#4,D3,r,r,r,r,r,r,r,r,D3
287.5,313.75,72,4.5,r,r,F#5,F#4,C#3,r,r,r,r,r,r,r,r,C#3
288.0,314.2857,73,1.0,r,r,F#5,G#4,B2,r,r,r,r,r,r,r,r,B2
288.5,314.8214,73,1.5,r,r,F#5,D4,A2,r,r,r,r,r,r,r,r,A2
288.75,315.0893,73,1.75,r,r,F#5,D4,B2,r,r,r,r,r,r,r,r,B2
289.0,315.3571,73,2.0,r,r,F5,C#4,C#3,r,r,r,r,r,r,r,r,C#3
289.5,315.8929,73,2.5,r,r,F5,G#4,C#2,r,r,r,r,r,r,r,r,C#2
290.0,316.4286,73,3.0,r,r,F#5,A4,F#2,r,r,r,r,r,r,r,r,F#2
290.5,316.9643,73,3.5,r,r,F#5,D4,G#2,r,r,r,r,r,r,r,r,G#2
291.0,317.5,73,4.0,r,r,E5,C#4,B-2,r,r,r,r,r,r,r,r,B-2
291.5,318.0357,73,4.5,r,r,E5,B-4,F#2,r,r,r,r,r,r,r,r,F#2
292.0,318.5714,74,1.0,r,r,D5,B4,B2,r,r,r,r,r,r,r,r,B2
292.25,318.8393,74,1.25,r,r,D5,A4,B2,r,r,r,r,r,r,r,r,B2
292.5,319.1071,74,1.5,r,r,D5,G4,B3,r,r,r,r,r,r,r,r,B3
293.0,319.6429,74,2.0,r,r,D5,G4,A3,r,r,r,r,r,r,r,r,A3
293.25,319.9107,74,2.25,r,r,D5,F#4,A3,r,r,r,r,r,r,r,r,A3
293.5,320.1786,74,2.5,r,r,D5,F4,G#3,r,r,r,r,r,r,r,r,G#3
293.75,320.4464,74,2.75,r,r,D5,F#4,G#3,r,r,r,r,r,r,r,r,G#3
294.0,320.7143,74,3.0,r,r,D5,F4,C#4,r,r,r,r,r,r,r,r,C#4
294.5,321.25,74,3.5,r,r,F4,D5,C#4,r,r,r,r,r,r,r,r,C#4
295.0,321.7857,74,4.0,r,r,F#4,C#5,r,r,r,r,r,r,r,r,r,r
295.5,322.3214,74,4.5,F5,C#5,G#4,B4,C#3,F5,C#5,C#4,r,r,r,r,r,C#3
296.0,322.8571,75,1.0,F#5,C#5,F#4,A4,D3,F#5,C#5,F#3,r,r,r,r,r,D3
296.5,323.3929,75,1.5,C#5,F#5,A4,A4,D3,C#5,F#5,F#3,r,r,r,r,r,D3
297.0,323.9286,75,2.0,C5,G#5,E-4,r,r,C5,G#5,r,r,r,r,r,r,r
297.5,324.4643,75,2.5,F#5,C5,E-4,E-5,G#2,F#5,C5,G#3,r,r,r,r,r,G#2
298.0,325.0,75,3.0,F5,C#5,r,C#5,C#3,F5,C#5,G#4,r,r,r,r,r,C#3
298.5,325.5357,75,3.5,B4,F5,D4,C#5,C#3,B4,F5,G#4,r,r,r,r,r,C#3
299.0,326.0714,75,4.0,B-4,F#5,C#4,r,r,B-4,F#5,r,r,r,r,r,r,r
299.5,326.6071,75,4.5,E5,B-4,C#4,C#5,F#2,E5,B-4,F#4,r,r,r,r,r,F#2
300.0,327.1429,76,1.0,E-5,B4,r,B4,B2,E-5,B4,F#4,r,r,r,r,r,B2
300.5,327.6786,76,1.5,A4,E-5,C4,B4,B2,A4,E-5,F#4,r,r,r,r,r,B2
301.0,328.2143,76,2.0,G#4,E5,B3,r,r,G#4,E5,r,r,r,r,r,r,r
301.5,328.75,76,2.5,D5,G#4,B3,B4,E2,D5,G#4,E4,r,r,r,r,r,E2
302.0,329.2857,76,3.0,C#5,A4,r,A4,A2,C#5,A4,E4,r,r,r,r,r,A2
302.5,329.8214,76,3.5,E5,A4,r,A4,A2,E5,A4,E4,r,r,r,r,r,C#3
302.75,330.0893,76,3.75,E5,A4,r,A4,A2,E5,A4,E4,r,r,r,r,r,C#3
303.0,330.3571,76,4.0,A5,A4,r,r,r,A5,A4,r,r,r,r,r,r,F#3
303.5,330.8929,76,4.5,A5,A4,r,r,r,A5,A4,C#4,r,r,r,r,r,E3
304.0,331.4286,77,1.0,A5,B4,r,r,r,A5,B4,F#4,r,r,r,r,r,D3
304.5,331.9643,77,1.5,A5,F#4,r,r,r,A5,F#4,D4,r,r,r,r,r,B2
305.0,332.5,77,2.0,G#5,E4,r,r,r,G#5,E4,B3,r,r,r,r,r,E3
305.5,333.0357,77,2.5,G#5,B4,r,r,r,G#5,B4,E4,r,r,r,r,r,E2
306.0,333.5714,77,3.0,A5,C#5,r,r,r,A5,C#5,E4,r,r,r,r,r,A2
306.5,334.1071,77,3.5,A5,F#4,r,r,r,A5,F#4,D4,r,r,r,r,r,B2
307.0,334.6429,77,4.0,G5,E4,r,r,r,G5,E4,C#4,r,r,r,r,r,C#3
307.5,335.1786,77,4.5,G5,C#5,r,r,r,G5,C#5,E4,r,r,r,r,r,A2
308.0,335.7143,78,1.0,F#5,D5,r,r,r,F#5,D5,A3,r,r,r,r,r,D3
308.25,335.9821,78,1.25,F#5,C#5,r,r,r,F#5,C#5,A3,r,r,r,r,r,D3
308.5,336.25,78,1.5,F#5,B4,r,r,r,F#5,B4,F#3,r,r,r,r,r,C#3
309.0,336.7857,78,2.0,F#5,B4,r,r,r,F#5,B4,B3,r,r,r,r,r,D3
309.25,337.0536,78,2.25,F#5,A4,r,r,r,F#5,A4,B3,r,r,r,r,r,D3
309.5,337.3214,78,2.5,F#5,G#4,r,r,r,F#5,G#4,D4,r,r,r,r,r,B2
309.75,337.5893,78,2.75,F#5,A4,r,r,r,F#5,A4,D4,r,r,r,r,r,B2
310.0,337.8571,78,3.0,F#5,G#4,r,r,r,F#5,G#4,B3,r,r,r,r,r,E3
310.25,338.125,78,3.25,E5,G#4,r,r,r,E5,G#4,B3,r,r,r,r,r,E3
310.5,338.3929,78,3.5,D5,F#5,r,r,r,D5,F#5,A3,r,r,r,r,r,F#3
311.0,338.9286,78,4.0,D5,E5,r,r,r,D5,E5,B3,r,r,r,r,r,G#3
311.25,339.1964,78,4.25,C#5,E5,r,r,r,C#5,E5,B3,r,r,r,r,r,G#3
311.5,339.4643,78,4.5,B4,D5,G#5,B4,E3,B4,D5,G#3,r,r,r,r,r,E3
311.75,339.7321,78,4.75,C#5,D5,G#5,B4,E3,C#5,D5,G#3,r,r,r,r,r,E3
312.0,340.0,79,1.0,A4,C#5,A5,C#5,A3,A4,C#5,E3,r,r,r,r,r,A3
312.5,340.5357,79,1.5,E5,G#4,E5,G#4,A3,C#5,C#5,E3,r,r,r,r,r,A3
313.0,341.0714,79,2.0,E-5,F#4,E-5,F#4,r,B4,r,r,r,r,r,r,r,r
313.5,341.6071,79,2.5,A5,E-5,A5,E-5,B3,B4,F#5,B3,r,r,r,r,r,B3
314.0,342.1429,79,3.0,G#5,E5,G#5,E5,E3,r,E5,B3,r,r,r,r,r,E3
314.5,342.6786,79,3.5,D5,G#5,D5,G#5,E3,B4,E5,B3,r,r,r,r,r,E3
315.0,343.2143,79,4.0,C#5,A5,C#5,A5,r,A4,r,r,r,r,r,r,r,r
315.5,343.75,79,4.5,G5,C#5,G5,C#5,A3,A4,E5,A3,r,r,r,r,r,A3
316.0,344.2857,80,1.0,F#5,D5,F#5,D5,D3,r,F#5,A3,r,r,r,r,r,D3
316.5,344.8214,80,1.5,C5,F#5,C5,F#5,D3,A4,F#5,A3,r,r,r,r,r,D3
317.0,345.3571,80,2.0,B4,G5,B4,G5,r,G4,r,r,r,r,r,r,r,r
317.5,345.8929,80,2.5,F#5,B4,F#5,B4,G3,G4,D5,B3,r,r,r,r,r,G3
318.0,346.4286,80,3.0,F5,C#5,F5,C#5,C#3,r,C#5,G#3,r,r,r,r,r,C#3
318.5,346.9643,80,3.5,B4,F5,B4,F5,C#3,D5,C#5,G#3,r,r,r,r,r,C#3
319.0,347.5,80,4.0,B-4,F#5,B-4,F#5,r,C#5,r,r,r,r,r,r,r,r
319.5,348.0357,80,4.5,E5,B-4,E5,B-4,F#3,C#5,C#5,F#3,r,r,r,r,r,F#3
320.0,348.5714,81,1.0,D5,B4,D5,B4,B2,r,D5,F#3,r,r,r,r,B2,B2
320.5,349.1071,81,1.5,F#5,D5,F#5,D5,B2,F#5,D5,F#3,r,r,r,r,B2,B2
320.75,349.375,81,1.75,F#5,D5,F#5,D5,B2,F#5,D5,F#3,r,r,r,r,B2,B2
321.0,349.6429,81,2.0,B5,G5,B5,G5,B2,E5,r,r,r,r,r,r,B2,B2
321.5,350.1786,81,2.5,B5,F#5,B5,F#5,B2,D5,r,D4,r,r,r,r,B2,B2
322.0,350.7143,81,3.0,B5,E5,B5,E5,C#3,C#5,r,E4,r,r,r,r,C#3,C#3
322.5,351.25,81,3.5,B5,D5,B5,D5,G2,C#5,G4,E4,r,r,r,r,G2,G2
322.75,351.5179,81,3.75,B5,E5,B5,E5,G2,C#5,G4,E4,r,r,r,r,G2,G2
323.0,351.7857,81,4.0,B-5,F#5,B-5,F#5,F#2,C#5,C#4,r,r,r,r,r,F#2,F#2
323.5,352.3214,81,4.5,B-5,F#5,B-5,F#5,C#3,C#5,E4,C#4,r,r,r,r,C#3,C#3
324.0,352.8571,82,1.0,B5,F#5,B5,F#5,D3,B4,D4,F#3,r,r,r,r,D3,D3
324.5,353.3929,82,1.5,B5,E5,B5,E5,G2,B4,E4,F#3,r,r,r,r,G2,G2
325.0,353.9286,82,2.0,A5,E-5,A5,E-5,F#2,B4,F#4,r,r,r,r,r,F#2,F#2
325.5,354.4643,82,2.5,A5,F#5,A5,F#5,E-3,B4,F#4,B3,r,r,r,r,E-3,E-3
326.0,355.0,82,3.0,G5,B4,G5,B4,E3,B4,E4,B3,r,r,r,r,E3,E3
326.25,355.2679,82,3.25,G5,B4,G5,B4,D3,B4,E4,B3,r,r,r,r,D3,D3
326.5,355.5357,82,3.5,G5,E5,G5,E5,C3,A4,E4,B3,r,r,r,r,C3,C3
326.75,355.8036,82,3.75,G5,F#5,G5,F#5,C3,A4,E4,B3,r,r,r,r,C3,C3
327.0,356.0714,82,4.0,G5,E5,G5,E5,C3,G4,r,r,r,r,r,r,C3,C3
327.25,356.3393,82,4.25,G5,E5,G5,E5,B2,G4,r,r,r,r,r,r,B2,B2
327.5,356.6071,82,4.5,G5,D5,G5,D5,B-2,F#4,r,r,r,r,r,r,B-2,B-2
327.75,356.875,82,4.75,G5,D5,G5,D5,B2,F#4,r,r,r,r,r,r,B2,B2
328.0,357.1429,83,1.0,G5,C#5,G5,C#5,B-2,E4,r,r,r,r,r,r,B-2,B-2
328.5,357.6786,83,1.5,B-4,E5,B-4,E5,G3,C#4,E4,C#5,r,r,r,r,G3,G3
329.0,358.2143,83,2.0,B4,D5,B4,D5,F#3,D4,F#4,B4,r,r,r,r,F#3,F#3
329.5,358.75,83,2.5,C#5,C#5,C#5,C#5,E3,E4,G4,B-4,r,r,r,r,E3,E3
330.0,359.2857,83,3.0,D5,B4,D5,B4,D3,F#4,F#4,B4,r,r,r,F#3,D3,D3
330.5,359.8214,83,3.5,E5,B4,E5,B4,C#3,F#4,B4,F#4,r,r,r,F#3,C#3,C#3
330.75,360.0893,83,3.75,D5,B4,D5,B4,B2,F#4,B4,F#4,r,r,r,F#3,B2,B2
331.0,360.3571,83,4.0,C#5,B4,C#5,B4,F#3,F#4,C#5,F#4,r,r,r,F#3,F#3,F#3
331.5,360.8929,83,4.5,D5,A4,D5,A4,F#3,F4,F#5,G#4,r,r,r,F#3,F#3,F#3
331.75,361.1607,83,4.75,C#5,A4,C#5,A4,F#3,F#4,F#5,A4,r,r,r,F#3,F#3,F#3
332.0,361.4286,84,1.0,B4,G#4,B4,G#4,F#3,D4,B4,B4,r,r,r,G#3,F#3,F#3
332.5,361.9643,84,1.5,A4,F#4,A4,F#4,F#3,D4,D5,B4,r,r,r,D3,F#3,F#3
332.75,362.2321,84,1.75,B4,F#4,B4,F#4,F#3,D4,D5,B4,r,r,r,D3,F#3,F#3
333.0,362.5,84,2.0,C#5,G#4,C#5,G#4,F3,r,G#4,r,r,r,r,C#3,F3,F3
333.5,363.0357,84,2.5,B4,G#4,B4,G#4,F3,C#4,C#5,G#4,r,r,r,G#3,F3,F3
334.0,363.5714,84,3.0,A4,F#4,A4,F#4,F#3,F#4,C#5,C#4,r,r,r,A3,F#3,F#3
334.5,364.1071,84,3.5,F#5,F#4,F#5,F#4,F#3,F#4,B4,C#4,r,r,r,D3,F#3,F#3
334.75,364.375,84,3.75,E5,F#4,E5,F#4,F#3,F#4,B4,C#4,r,r,r,D3,F#3,F#3
335.0,364.6429,84,4.0,F#5,F#4,F#5,F#4,r,r,A4,r,r,r,r,C#3,r,r
335.5,365.1786,84,4.5,C#5,F#4,C#5,F#4,E3,F#4,C#5,B-3,r,r,r,B-3,E3,E3
336.0,365.7143,85,1.0,D5,F#4,D5,F#4,D3,F#5,B4,F#3,r,r,r,B3,D3,D3
336.25,365.9821,85,1.25,D5,F#4,D5,F#4,D3,F#5,B4,F#3,r,r,r,A3,D3,D3
336.5,366.25,85,1.5,D5,B4,D5,B4,C#3,F#5,B4,F#3,r,r,r,G3,C#3,C#3
336.75,366.5179,85,1.75,D5,B-4,D5,B-4,C#3,F#5,B4,F#3,r,r,r,G3,C#3,C#3
337.0,366.7857,85,2.0,D5,B4,D5,B4,D3,r,r,r,r,r,r,G3,D3,D3
337.25,367.0536,85,2.25,D5,B4,D5,B4,D3,r,r,r,r,r,r,F#3,D3,D3
337.5,367.3214,85,2.5,D5,D5,D5,D5,B2,B4,G#4,D4,r,r,r,F3,C#3,B2
337.75,367.5893,85,2.75,D5,D5,D5,D5,B2,B4,G#4,D4,r,r,r,F#3,B2,B2
338.0,367.8571,85,3.0,D5,G#4,D5,G#4,C#3,B4,G#4,F3,r,r,r,F3,C#3,C#3
338.5,368.3929,85,3.5,G#4,G#5,G#4,G#5,C#3,F4,G#4,F3,r,r,r,D4,B3,C#3
339.0,368.9286,85,4.0,A4,F#5,A4,F#5,C#2,F#4,r,r,r,r,r,C#4,A3,C#2
339.5,369.4643,85,4.5,B4,F5,B4,F5,C#2,G#4,F4,C#4,r,r,r,B3,G#3,C#2
340.0,370.0,86,1.0,C#5,F#5,C#5,F#5,F#2,A4,C#5,C#4,r,r,r,A3,F#3,F#2
340.5,370.5357,86,1.5,B4,C#5,B4,C#5,F#2,A4,C#5,C#4,r,r,r,G#3,F#3,F#2
340.75,370.8036,86,1.75,A4,C#5,A4,C#5,F#2,A4,C#5,C#4,r,r,r,F#3,F#3,F#2
341.0,371.0714,86,2.0,F#5,B4,F#5,B4,r,r,r,r,r,r,r,D4,r,r
341.5,371.6071,86,2.5,D5,A4,D5,A4,B2,F#5,B4,D4,r,r,r,D4,B2,B2
341.75,371.875,86,2.75,D5,B4,D5,B4,B2,F#5,B4,D4,r,r,r,D4,B2,B2
342.0,372.1429,86,3.0,B4,G#4,B4,G#4,E3,E5,B4,E4,r,r,r,D4,E3,E3
342.5,372.6786,86,3.5,C#5,A4,C#5,A4,E3,E5,B4,E4,r,r,r,A3,E3,E3
342.75,372.9464,86,3.75,D5,A4,D5,A4,E3,E5,B4,E4,r,r,r,A3,E3,E3
343.0,373.2143,86,4.0,E5,B4,E5,B4,E2,r,r,r,r,r,r,G#3,E3,E2
343.5,373.75,86,4.5,B4,G#4,B4,G#4,E2,E5,B4,G#4,r,r,r,D4,F#3,E2
343.75,374.0179,86,4.75,B4,G#4,B4,G#4,E2,E5,B4,G#4,r,r,r,D4,G#3,E2
344.0,374.2857,87,1.0,C#5,E4,C#5,E4,A2,E5,A4,C#4,r,r,r,C#4,A3,A2
344.25,374.5536,87,1.25,B4,E4,B4,E4,A2,E5,A4,C#4,r,r,r,C#4,A3,A2
344.5,374.8214,87,1.5,C#5,A4,C#5,A4,A2,E5,A4,C#4,r,r,r,A3,A3,A2
344.75,375.0893,87,1.75,D5,A4,D5,A4,A2,E5,A4,C#4,r,r,r,B3,A3,A2
345.0,375.3571,87,2.0,E5,A4,E5,A4,r,r,r,r,r,r,r,C4,r,r
345.5,375.8929,87,2.5,C5,G4,C5,G4,A2,E5,A4,E4,r,r,r,C4,A2,A2
345.75,376.1607,87,2.75,C5,A4,C5,A4,A2,E5,A4,E4,r,r,r,C4,A2,A2
346.0,376.4286,87,3.0,A4,F#4,A4,F#4,D3,D5,A4,F#4,r,r,r,C4,D3,D3
346.5,376.9643,87,3.5,B4,G4,B4,G4,D3,D5,A4,F#4,r,r,r,G3,D3,D3
346.75,377.2321,87,3.75,C5,G4,C5,G4,D3,D5,A4,F#4,r,r,r,G3,D3,D3
347.0,377.5,87,4.0,D5,A4,D5,A4,r,r,r,r,r,r,r,F#3,D3,r
347.5,378.0357,87,4.5,A4,F#4,A4,F#4,D2,D5,A4,F#4,r,r,r,C4,E3,D2
347.75,378.3036,87,4.75,A4,F#4,A4,F#4,D2,D5,A4,F#4,r,r,r,C4,F#3,D2
348.0,378.5714,88,1.0,B4,D4,B4,D4,G2,D5,G4,B3,r,r,B3,B3,G3,G2
348.5,379.1071,88,1.5,D5,D4,D5,D4,F#2,D5,G4,B3,r,r,B3,F#3,G3,F#2
348.75,379.375,88,1.75,D5,D4,D5,D4,F#2,D5,G4,B3,r,r,B3,F#3,G3,F#2
349.0,379.6429,88,2.0,G5,r,G5,r,E2,r,r,B3,r,r,B3,B3,r,E2
349.5,380.1786,88,2.5,F#5,D4,F#5,D4,D2,D5,B4,B3,r,r,B3,B3,D3,D2
350.0,380.7143,88,3.0,E5,G4,E5,G4,E2,C#5,G4,C#4,r,r,C#4,B3,E3,E2
350.25,380.9821,88,3.25,D5,F#4,D5,F#4,E2,C#5,G4,C#4,r,r,C#4,B3,E3,E2
350.5,381.25,88,3.5,C#5,E4,C#5,E4,E2,C#5,G4,G3,r,r,G3,B3,E3,E2
351.0,381.7857,88,4.0,C#5,E4,C#5,E4,F#2,r,r,F#3,r,r,F#3,B-3,F#3,F#2
351.5,382.3214,88,4.5,F#5,B-4,F#5,B-4,F#2,C#5,F#4,C#4,r,r,C#4,B-3,F#3,F#2
351.75,382.5893,88,4.75,E5,B-4,E5,B-4,F#2,C#5,F#4,C#4,r,r,C#4,B-3,F#3,F#2
352.0,382.8571,89,1.0,D5,F#4,D5,F#4,B2,B4,F#4,D4,r,r,D4,B3,B2,B2
352.25,383.125,89,1.25,C#5,F#4,C#5,F#4,B2,B4,F#4,D4,r,r,D4,B3,B2,B2
352.5,383.3929,89,1.5,B4,B4,B4,B4,B2,B4,F#4,G3,r,r,G3,r,F#3,B2
352.75,383.6607,89,1.75,B4,C#5,B4,C#5,B2,B4,F#4,G3,r,r,G3,r,F#3,B2
353.0,383.9286,89,2.0,B4,E-5,B4,E-5,A2,r,r,F#3,r,r,F#3,r,B3,A2
353.5,384.4643,89,2.5,F#5,F#5,F#5,F#5,A2,B4,F#4,E-4,r,r,E-4,F#3,B3,A2
354.0,385.0,89,3.0,B5,G5,B5,G5,G2,B4,B3,E4,r,r,E4,E3,B3,G2
354.25,385.2679,89,3.25,B5,G5,B5,G5,G2,B4,B3,D4,r,r,D4,E3,B3,G2
354.5,385.5357,89,3.5,B5,G5,B5,G5,E3,B4,B3,C4,r,r,C4,G3,E3,E3
355.0,386.0714,89,4.0,r,r,r,r,D3,r,r,C4,r,r,C4,F#3,D3,D3
355.25,386.3393,89,4.25,r,r,r,r,D3,r,r,B3,r,r,B3,F#3,D3,D3
355.5,386.6071,89,4.5,G5,E5,G5,E5,C#3,C#5,E4,B-3,r,r,B-3,E3,C#3,C#3
355.75,386.875,89,4.75,G5,E5,G5,E5,C#3,C#5,E4,B3,r,r,B3,E3,C#3,C#3
356.0,387.1429,90,1.0,G5,E5,G5,E5,F#3,C#5,C#4,B-3,r,r,B-3,F#3,F#3,F#3
356.5,387.6786,90,1.5,C#5,C#5,C#5,C#5,E3,C#5,C#4,G4,r,r,G4,B-3,E3,E3
357.0,388.2143,90,2.0,D5,B4,D5,B4,D3,r,r,F#4,r,r,F#4,B3,D3,D3
357.5,388.75,90,2.5,E5,B-4,E5,B-4,C#3,C#5,C#4,E4,r,r,E4,C#4,C#3,C#3
358.0,389.2857,90,3.0,F#5,B4,F#5,B4,B2,F#4,D4,D4,F#4,r,D4,D4,B2,B2
358.5,389.8214,90,3.5,E5,B4,E5,B4,C#3,F#4,E4,C#4,F#4,r,C#4,E4,C#3,C#3
358.75,390.0893,90,3.75,E5,B4,E5,B4,C#3,F#4,D4,B3,F#4,r,B3,D4,C#3,C#3
359.0,390.3571,90,4.0,D5,r,D5,r,D3,F#4,C#4,F#4,F#4,r,F#4,C#4,D3,D3
359.25,390.625,90,4.25,D5,r,D5,r,D3,F#4,B3,F#4,F#4,r,F#4,B3,D3,D3
359.5,390.8929,90,4.5,D5,A4,D5,A4,C#3,F#4,A3,F#4,F#4,r,F#4,A3,C#3,C#3
359.75,391.1607,90,4.75,D5,A4,D5,A4,C#3,F#4,B3,F#4,F#4,r,F#4,B3,C#3,C#3
360.0,391.4286,91,1.0,D5,B4,D5,B4,B2,G#4,G#3,F#4,G#4,r,F#4,G#3,B2,B2
360.25,391.6964,91,1.25,C#5,A4,C#5,A4,B2,G#4,G#3,F#4,G#4,r,F#4,G#3,B2,B2
360.5,391.9643,91,1.5,B4,G#4,B4,G#4,A2,D4,G#3,F#4,D4,r,F#4,G#3,A2,A2
360.75,392.2321,91,1.75,B4,G#4,B4,G#4,B2,D4,G#3,F#4,D4,r,F#4,G#3,B2,B2
361.0,392.5,91,2.0,B4,G#4,B4,G#4,C#3,C#4,G#3,F4,C#4,r,F4,G#3,C#3,C#3
361.5,393.0357,91,2.5,C#5,F4,C#5,F4,C#2,G#4,G#3,F4,G#4,r,F4,G#3,C#3,C#2
361.75,393.3036,91,2.75,B4,F4,B4,F4,C#2,G#4,G#3,F4,G#4,r,F4,G#3,C#3,C#2
362.0,393.5714,91,3.0,A4,F#4,A4,C#4,F#2,A4,r,F#4,A4,r,F#4,F#3,F#2,F#2
362.5,394.1071,91,3.5,F#4,F#4,F#4,C#4,F#2,D4,F#4,F#4,D4,r,F#4,F#4,F#2,F#2
362.75,394.375,91,3.75,G#4,F#4,G#4,C#4,F#2,D4,F#4,F#4,D4,r,F#4,F#4,F#2,F#2
363.0,394.6429,91,4.0,B-4,r,B-4,r,r,C#4,E4,r,C#4,r,r,E4,r,r
363.25,394.9107,91,4.25,B4,r,B4,r,r,C#4,E4,r,C#4,r,r,E4,r,r
363.5,395.1786,91,4.5,C#5,r,C#5,r,r,B-4,C#4,r,B-4,r,r,C#4,r,r
363.75,395.4464,91,4.75,B-4,r,B-4,r,r,B-4,C#4,r,B-4,r,r,C#4,r,r
364.0,395.7143,92,1.0,B4,r,B4,r,r,B4,D4,r,B4,r,r,D4,r,r
364.25,395.9821,92,1.25,B4,r,B4,r,r,A4,D4,r,A4,r,r,D4,r,r
364.5,396.25,92,1.5,B4,D5,B4,D5,B3,G4,D4,r,G4,r,r,D4,B3,B3
364.75,396.5179,92,1.75,B4,C#5,B4,C#5,B3,G4,D4,r,G4,r,r,D4,B3,B3
365.0,396.7857,92,2.0,B4,B4,B4,B4,A3,G4,D4,r,G4,r,r,D4,A3,A3
365.25,397.0536,92,2.25,B4,A4,B4,A4,A3,F#4,D4,r,F#4,r,r,D4,A3,A3
365.5,397.3214,92,2.5,B4,G#4,B4,G#4,F#3,F4,D4,r,F4,r,r,D4,F#3,F#3
365.75,397.5893,92,2.75,B4,A4,B4,A4,F#3,F#4,D4,r,F#4,r,r,D4,F#3,F#3
366.0,397.8571,92,3.0,B4,B4,B4,B4,G#3,F4,D4,r,F4,r,r,D4,G#3,G#3
366.5,398.3929,92,3.5,D5,B4,D5,B4,G#3,D5,B4,F#3,D5,r,B4,F#3,G#3,G#3
367.0,398.9286,92,4.0,C#5,G#4,C#5,G#4,C#3,C#5,G#4,F3,C#5,r,G#4,F3,C#3,C#3
367.5,399.4643,92,4.5,B4,F4,B4,F4,C#3,B4,F4,G#3,B4,r,F4,G#3,C#3,C#3
368.0,400.0,93,1.0,A4,F#4,A4,F#4,F#3,A4,F#4,C#3,A4,r,F#4,A3,F#3,F#3
368.5,400.5357,93,1.5,G#4,G#4,G#4,G#4,F#3,G#4,G#4,C#3,G#4,r,G#4,A3,F#3,F#3
368.75,400.8036,93,1.75,F#4,G#4,F#4,G#4,F#3,F#4,G#4,C#3,F#4,r,G#4,A3,F#3,F#3
369.0,401.0714,93,2.0,D5,A4,D5,A4,F3,D5,A4,r,D5,r,A4,A3,F3,F3
369.5,401.6071,93,2.5,D5,D4,D5,D4,F3,D5,D4,A3,D5,r,D4,G#3,F3,F3
369.75,401.875,93,2.75,D5,D4,D5,D4,F3,D5,D4,A3,D5,r,D4,A3,F3,F3
370.0,402.1429,93,3.0,D5,G#4,D5,G#4,E3,D5,G#4,B3,D5,r,G#4,B3,E3,E3
370.5,402.6786,93,3.5,A4,A4,A4,A4,E3,A4,A4,C#4,A4,r,A4,C#4,E3,E3
371.0,403.2143,93,4.0,G#4,B4,G#4,B4,E2,G#4,B4,D4,G#4,r,B4,D4,E3,E2
371.5,403.75,93,4.5,D5,B4,D5,B4,E2,D5,B4,G#3,D5,r,B4,G#3,E3,E2
372.0,404.2857,94,1.0,C#5,B4,C#5,B4,A2,C#5,B4,A3,C#5,r,B4,A3,A3,A2
372.5,404.8214,94,1.5,B4,E4,B4,E4,A3,B4,E4,C#4,B4,r,E4,C#4,A3,A3
372.75,405.0893,94,1.75,A4,E4,A4,E4,A3,A4,E4,C#4,A4,r,E4,C#4,A3,A3
373.0,405.3571,94,2.0,E5,B4,E5,B4,G3,E5,B4,B3,E5,r,B4,B3,G3,G3
373.5,405.8929,94,2.5,E5,C#5,E5,C#5,E3,E5,C#5,E4,E5,r,C#5,E4,E3,E3
373.75,406.1607,94,2.75,E5,B4,E5,B4,E3,E5,B4,D4,E5,r,B4,D4,E3,E3
374.0,406.4286,94,3.0,E5,B-4,E5,B-4,F#3,E5,B-4,C#4,E5,r,B-4,C#4,F#3,F#3
374.5,406.9643,94,3.5,B4,B4,B4,B4,F#3,B4,B4,D4,B4,r,B4,D4,F#3,F#3
375.0,407.5,94,4.0,B-4,C#5,B-4,C#5,F#2,B-4,C#5,E4,B-4,r,C#5,E4,F#2,F#2
375.5,408.0357,94,4.5,E5,C#5,E5,C#5,F#2,E5,C#5,B-3,E5,r,C#5,B-3,F#2,F#2
376.0,408.5714,95,1.0,D5,B4,D5,B4,B2,D5,B4,B3,D5,r,B4,B3,r,B2
376.5,409.1071,95,1.5,C#5,A4,C#5,A4,F#3,C#5,A4,B3,C#5,r,A4,B3,F#3,F#3
377.0,409.6429,95,2.0,B4,G#4,B4,G#4,B3,B4,G#4,r,B4,r,G#4,r,B3,B3
377.5,410.1786,95,2.5,A4,F#4,A4,F#4,B3,A4,F#4,F#3,A4,r,F#4,F#3,B3,B3
378.0,410.7143,95,3.0,G#4,F4,G#4,F4,B3,G#4,F4,C#4,G#4,r,F4,C#4,B3,B3
378.5,411.25,95,3.5,A4,F#4,A4,F#4,F#3,A4,F#4,C#4,A4,r,F#4,C#4,F#3,F#3
378.75,411.5179,95,3.75,B4,F#4,B4,F#4,F#3,B4,F#4,C#4,B4,r,F#4,C#4,F#3,F#3
379.0,411.7857,95,4.0,C#5,G#4,C#5,G#4,F3,C#5,G#4,G#3,C#5,r,G#4,G#3,F3,F3
379.5,412.3214,95,4.5,C#5,F#4,C#5,F#4,B3,C#5,F#4,A3,C#5,r,F#4,A3,B3,B3
379.75,412.5893,95,4.75,C#5,F4,C#5,F4,B3,C#5,F4,B3,C#5,r,F4,B3,B3,B3
380.0,412.8571,96,1.0,C#5,F#4,C#5,F#4,A3,C#5,F#4,C#4,C#5,r,F#4,C#4,A3,A3
380.5,413.3929,96,1.5,B4,F4,B4,C#4,G#3,B4,C#4,C#4,B4,r,C#4,C#4,G#3,G#3
380.75,413.6607,96,1.75,B4,F4,B4,C#4,F#3,B4,C#4,C#4,B4,r,C#4,C#4,F#3,F#3
381.0,413.9286,96,2.0,A4,F#4,A4,F#4,A3,A4,F#4,C#4,A4,r,F#4,C#4,A3,A3
381.5,414.4643,96,2.5,G4,E4,G4,E4,A3,G4,E4,B3,G4,r,E4,B3,A3,A3
381.75,414.7321,96,2.75,G4,E4,G4,E4,A3,G4,E4,A3,G4,r,E4,A3,A3,A3
382.0,415.0,96,3.0,F#4,E-4,F#4,E-4,A3,F#4,E-4,B3,F#4,r,E-4,B3,A3,A3
382.5,415.5357,96,3.5,G4,E4,G4,E4,E3,G4,E4,B3,G4,r,E4,B3,E3,E3
382.75,415.8036,96,3.75,A4,E4,A4,E4,E3,A4,E4,B3,A4,r,E4,B3,E3,E3
383.0,416.0714,96,4.0,B4,F#4,B4,F#4,E-3,B4,F#4,B3,B4,r,F#4,B3,E-3,E-3
383.5,416.6071,96,4.5,B4,E4,B4,E4,A3,B4,E4,B3,B4,r,E4,B3,A3,A3
383.75,416.875,96,4.75,B4,E-4,B4,E-4,A3,B4,E-4,B3,B4,r,E-4,B3,A3,A3
384.0,417.1429,97,1.0,B4,E4,B4,E4,G3,B4,E4,B3,E4,E4,E4,B3,G3,G3
384.25,417.4107,97,1.25,B4,E4,B4,E4,F#3,B4,E4,B3,E4,E4,E4,B3,G3,F#3
384.5,417.6786,97,1.5,C#5,E4,C#5,E4,E3,C#5,E4,B3,B4,E4,E4,B3,E3,E3
384.75,417.9464,97,1.75,E-5,E4,E-5,E4,D3,E-5,E4,B3,B4,E4,E4,B3,E3,D3
385.0,418.2143,97,2.0,E5,E4,E5,E4,C3,E5,E4,A3,E5,E4,E4,A3,C4,C3
385.5,418.75,97,2.5,E5,E4,E5,E4,B2,E5,E4,G3,E5,E4,F#4,G3,B3,B2
385.75,419.0179,97,2.75,E5,E4,E5,E4,B2,E5,E4,G3,E5,E4,G4,G3,B3,B2
386.0,419.2857,97,3.0,E5,F#4,E5,F#4,A2,E5,F#4,F#3,E5,F#4,A4,F#3,A3,A2
386.5,419.8214,97,3.5,E5,r,E5,C4,G2,E5,C4,F#3,E5,C4,A4,F#3,A3,G2
386.75,420.0893,97,3.75,E5,r,E5,C4,A2,E5,C4,F#3,E5,C4,A4,F#3,A3,A2
387.0,420.3571,97,4.0,E-5,r,E-5,B3,B2,E-5,B3,F#3,E-5,B3,A4,F#3,B3,B2
387.5,420.8929,97,4.5,E-5,F#4,E-5,F#4,B2,E-5,F#4,F#3,E-5,F#4,B4,F#3,B3,B2
387.75,421.1607,97,4.75,E-5,F#4,E-5,F#4,B2,E-5,F#4,F#3,E-5,F#4,A4,F#3,B3,B2
388.0,421.4286,98,1.0,E5,G4,E5,G4,E2,E5,G4,E3,E5,G4,G4,E3,E3,E2
388.5,421.9643,98,1.5,A4,r,A4,C4,E3,A4,C4,E-3,A4,C4,F#4,E-3,E3,E3
389.0,422.5,98,2.0,G#4,r,G#4,B3,E3,G#4,B3,E3,G#4,B3,E4,E3,E3,E3
389.5,423.0357,98,2.5,E4,G#4,E4,G#4,D3,E4,G#4,B3,E4,G#4,E4,B3,D3,D3
390.0,423.5714,98,3.0,A4,A4,A4,A4,C3,A4,A4,E4,A4,A4,E4,C4,C3,C3
390.25,423.8393,98,3.25,A4,G4,A4,G4,C3,A4,G4,E4,A4,G4,E4,C4,C3,C3
390.5,424.1071,98,3.5,A4,F4,A4,F4,B2,A4,F4,D4,A4,F4,D4,C4,B2,B2
391.0,424.6429,98,4.0,A4,F4,A4,F4,C3,A4,F4,C4,A4,F4,C4,A3,C3,C3
391.25,424.9107,98,4.25,A4,E4,A4,E4,C3,A4,E4,C4,A4,E4,C4,A3,C3,C3
391.5,425.1786,98,4.5,A4,E-4,A4,E-4,C3,A4,E-4,A3,A4,E-4,A3,C4,C3,C3
391.75,425.4464,98,4.75,A4,E4,A4,E4,C3,A4,E4,A3,A4,E4,A3,C4,C3,C3
392.0,425.7143,99,1.0,A4,E-4,A4,E-4,B2,A4,E-4,F#4,A4,E-4,F#4,F#3,B2,B2
392.5,426.25,99,1.5,A4,C5,A4,C5,B2,A4,C5,E-4,A4,C5,E-4,F#3,B2,B2
393.0,426.7857,99,2.0,G4,B4,G4,B4,C#3,G4,B4,E4,G4,B4,E4,r,C#3,C#3
393.5,427.3214,99,2.5,F#4,A4,F#4,A4,E-3,F#4,A4,F#4,F#4,A4,F#4,r,E-3,E-3
394.0,427.8571,99,3.0,E4,G4,E4,G4,E3,E4,G4,G4,E4,G4,G4,r,E3,E3
394.5,428.3929,99,3.5,F#4,F#4,F#4,F#4,E3,F#4,F#4,A4,F#4,F#4,A4,r,E3,E3
394.75,428.6607,99,3.75,F#4,E4,F#4,E4,E3,F#4,E4,A4,F#4,E4,A4,r,E3,E3
395.0,428.9286,99,4.0,G#4,D5,G#4,D5,r,G#4,D5,B4,G#4,D5,B4,r,E3,r
395.5,429.4643,99,4.5,A4,D5,A4,D5,F#3,A4,D5,A4,A4,D5,A4,r,F#3,F#3
396.0,430.0,100,1.0,B4,D5,B4,D5,G#3,B4,D5,G#4,B4,D5,G#4,r,G#3,G#3
396.5,430.5357,100,1.5,C#5,A4,C#5,A4,A3,C#5,A4,F#4,C#5,A4,F#4,r,A3,A3
397.0,431.0714,100,2.0,D5,G#4,D5,G#4,B3,D5,G#4,E4,D5,G#4,E4,r,B3,B3
397.5,431.6071,100,2.5,G#4,D5,G#4,D5,E3,G#4,D5,B3,G#4,D5,r,B3,E3,E3
398.0,432.1429,100,3.0,A4,C#5,A4,C#5,A3,A4,C#5,A3,A4,C#5,r,A3,A3,A3
398.5,432.6786,100,3.5,A4,B4,A4,B4,A3,A4,B4,B3,A4,B4,E4,B3,A3,A3
398.75,432.9464,100,3.75,A4,A4,A4,A4,A3,A4,A4,B3,A4,A4,E4,B3,A3,A3
399.0,433.2143,100,4.0,r,E5,r,E5,r,r,E5,C#4,r,E5,A4,C#4,r,r
399.5,433.75,100,4.5,B4,E5,B4,E5,G#3,B4,E5,B3,B4,E5,E4,B3,G#3,G#3
400.0,434.2857,101,1.0,C#5,E5,C#5,E5,B-3,C#5,E5,B-3,C#5,E5,C#4,B-3,B-3,B-3
400.5,434.8214,101,1.5,D5,B4,D5,B4,B3,D5,B4,G#3,D5,B4,C#4,G#3,B3,B3
401.0,435.3571,101,2.0,E5,B-4,E5,B-4,C#4,E5,B-4,F#3,E5,B-4,F#4,F#3,C#4,C#4
401.5,435.8929,101,2.5,B-4,E5,B-4,E5,F#3,B-4,E5,C#4,B-4,E5,F#4,C#4,F#3,F#3
402.0,436.4286,101,3.0,B4,D5,B4,D5,B3,B4,D5,B3,B4,D5,F#4,B3,B3,B3
402.5,436.9643,101,3.5,B4,E5,B4,E5,B3,B4,E5,C#4,B4,E5,F#4,C#4,B3,B3
403.0,437.5,101,4.0,r,F#5,r,F#5,B3,r,F#5,D4,r,F#5,F#4,D4,r,B3
403.25,437.7679,101,4.25,r,F#5,r,F#5,B3,r,F#5,E4,r,F#5,E4,E4,r,B3
403.5,438.0357,101,4.5,r,F#5,r,F#5,A3,r,F#5,F#4,r,F#5,D4,F#4,A3,A3
403.75,438.3036,101,4.75,r,F#5,r,F#5,A3,r,F#5,F#4,r,F#5,C#4,F#4,A3,A3
404.0,438.5714,102,1.0,B4,F#5,B4,F#5,G3,B4,F#5,B3,B4,F#5,D4,B3,G3,G3
404.5,439.1071,102,1.5,B4,F#5,B4,F#5,G3,B4,F#5,B3,B4,F#5,C#4,C#4,G3,G3
404.75,439.375,102,1.75,B4,F#5,B4,F#5,G3,B4,F#5,B3,B4,F#5,B3,D4,G3,G3
405.0,439.6429,102,2.0,B4,E5,B4,E5,G3,B4,E5,B4,B4,E5,B4,E4,G3,G3
405.25,439.9107,102,2.25,B4,E5,B4,E5,G3,B4,E5,B4,B4,E5,B4,F#4,G3,G3
405.5,440.1786,102,2.5,B4,E5,B4,E5,G3,B4,E5,B4,B4,E5,B4,G4,G3,G3
406.0,440.7143,102,3.0,C#5,F#5,C#5,F#5,F#3,C#5,F#5,B4,C#5,F#5,B4,C#4,F#3,F#3
406.5,441.25,102,3.5,G4,F#5,G4,F#5,F#3,G4,F#5,B4,G4,F#5,B4,C#4,F#3,F#3
407.0,441.7857,102,4.0,F#4,r,F#4,r,r,F#4,r,B-4,F#4,r,B-4,r,r,F#2
407.5,442.3214,102,4.5,C#5,r,C#5,r,r,C#5,r,B-4,C#5,r,B-4,r,r,F#2
408.0,442.8571,103,1.0,D5,r,D5,r,r,D5,r,B4,D5,r,B4,r,r,B2
408.5,443.3929,103,1.5,G4,r,G4,r,B3,G4,r,E4,G4,r,E4,r,B3,B3
409.0,443.9286,103,2.0,F#4,r,F#4,r,B3,F#4,r,E-4,F#4,r,E-4,r,B3,B3
409.5,444.4643,103,2.5,E-5,r,E-5,r,A3,E-5,r,F#4,E-5,r,F#4,r,A3,A3
410.0,445.0,103,3.0,E5,r,E5,r,G3,E5,r,G4,E5,r,B4,r,G3,G3
410.25,445.2679,103,3.25,D5,r,D5,r,G3,D5,r,G4,D5,r,B4,r,G3,G3
410.5,445.5357,103,3.5,C5,r,C5,r,E3,C5,r,G4,C5,r,B4,G3,E3,E3
411.0,446.0714,103,4.0,C5,r,C5,r,F#3,C5,r,G4,C5,r,E4,G3,F#3,F#3
411.25,446.3393,103,4.25,B4,r,B4,r,F#3,B4,r,G4,B4,r,E4,G3,F#3,F#3
411.5,446.6071,103,4.5,B-4,r,B-4,r,G3,B-4,r,G4,B-4,r,E4,F#3,G3,G3
411.75,446.875,103,4.75,B4,r,B4,r,G3,B4,r,G4,B4,r,E4,E3,G3,G3
412.0,447.1429,104,1.0,B-4,r,B-4,r,F#3,B-4,r,C#4,B-4,r,E4,C#4,F#3,F#3
412.5,447.6786,104,1.5,G5,r,G5,r,E3,G5,r,C#4,G5,r,B-3,C#3,E3,E3
413.0,448.2143,104,2.0,F#5,r,F#5,r,D3,F#5,r,F#4,F#5,r,B3,D3,D3,D3
413.5,448.75,104,2.5,E5,r,E5,r,C#3,E5,r,F#4,E5,r,C#4,E3,C#3,C#3
414.0,449.2857,104,3.0,D5,F#4,D5,F#4,B2,D5,F#4,F#4,D5,F#4,D4,F#3,B2,B2
414.5,449.8214,104,3.5,C#5,F#4,C#5,F#4,B3,C#5,F#4,G#4,C#5,F#4,D4,G#3,B2,B2
414.75,450.0893,104,3.75,B4,F#4,B4,F#4,B3,B4,F#4,G#4,B4,F#4,D4,G#3,B2,B2
415.0,450.3571,104,4.0,F#5,F#4,F#5,F#4,A3,F#5,F#4,A4,F#5,F#4,C#4,A3,A2,A2
415.5,450.8929,104,4.5,F#5,F#4,F#5,F#4,G#3,F#5,F#4,F#4,F#5,F#4,C#4,B3,G#2,A2
415.75,451.1607,104,4.75,F#5,F#4,F#5,F#4,A3,F#5,F#4,F#4,F#5,F#4,C#4,C#4,A2,A2
416.0,451.4286,105,1.0,F#5,G#4,F#5,G#4,B3,F#5,G#4,D5,F#5,G#4,B3,D4,B2,B2
416.5,451.9643,105,1.5,F#5,r,F#5,D4,A3,F#5,D4,B4,F#5,D4,B3,B3,A2,B2
416.75,452.2321,105,1.75,F#5,r,F#5,D4,B3,F#5,D4,B4,F#5,D4,B3,B3,B2,B2
417.0,452.5,105,2.0,F5,r,F5,C#4,C#4,F5,C#4,G#4,F5,C#4,B3,G#3,C#3,C#3
417.5,453.0357,105,2.5,F5,G#4,F5,G#4,C#4,F5,G#4,C#5,F5,G#4,B3,C#4,C#3,C#3
418.0,453.5714,105,3.0,F#5,A4,F#5,A4,F#3,F#5,A4,C#5,F#5,A4,A3,C#4,F#2,F#2
418.5,454.1071,105,3.5,F#5,r,F#5,D4,F#3,F#5,D4,B4,F#5,D4,G#3,C#4,F#2,F#2
419.0,454.6429,105,4.0,F#5,r,F#5,C#4,E3,F#5,C#4,C#5,F#5,C#4,B-3,r,r,E3
419.5,455.1786,105,4.5,F#5,B-4,F#5,B-4,E3,F#5,B-4,F#4,F#5,B-4,C#4,C#4,r,E3
420.0,455.7143,106,1.0,F#5,B4,F#5,B4,D3,F#5,B4,F#4,F#5,B4,F#4,B3,r,D3
420.25,455.9821,106,1.25,F#5,A4,F#5,A4,D3,F#5,A4,F#4,F#5,A4,F#4,B3,r,D3
420.5,456.25,106,1.5,E5,G4,E5,G4,B2,E5,G4,G4,E5,G4,B-3,C#4,B3,B2
421.0,456.7857,106,2.0,D5,G4,D5,G4,B2,D5,G4,G4,D5,G4,B3,D4,B3,B2
421.25,457.0536,106,2.25,D5,F#4,D5,F#4,B2,D5,F#4,G4,D5,F#4,B3,D4,B3,B2
421.5,457.3214,106,2.5,C#5,F4,C#5,F4,C#3,C#5,F4,A4,C#5,F4,B3,G#3,C#4,C#3
421.75,457.5893,106,2.75,C#5,F#4,C#5,F#4,C#3,C#5,F#4,A4,C#5,F#4,B3,G#3,C#4,C#3
422.0,457.8571,106,3.0,B4,F4,B4,F4,D3,B4,F4,B4,B4,F4,B3,G#3,D4,D3
422.5,458.3929,106,3.5,B4,D5,B4,D5,D3,B4,D5,B4,B4,D5,A3,G#3,D4,D3
423.0,458.9286,106,4.0,G#5,C#5,G#5,C#5,F2,G#5,C#5,C#5,G#5,C#5,G#3,G#3,F3,F2
423.5,459.4643,106,4.5,G#5,B4,G#5,B4,F2,G#5,B4,C#5,G#5,B4,C#4,G#3,F3,F2
424.0,460.0,107,1.0,G#5,A4,G#5,A4,F#2,G#5,A4,C#4,G#5,A4,C#4,A3,F#3,F#2
424.5,460.5357,107,1.5,C#5,G#4,C#5,G#4,G#2,C#5,G#4,C#4,C#5,G#4,B3,B3,G#3,G#2
424.75,460.8036,107,1.75,C#5,F#4,C#5,F#4,G#2,C#5,F#4,C#4,C#5,F#4,B3,B3,G#3,G#2
425.0,461.0714,107,2.0,F#5,C#5,F#5,C#5,A2,F#5,C#5,r,F#5,C#5,A3,C#4,A3,A2
425.5,461.6071,107,2.5,E5,C#5,E5,C#5,F#2,E5,C#5,A4,E5,C#5,C#4,A3,F#3,F#2
426.0,462.1429,107,3.0,D5,C#5,D5,C#5,B2,D5,C#5,B4,D5,C#5,D4,F#3,B3,B2
426.5,462.6786,107,3.5,D5,F#4,D5,F#4,A3,D5,F#4,B4,D5,F#4,C#4,F#3,A3,A2
427.0,463.2143,107,4.0,D5,B4,D5,B4,G#3,D5,B4,r,D5,B4,B3,F3,G#3,G#2
427.5,463.75,107,4.5,D5,A4,D5,A4,F#3,D5,A4,D5,D5,A4,B3,F#3,F#3,F#2
428.0,464.2857,108,1.0,D5,G#4,D5,G#4,F3,D5,G#4,G#4,D5,G#4,B3,G#3,F3,F3
428.5,464.8214,108,1.5,G#4,G#4,G#4,G#4,E-3,G#4,G#4,G#4,G#4,G#4,B3,G#3,E-3,E-3
429.0,465.3571,108,2.0,C#5,G#4,C#5,G#4,F3,C#5,G#4,r,C#5,G#4,C#4,G#3,F3,F3
429.5,465.8929,108,2.5,B4,G#4,B4,G#4,C#3,B4,G#4,F4,B4,G#4,C#4,G#3,C#3,C#3
430.0,466.4286,108,3.0,A4,G#4,A4,G#4,F#3,A4,G#4,C#4,A4,G#4,C#4,A3,F#3,F#3
430.5,466.9643,108,3.5,A4,C#5,A4,C#4,E3,A4,C#4,C#4,A4,C#4,C#4,G#3,E3,E3
431.0,467.5,108,4.0,A4,F#4,A4,F#4,D3,A4,F#4,r,r,F#4,C#4,F#3,D3,D3
431.5,468.0357,108,4.5,A4,E4,A4,E4,C#3,A4,E4,C#5,r,E4,B3,F#3,C#3,C#3
431.75,468.3036,108,4.75,A4,E4,A4,E4,C#3,A4,E4,C#5,r,E4,C#4,F#3,C#3,C#3
432.0,468.5714,109,1.0,A4,D4,A4,D4,B2,A4,D4,F#4,r,D4,D4,F#3,B2,B2
432.5,469.1071,109,1.5,F5,G#4,F5,D4,B2,F5,D4,F#4,F5,D4,G#3,B3,B2,B2
433.0,469.6429,109,2.0,F#5,A4,F#5,C#4,C#3,F#5,C#4,r,F#5,r,A3,A3,r,C#3
433.5,470.1786,109,2.5,A4,F#4,A4,C#4,C#3,A4,C#4,C#4,A4,A4,F#4,r,C#3,C#3
434.0,470.7143,109,3.0,G#4,B4,G#4,B3,D3,G#4,B3,G#4,G#4,B4,F4,r,D3,D3
434.5,471.25,109,3.5,F5,G#4,F5,G#4,D3,F5,G#4,G#4,F5,B4,B4,G#3,D3,D3
435.0,471.7857,109,4.0,F#5,A4,F#5,A4,C#3,F#5,A4,r,F#5,C#5,A4,A3,C#3,C#3
435.5,472.3214,109,4.5,G#5,B4,G#5,B4,B2,G#5,B4,D4,G#5,F4,G#4,B3,B2,B2
436.0,472.8571,110,1.0,C#5,C#5,C#5,C#5,A2,C#5,C#5,C#4,C#5,F#4,F#4,C#4,A2,A2
436.5,473.3929,110,1.5,F4,D5,F4,D5,G#2,F4,D5,C#4,F4,F#4,B3,D4,G#2,G#2
437.0,473.9286,110,2.0,F#4,C#5,F#4,C#5,A2,F#4,C#5,r,F#4,r,A3,C#4,A2,A2
437.5,474.4643,110,2.5,D5,F#4,D5,F#4,B2,D5,F#4,F#4,D5,F#4,G#3,D4,B2,B2
438.0,475.0,110,3.0,A4,F#4,A4,F#4,C#3,A4,F#4,C#4,A4,F#4,A3,C#4,C#3,C#3
438.5,475.5357,110,3.5,G#4,F4,G#4,F4,C#3,G#4,F4,B3,G#4,F4,B3,D4,C#3,C#3
438.75,475.8036,110,3.75,G#4,F4,G#4,F4,C#3,G#4,F4,A3,G#4,F4,C#4,C#4,C#3,C#3
439.0,476.0714,110,4.0,G#4,F4,G#4,F4,C#3,G#4,F4,G#3,G#4,F4,D4,B3,C#3,C#3
439.5,476.6071,110,4.5,A4,F#4,A4,F#4,C#3,A4,F#4,C#4,A4,F#4,C#4,A3,C#3,C#3
440.0,477.1429,111,1.0,B4,G#4,B4,G#4,C#3,B4,G#4,F4,B4,G#4,B3,G#3,C#3,C#3
440.5,477.6786,111,1.5,D5,B4,D5,B4,C#3,D5,B4,G#3,D5,B4,F4,G#3,C#3,C#3
441.0,478.2143,111,2.0,C#5,A4,C#5,A4,C#3,C#5,A4,C#4,C#5,A4,F#4,A3,C#3,C#3
441.5,478.75,111,2.5,B4,G#4,B4,G#4,C#3,B4,G#4,F4,B4,G#4,G#4,B3,C#3,C#3
442.0,479.2857,111,3.0,A4,F#4,A4,F#4,C#3,A4,F#4,A4,A4,F#4,C#4,C#4,C#3,C#3
442.5,479.8214,111,3.5,A4,D5,A4,D5,B2,A4,D5,F#4,A4,F#4,F#4,F#3,B2,B2
442.75,480.0893,111,3.75,A4,D5,A4,D5,B2,A4,D5,F#4,A4,F#4,G#4,F#3,B2,B2
443.0,480.3571,111,4.0,G#4,C#5,G#4,C#5,C#3,G#4,C#5,C#4,G#4,F4,G#4,C#4,C#3,C#3
443.5,480.8929,111,4.5,G#4,B4,G#4,B4,C#3,G#4,B4,C#4,G#4,F4,G#4,C#4,C#3,C#2
444.0,481.4286,112,1.0,F#4,B4,F#4,B4,F#2,F#4,B4,C#4,F#4,F#4,A4,C#4,F#2,F#2
444.5,481.9643,112,1.5,F#4,A4,F#4,A4,F#3,F#4,A4,C#4,F#4,F#4,F#4,C#4,F#2,F#3
444.75,482.2321,112,1.75,F#4,B4,F#4,B4,F#3,F#4,B4,C#4,F#4,F#4,G4,C#4,F#2,F#3
445.0,482.5,112,2.0,r,C5,r,C5,F#3,r,C5,r,r,r,A4,r,r,F#3
445.5,483.0357,112,2.5,r,C5,r,C5,G3,r,C5,A4,r,E4,A4,r,F#3,G3
445.75,483.3036,112,2.75,r,C5,r,C5,A3,r,C5,A4,r,E4,A4,r,F#3,A3
446.0,483.5714,112,3.0,r,C5,r,C5,B3,r,C5,F#4,r,E-4,A4,r,B3,B3
446.5,484.1071,112,3.5,r,E4,r,E4,B3,r,E4,F#4,r,A4,G4,r,B3,B3
447.0,484.6429,112,4.0,F#5,E-4,F#5,E-4,B2,F#5,E-4,r,r,A4,F#4,r,B2,B2
447.5,485.1786,112,4.5,F#5,A4,F#5,A4,B2,F#5,A4,B4,r,G4,E4,r,B2,B2
447.75,485.4464,112,4.75,F#5,A4,F#5,A4,B2,F#5,A4,B4,r,F#4,E-4,r,B2,B2
448.0,485.7143,113,1.0,F#5,G4,F#5,G4,E3,F#5,G4,B4,r,G4,E4,r,E3,E3
448.25,485.9821,113,1.25,F#5,G4,F#5,G4,E3,F#5,G4,B4,r,A4,E4,r,E3,E3
448.5,486.25,113,1.5,E5,G4,E5,G4,E3,E5,G4,B4,r,B4,E4,B3,E3,E3
448.75,486.5179,113,1.75,F#5,G4,F#5,G4,E3,F#5,G4,B4,r,B4,E4,B3,E3,E3
449.0,486.7857,113,2.0,G5,r,G5,r,E3,G5,r,r,r,E4,B3,E4,r,E3
449.5,487.3214,113,2.5,G5,r,G5,r,D3,G5,r,E4,B4,E4,B3,E4,E3,D3
449.75,487.5893,113,2.75,G5,r,G5,r,E3,G5,r,E4,B4,E4,B3,E4,E3,E3
450.0,487.8571,113,3.0,G5,r,G5,r,F#3,G5,r,C#4,B-4,r,r,E4,F#3,F#3
450.5,488.3929,113,3.5,B4,r,B4,r,F#3,B4,r,C#4,E5,r,r,D4,F#3,F#3
451.0,488.9286,113,4.0,B-4,C#5,B-4,C#5,F#2,B-4,C#5,r,E5,r,r,C#4,F#2,F#2
451.5,489.4643,113,4.5,E5,C#5,E5,C#5,F#2,E5,C#5,F#4,D5,r,r,B3,F#2,F#2
451.75,489.7321,113,4.75,E5,C#5,E5,C#5,F#2,E5,C#5,F#4,C#5,r,r,B-3,F#2,F#2
452.0,490.0,114,1.0,D5,C#5,D5,C#5,B2,D5,C#5,F#4,D5,r,r,B3,B2,B2
452.25,490.2679,114,1.25,D5,C#5,D5,C#5,B2,D5,C#5,F#4,E5,r,r,B3,B2,B2
452.5,490.5357,114,1.5,D5,B4,D5,B4,B2,D5,B4,F#4,F#5,r,F#4,B3,B2,B2
452.75,490.8036,114,1.75,D5,C#5,D5,C#5,B2,D5,C#5,F#4,F#5,r,F#4,B3,B2,B2
453.0,491.0714,114,2.0,r,D5,r,D5,B2,r,D5,r,B4,r,B4,F#3,r,B2
453.5,491.6071,114,2.5,r,D5,r,D5,A2,r,D5,B4,B4,F#4,B4,F#3,B3,A2
453.75,491.875,114,2.75,r,D5,r,D5,B2,r,D5,B4,B4,F#4,B4,F#3,B3,B2
454.0,492.1429,114,3.0,r,D5,r,D5,C#3,r,D5,G#4,r,F4,B4,r,C#4,C#3
454.5,492.6786,114,3.5,r,F#4,r,F#4,C#3,r,F#4,G#4,r,B4,A4,r,C#4,C#3
455.0,493.2143,114,4.0,G#5,F4,G#5,F4,C#2,G#5,F4,r,r,B4,G#4,r,C#3,C#2
455.5,493.75,114,4.5,G#5,B4,G#5,B4,C#2,G#5,B4,C#5,r,A4,F#4,r,C#3,C#2
455.75,494.0179,114,4.75,G#5,B4,G#5,B4,C#2,G#5,B4,C#5,r,G#4,F4,r,C#3,C#2
456.0,494.2857,115,1.0,G#5,A4,G#5,A4,F#2,G#5,A4,C#5,r,A4,F#4,r,F#3,F#2
456.5,494.8214,115,1.5,F#5,A4,F#5,A4,F#3,F#5,A4,C#5,r,A4,F#4,r,F#3,F#3
456.75,495.0893,115,1.75,G#5,A4,G#5,A4,F#3,G#5,A4,C#5,r,A4,F#4,r,F#3,F#3
457.0,495.3571,115,2.0,A5,r,A5,r,F#3,A5,r,r,r,A4,C#4,r,F#3,F#3
457.5,495.8929,115,2.5,A5,r,A5,r,G3,A5,r,E4,E4,A4,A4,C4,G3,G3
457.75,496.1607,115,2.75,A5,r,A5,r,A3,A5,r,E4,E4,A4,A4,C4,A3,A3
458.0,496.4286,115,3.0,A5,r,A5,r,B3,A5,r,B3,E-4,A4,F#4,B3,B3,B3
458.5,496.9643,115,3.5,C5,r,C5,r,B3,C5,r,B3,A4,C4,F#4,A3,B3,B3
458.75,497.2321,115,3.75,C5,r,C5,r,B3,C5,r,B3,A4,C4,F#4,G3,B3,B3
459.0,497.5,115,4.0,B4,E-5,B4,E-5,B2,B4,E-5,r,A4,B3,E-4,F#3,B2,B2
459.5,498.0357,115,4.5,A5,E-5,A5,E-5,B2,A5,E-5,E-4,G4,A4,E4,B3,B2,B2
459.75,498.3036,115,4.75,A5,E-5,A5,E-5,B2,A5,E-5,E-4,F#4,A4,F#4,B3,B2,B2
460.0,498.5714,116,1.0,G#5,E5,G#5,E5,E2,G#5,E5,B3,E4,G#4,E4,B3,E3,E2
460.5,499.1071,116,1.5,D5,B4,D5,B4,E2,D5,B4,B3,B4,D4,E4,B3,E3,E2
461.0,499.6429,116,2.0,C#5,B-4,C#5,B-4,r,C#5,B-4,r,B-4,C#4,r,r,r,r
461.5,500.1786,116,2.5,B-5,C#5,B-5,C#5,E3,B-5,C#5,C#4,C#5,B-4,C#4,G3,E3,E3
462.0,500.7143,116,3.0,B5,F#4,B5,F#4,D3,B5,F#4,B3,F#4,B4,D4,F#3,D3,D3
462.5,501.25,116,3.5,F#5,B4,F#5,B4,D3,F#5,B4,B3,B4,F#4,D4,F#3,D3,D3
463.0,501.7857,116,4.0,F5,C#5,F5,C#5,r,F5,C#5,r,C#5,F4,r,r,r,r
463.5,502.3214,116,4.5,B5,F4,B5,F4,C#3,B5,F4,G#3,F4,B4,G#4,F4,C#3,C#3
464.0,502.8571,117,1.0,B-5,F#4,B-5,F#4,F#3,B-5,F#4,A3,F#4,B-4,F#4,C#4,F#3,F#2
464.5,503.3929,117,1.5,E5,B-4,E5,B-4,F#3,E5,B-4,A3,B-4,E4,F#4,C#4,F#3,F#2
465.0,503.9286,117,2.0,E-5,B4,E-5,B4,r,E-5,B4,r,B4,E-4,r,r,r,r
465.5,504.4643,117,2.5,A5,E-4,A5,E-4,B2,A5,E-4,F#3,E-5,A4,F#4,E-4,B2,B2
466.0,505.0,117,3.0,G#5,E4,G#5,E4,E3,G#5,E4,G#3,E5,G#4,E4,B3,E3,E2
466.5,505.5357,117,3.5,D5,G#4,D5,G#4,E3,D5,G#4,G#3,G#4,D4,E4,B3,E3,E2
467.0,506.0714,117,4.0,C#5,A4,C#5,A4,r,C#5,A4,r,A4,C#4,r,r,r,r
467.5,506.6071,117,4.5,G5,E4,G5,C#4,A2,G5,C#4,E3,C#5,G4,E4,C#4,A2,A2
468.0,507.1429,118,1.0,F#5,D4,F#5,D4,D3,F#5,D4,F#3,D5,F#4,D4,A3,D3,D2
468.25,507.4107,118,1.25,F#5,D4,F#5,D4,D3,F#5,D4,F#3,D5,F#4,C#4,A3,D3,D2
468.5,507.6786,118,1.5,B-4,F#4,B-4,F#4,D3,B-4,F#4,F#3,F#4,B-4,D4,C#4,D3,D2
468.75,507.9464,118,1.75,B-4,F#4,B-4,F#4,D3,B-4,F#4,F#3,F#4,B-4,E4,C#4,D3,D2
469.0,508.2143,118,2.0,B4,B4,B4,B4,r,B4,B4,r,B4,B4,F#4,D4,r,r
469.5,508.75,118,2.5,D5,B4,D5,B4,G2,D5,B4,G3,B4,D5,G4,B3,G3,G2
469.75,509.0179,118,2.75,D5,B4,D5,B4,G2,D5,B4,G3,B4,D5,F#4,B3,G3,G2
470.0,509.2857,118,3.0,E5,B4,E5,B4,C#3,E5,B4,G3,B4,E5,E4,C#4,C#3,C#2
470.5,509.8214,118,3.5,G4,B4,G4,B4,C#3,G4,B4,G3,B4,G4,E4,C#4,C#3,C#2
471.0,510.3571,118,4.0,F#4,B-4,F#4,B-4,r,F#4,B-4,r,B-4,F#4,F#4,C#4,r,r
471.5,510.8929,118,4.5,E5,C#5,E5,C#5,F#2,E5,C#5,F#3,C#5,E4,C#4,B-3,F#3,F#2
472.0,511.4286,119,1.0,D5,C#5,D5,C#5,B2,D5,C#5,F#3,C#5,D4,D4,F#3,B2,B2
472.5,511.9643,119,1.5,D5,F#4,D5,F#4,B2,D5,F#4,F#3,F#4,D4,D4,F#3,B2,B2
472.75,512.2321,119,1.75,D5,F#4,D5,F#4,B2,D5,F#4,F#3,F#4,D4,D4,F#3,B2,B2
473.0,512.5,119,2.0,D5,B4,D5,B4,B2,D5,B4,r,B4,D4,D4,F#3,B2,B2
473.5,513.0357,119,2.5,E5,B4,E5,B4,B2,E5,B4,G4,B4,E4,D4,E3,B2,B2
473.75,513.3036,119,2.75,F#5,B4,F#5,B4,B2,F#5,B4,G4,B4,F#4,D4,D3,B2,B2
474.0,513.5714,119,3.0,E5,B4,E5,B4,C#3,E5,B4,G4,B4,E4,C#4,E3,C#3,C#3
474.5,514.1071,119,3.5,E5,B4,E5,B4,G2,E5,B4,G4,B4,E4,B3,E3,G2,G2
475.0,514.6429,119,4.0,E5,B-4,E5,B-4,F#2,E5,B-4,G4,B-4,E4,C#4,E3,F#2,F#2
475.5,515.1786,119,4.5,F#5,B-4,F#5,B-4,C#3,F#5,B-4,F#4,B-4,F#4,C#4,D3,C#3,C#3
475.75,515.4464,119,4.75,G5,B-4,G5,B-4,C#3,G5,B-4,E4,B-4,G4,C#4,C#3,C#3,C#3
476.0,515.7143,120,1.0,F#5,B4,F#5,B4,D3,F#5,B4,D4,B4,F#4,B3,F#3,D3,D3
476.5,516.25,120,1.5,F#5,B4,F#5,B4,G2,F#5,B4,D4,B4,F#4,B4,F#3,G2,G2
477.0,516.7857,120,2.0,F#5,B4,F#5,B4,F#2,F#5,B4,r,B4,F#4,A4,r,F#2,F#2
477.5,517.3214,120,2.5,G5,B4,G5,B4,E-3,G5,B4,B3,B4,G4,G4,B3,E-3,E-3
477.75,517.5893,120,2.75,A5,B4,A5,B4,E-3,A5,B4,B3,B4,A4,F#4,B3,E-3,E-3
478.0,517.8571,120,3.0,G5,B4,G5,B4,E3,G5,B4,E4,B4,G4,G4,B3,E3,E3
478.25,518.125,120,3.25,G5,B4,G5,B4,D3,G5,B4,E4,B4,G4,G4,B3,D3,D3
478.5,518.3929,120,3.5,G5,A4,G5,A4,C3,G5,A4,E4,A4,G4,G4,F#4,C3,C3
479.0,518.9286,120,4.0,G5,G4,G5,G4,C3,G5,G4,r,G4,G4,r,E4,C3,C3
479.25,519.1964,120,4.25,G5,G4,G5,G4,B2,G5,G4,r,G4,G4,r,E4,B2,B2
479.5,519.4643,120,4.5,G5,F#4,G5,F#4,B-2,G5,F#4,B4,F#4,G4,D4,D4,B-2,B-2
479.75,519.7321,120,4.75,G5,F#4,G5,F#4,B2,G5,F#4,B4,F#4,G4,D4,D4,B2,B2
480.0,520.0,121,1.0,G5,E4,G5,E4,B-2,G5,E4,C#5,E4,G4,E4,C#4,B-2,B-2
480.5,520.5357,121,1.5,C#5,E4,C#5,E4,G#2,C#5,E4,C#5,G4,C#5,E4,C#4,G#2,G#2
481.0,521.0714,121,2.0,F#5,C#5,F#5,C#5,B-2,F#5,C#5,r,C#5,F#4,F#4,C#4,B-2,B-2
481.5,521.6071,121,2.5,E5,C#5,E5,C#5,F#2,E5,C#5,B-4,C#5,E4,F#4,B3,F#2,F#2
481.75,521.875,121,2.75,E5,C#5,E5,C#5,F#2,E5,C#5,B-4,C#5,E4,F#4,C#4,F#2,F#2
482.0,522.1429,121,3.0,D5,C#5,D5,C#5,B2,D5,C#5,F#4,C#5,D4,F#4,D4,B2,B2
482.5,522.6786,121,3.5,C#5,F#4,C#5,F#4,C#3,C#5,F#4,F#4,F#4,C#4,E4,E4,C#3,C#3
482.75,522.9464,121,3.75,B4,F#4,B4,F#4,C#3,B4,F#4,F#4,F#4,B3,E4,E4,C#3,C#3
483.0,523.2143,121,4.0,F#5,B4,F#5,B4,D3,F#5,B4,r,B4,F#4,D4,F#4,D3,D3
483.5,523.75,121,4.5,F#5,A4,F#5,A4,B2,F#5,A4,D4,A4,F#4,F#4,D4,B2,B2
484.0,524.2857,122,1.0,F#5,G4,F#5,G4,E3,F#5,G4,E4,G4,F#4,G4,B3,E3,E3
484.5,524.8214,122,1.5,B4,G4,B4,G4,F#3,B4,G4,E4,G4,B3,F#4,B3,F#3,F#3
485.0,525.3571,122,2.0,E5,G4,E5,G4,G3,E5,G4,r,G4,E4,E4,B3,G3,G3
485.5,525.8929,122,2.5,D5,G4,D5,G4,E3,D5,G4,G4,G4,D4,E4,B-3,E3,E3
485.75,526.1607,122,2.75,D5,G4,D5,G4,E3,D5,G4,G4,G4,D4,E4,B3,E3,E3
486.0,526.4286,122,3.0,C#5,G4,C#5,G4,B-3,C#5,G4,C#4,G4,C#4,E4,C#4,B-3,B-3
486.5,526.9643,122,3.5,C#5,C#5,C#5,C#4,G#3,C#5,C#4,C#4,C#4,C#4,E4,C#4,G#3,G#3
487.0,527.5,122,4.0,C#5,F#4,C#5,F#4,B-3,C#5,F#4,r,F#4,C#4,F#4,C#4,B-3,B-3
487.5,528.0357,122,4.5,C#5,E4,C#5,E4,F#3,C#5,E4,B-4,E4,C#4,F#4,B3,F#3,F#3
487.75,528.3036,122,4.75,C#5,E4,C#5,E4,F#3,C#5,E4,B-4,E4,C#4,F#4,C#4,F#3,F#3
488.0,528.5714,123,1.0,C#5,D4,C#5,D4,B3,C#5,D4,F#4,D4,C#4,F#4,D4,B3,B3
488.5,529.1071,123,1.5,F#4,D4,F#4,D4,A3,F#4,D4,F#4,D4,F#4,F#4,C#4,A3,A3
489.0,529.6429,123,2.0,B4,D4,B4,D4,G3,B4,D4,r,D4,B4,F#4,B3,G3,G3
489.5,530.1786,123,2.5,A4,D4,A4,D4,F#3,A4,D4,F#3,D4,A4,E4,B3,F#3,F#3
489.75,530.4464,123,2.75,A4,D4,A4,D4,F#3,A4,D4,F#3,D4,A4,F#4,B3,F#3,F#3
490.0,530.7143,123,3.0,G4,D4,G4,D4,E3,G4,D4,B3,D4,G4,G4,r,E3,E3
490.5,531.25,123,3.5,G4,B-4,G4,B-4,E3,G4,B-4,B3,B-4,G4,E4,C#4,E3,E3
491.0,531.7857,123,4.0,F#4,B4,F#4,B4,F#3,F#4,B4,r,B4,F#4,D4,D4,F#3,F#3
491.5,532.3214,123,4.5,F#4,D4,F#4,D4,F#3,F#4,D4,F#3,D4,F#4,D4,B3,F#3,F#3
492.0,532.8571,124,1.0,E4,E4,E4,E4,G3,E4,C#4,C#4,C#4,E4,E4,B-3,G3,G3
492.5,533.3929,124,1.5,C#5,B-4,C#5,B-4,G3,C#5,B-4,C#4,C#5,B-4,E4,E4,G3,G3
493.0,533.9286,124,2.0,D5,B4,D5,B4,F#3,D5,B4,r,D5,B4,F#4,D4,F#3,F#3
493.5,534.4643,124,2.5,E5,C#5,E5,C#5,E3,E5,C#5,G3,E5,C#5,B-3,C#4,E3,E3
494.0,535.0,124,3.0,F#5,F#4,F#5,F#4,D3,F#5,F#4,F#3,F#5,F#4,B3,B3,D3,D3
494.5,535.5357,124,3.5,G5,B-4,G5,B-4,C#3,G5,B-4,F#3,G5,B-4,C#4,E3,C#3,C#3
495.0,536.0714,124,4.0,F#5,B4,F#5,B4,D3,F#5,B4,r,F#5,B4,F#3,D3,D3,D3
495.5,536.6071,124,4.5,B4,G4,B4,G4,E3,B4,G4,B3,B4,G4,G4,C#3,E3,E3
496.0,537.1429,125,1.0,B4,F#4,B4,D4,F#3,B4,D4,F#4,B4,D4,F#4,D3,F#3,F#2
496.5,537.6786,125,1.5,B-4,G4,B-4,C#4,F#3,B-4,C#4,E4,B-4,C#4,G4,E3,F#3,F#2
496.75,537.9464,125,1.75,B-4,F#4,B-4,C#4,F#3,B-4,C#4,D4,B-4,C#4,F#4,F#3,F#3,F#2
497.0,538.2143,125,2.0,B-4,E4,B-4,C#4,F#3,B-4,C#4,C#4,B-4,C#4,E4,G3,F#3,F#2
497.5,538.75,125,2.5,B4,D4,B4,D4,F#3,B4,D4,F#4,B4,D4,D4,F#3,F#3,F#2
498.0,539.2857,125,3.0,C#5,E4,C#5,E4,F#3,C#5,E4,B-4,C#5,E4,C#4,E3,F#3,F#2
498.5,539.8214,125,3.5,E5,G4,E5,G4,F#3,E5,G4,C#4,E5,G4,C#4,B-3,F#3,F#2
499.0,540.3571,125,4.0,D5,F#4,D5,F#4,F#3,D5,F#4,F#4,D5,F#4,D4,B3,F#3,F#2
499.5,540.8929,125,4.5,C#5,E4,C#5,E4,F#3,C#5,E4,B-3,C#5,E4,E4,C#4,F#3,F#2
500.0,541.4286,126,1.0,B4,D4,B4,D4,F#3,B4,D4,D4,B4,D4,F#4,D4,F#3,F#2
500.5,541.9643,126,1.5,B4,G4,B4,G4,E3,B4,G4,B3,B4,D4,G4,B3,E3,E2
501.0,542.5,126,2.0,B-4,F#4,B-4,C#4,F#3,B-4,C#4,F#3,B-4,C#4,F#4,F#3,F#3,F#2
501.5,543.0357,126,2.5,B-4,E4,B-4,F#4,F#3,B-4,F#4,F#3,B-4,C#4,E4,F#3,F#3,F#2
502.0,543.5714,126,3.0,B4,E-4,B4,E-4,B2,B4,E-4,F#3,B4,B3,E-4,F#3,B2,B2
