qstamp,tstamp,measure,beat,Flute 1,Flute 2,Oboe 1,Oboe 2,Bb Clarinet 1,Bb Clarinet 2,Bassoon 1,Bassoon 2,Eb Horn 1,Eb Horn 2,C Trumpet 1,C Trumpet 2,"C, G Timpani",Violin 1,Violin 2,Viola,Violoncello,Contrabass
0.0,0.0,1,3.0,r,r,r,r,r,r,r,r,r,r,r,r,r,r,r,r,G2,G1
1.0,0.2083,2,1.0,r,r,r,r,r,r,r,r,r,r,r,r,r,r,r,r,C3,C2
2.0,0.4167,2,2.0,r,r,r,r,r,r,r,r,r,r,r,r,r,r,r,r,E-3,E-2
3.0,0.625,2,3.0,r,r,r,r,r,r,r,r,r,r,r,r,r,r,r,r,G3,G2
4.0,0.8333,3,1.0,r,r,r,r,r,r,r,r,r,r,r,r,r,r,r,r,C4,C3
6.0,1.25,3,3.0,r,r,r,r,r,r,r,r,r,r,r,r,r,r,r,r,E-4,E-3
7.0,1.4583,4,1.0,r,r,r,r,r,r,r,r,r,r,r,r,r,r,r,r,D4,D3
9.0,1.875,4,3.0,r,r,r,r,r,r,r,r,r,r,r,r,r,r,r,r,F#3,F#2
10.0,2.0833,5,1.0,r,r,r,r,r,r,r,r,G3,G3,r,r,r,r,r,r,G3,G2
13.0,2.7083,6,1.0,r,r,r,r,r,r,r,r,G3,G3,r,r,r,G4,F4,D4,G3,G2
15.0,3.125,6,3.0,r,r,r,r,r,r,r,r,G3,G3,r,r,r,B4,F4,D4,G3,G2
16.0,3.3333,7,1.0,r,r,r,r,r,r,C4,C4,G3,G3,r,r,r,C5,E-4,C4,C3,C2
18.0,3.75,7,3.0,r,r,r,r,r,r,D4,B3,G3,G3,r,r,r,D5,B4,D4,C3,C2
19.0,3.9583,8,1.0,r,r,r,r,F5,D5,F4,D4,G3,G3,r,r,r,F5,D5,F4,C3,C2
21.0,4.375,8,3.0,r,r,r,r,E-5,C5,E-4,C4,G3,G3,r,r,r,E-5,C5,E-4,C3,C2
22.0,4.5833,9,1.0,r,r,r,r,D5,B4,D4,B3,G3,G3,r,r,r,D5,B4,D4,G2,G1
24.0,5.5833,9,3.0,r,r,r,r,r,r,r,r,r,r,r,r,r,r,r,r,G2,G1
25.0,6.0833,10,1.0,r,r,r,r,r,r,r,r,r,r,r,r,r,r,r,r,C3,C2
26.0,6.5833,10,2.0,r,r,r,r,r,r,r,r,r,r,r,r,r,r,r,r,E-3,E-2
27.0,7.0833,10,3.0,r,r,r,r,r,r,r,r,r,r,r,r,r,r,r,r,G3,G2
28.0,7.5833,11,1.0,r,r,r,r,r,r,r,r,r,r,r,r,r,r,r,r,C4,C3
30.0,8.5833,11,3.0,r,r,r,r,r,r,r,r,r,r,r,r,r,r,r,r,E-4,E-3
31.0,9.0833,12,1.0,r,r,r,r,r,r,r,r,r,r,r,r,r,r,r,r,D4,D3
33.0,10.0833,12,3.0,r,r,r,r,r,r,r,r,r,r,r,r,r,r,r,r,F#3,F#2
34.0,10.5833,13,1.0,r,r,r,r,r,r,r,r,r,r,r,r,r,r,r,r,G3,G2
36.0,11.5833,13,3.0,r,r,r,r,r,r,r,r,r,r,r,r,r,r,r,r,C#3,C#2
37.0,12.0833,14,1.0,r,r,r,r,r,r,r,r,r,r,r,r,r,r,r,r,D3,D2
40.0,13.5833,15,1.0,r,r,r,r,r,r,r,r,r,r,r,r,r,r,r,r,D3,D2
42.0,14.5833,15,3.0,r,r,r,r,r,r,r,r,r,r,r,r,r,r,r,r,C3,C2
43.0,15.0833,16,1.0,G5,r,r,r,r,r,r,r,r,r,r,r,r,G4,F4,D4,B2,B1
45.0,16.0833,16,3.0,B5,r,r,r,r,r,r,r,r,r,r,r,r,B4,F4,D4,G2,G1
46.0,16.5833,17,1.0,C6,r,r,r,C5,r,C4,r,r,r,r,r,r,C5,E-4,C4,C3,C2
48.0,17.5833,17,3.0,D6,r,r,r,D5,r,D4,r,r,r,r,r,r,D5,D4,G3,B2,B1
49.0,18.0833,18,1.0,F6,r,r,r,F5,D5,F4,D4,r,r,r,r,r,F5,D4,G3,C3,C2
51.0,19.0833,18,3.0,E-6,r,r,r,E-5,C5,E-4,C4,r,r,r,r,r,E-5,C4,A3,F#2,F#1
52.0,19.5833,19,1.0,D6,r,r,r,D5,B4,D4,B3,r,r,r,r,r,D5,B3,D3,G2,G1
55.0,21.0833,20,1.0,r,r,r,r,r,r,r,r,G4,G4,r,r,r,r,r,r,r,r
56.0,21.5833,20,2.0,r,r,r,r,r,r,r,r,G4,G4,r,r,r,r,r,r,r,r
57.0,22.0833,20,3.0,r,r,r,r,r,r,r,r,G4,G4,r,r,r,r,r,r,r,r
58.0,22.5833,21,1.0,r,r,r,r,r,r,r,r,G4,G4,r,r,r,G4,E-4,C4,C3,C2
61.0,24.0833,22,1.0,r,r,r,r,r,r,r,r,G4,G4,r,r,r,G4,F4,B3,D3,D2
62.0,24.5833,22,2.0,r,r,r,r,r,r,r,r,G4,G4,r,r,r,r,r,r,r,r
63.0,25.0833,22,3.0,r,r,r,r,r,r,r,r,G4,G4,r,r,r,r,r,r,r,r
64.0,25.5833,23,1.0,r,r,r,r,r,r,r,r,G4,G4,r,r,r,G4,E-4,C4,E-3,E-2
67.0,27.0833,24,1.0,r,r,r,r,r,r,r,r,G4,G4,r,r,r,G4,F4,D4,B2,B1
68.0,27.5833,24,2.0,r,r,r,r,r,r,r,r,G4,G4,r,r,r,r,r,r,r,r
69.0,28.0833,24,3.0,r,r,r,r,r,r,r,r,G4,G4,r,r,r,r,r,r,r,r
70.0,28.5833,25,1.0,r,r,r,r,r,r,r,r,G4,E-4,r,r,r,G4,E-4,C4,C3,C2
72.0,29.5833,25,3.0,r,r,r,r,r,r,r,r,G4,E-4,r,r,r,r,r,r,B-2,B-1
73.0,30.0833,26,1.0,r,r,r,r,r,r,r,r,B-4,G4,r,r,r,G#4,F4,C4,G#2,G#1
74.0,30.5833,26,2.0,r,r,r,r,r,r,r,r,G#4,F4,r,r,r,r,r,r,r,r
75.0,31.0833,26,3.0,r,r,r,r,r,r,r,r,G4,E-4,r,r,r,r,r,r,G#2,G#1
76.0,31.5833,27,1.0,r,r,r,r,r,r,r,r,F4,B-3,r,r,r,F4,D4,B-3,B-2,B-1
79.0,33.0833,28,1.0,B-5,B-5,B-5,B-4,B-4,B-3,B-3,B-2,F4,F4,r,r,r,B-5,F5,D4,B-2,B-1
80.0,33.5833,28,2.0,B-5,B-5,B-5,B-4,B-4,B-3,B-3,B-2,F4,F4,r,r,r,B-5,F5,D4,B-2,B-1
81.0,34.0833,28,3.0,B-5,B-5,B-5,B-4,B-4,B-3,B-3,B-2,F4,F4,r,r,r,B-5,F5,D4,B-2,B-1
82.0,34.5833,29,1.0,B-5,B-5,B-5,B-4,B-4,B-3,B-3,B-2,F#4,F#4,r,r,r,B-5,F#5,E-4,E-3,E-2
85.0,36.0833,30,1.0,B-5,B-5,B-5,B-4,B-4,B-3,B-3,B-2,F4,F4,r,r,r,B-5,F5,D4,F3,F2
86.0,36.5833,30,2.0,B-5,B-5,B-5,B-4,B-4,B-3,B-3,B-2,F4,F4,r,r,r,B-5,F5,D4,F3,F2
87.0,37.0833,30,3.0,B-5,B-5,B-5,B-4,B-4,B-3,B-3,B-2,F4,F4,r,r,r,B-5,F5,D4,F3,F2
88.0,37.5833,31,1.0,B-5,B-5,B-5,B-4,B-4,B-3,B-3,B-2,E-4,E-4,r,r,r,B-5,E-5,E-4,F#3,F#2
91.0,39.0833,32,1.0,B-5,B-5,B-5,B-4,B-4,B-3,B-3,B-2,F4,F4,r,r,r,B-5,F5,B-4,D3,D2
92.0,39.5833,32,2.0,B-5,B-5,B-5,B-4,B-4,B-3,B-3,B-2,F4,F4,r,r,r,B-5,F5,B-4,D3,D2
93.0,40.0833,32,3.0,B-5,B-5,B-5,B-4,B-4,B-3,B-3,B-2,F4,F4,r,r,r,B-5,F5,B-4,D3,D2
94.0,40.5833,33,1.0,B-5,F#5,B-5,F#5,B-4,B-3,B-3,B-2,F#4,F#4,r,r,r,B-5,F#5,B-4,E-3,E-2
96.0,41.5833,33,3.0,B-5,F#5,B-5,F#5,B-4,B-3,B-3,B-2,F#4,F#4,r,r,r,B-5,F#5,B-4,C#3,C#2
97.0,42.0833,34,1.0,C#6,B-5,C#6,B-5,C#5,B-4,E-4,E-4,G#4,G#4,r,r,r,C#6,B-5,C#5,B2,B1
98.0,42.5833,34,2.0,B5,G#5,B5,G#5,B4,G#4,E-4,E-4,G#4,G#4,r,r,r,B5,G#5,B4,B2,B1
99.0,43.0833,34,3.0,B-5,F#5,B-5,F#5,B-4,F#4,E-4,E-4,G#4,G#4,r,r,r,B-5,F#5,B-4,B2,B1
100.0,43.5833,35,1.0,G#5,F5,G#5,F5,G#4,F4,G#3,G#3,C#4,C#4,r,r,r,G#5,F5,G#4,C#3,C#2
103.0,45.0833,36,1.0,B-5,F#5,B-5,F#5,B-4,F#4,C#4,C#4,F#4,F#4,r,r,r,B-5,F#5,B-4,F#2,F#1
106.0,46.5833,37,1.0,F#5,E-5,F#5,E-5,F#4,E-4,F#3,F#3,E-4,E-4,r,r,r,F#5,E-5,F#4,B2,B1
108.0,47.5833,37,3.0,F#5,E-5,F#5,E-5,F#4,E-4,F#3,F#3,E-4,E-4,r,r,r,F#5,E-5,F#4,B-2,B-1
109.0,48.0833,38,1.0,B-5,F#5,B-5,F#5,B-4,F#4,G#3,G#3,F4,F4,r,r,r,B-5,F#5,B-4,G#2,G#1
110.0,48.5833,38,2.0,G#5,F5,G#5,F5,G#4,F4,G#3,G#3,F4,F4,r,r,r,G#5,F5,G#4,G#2,G#1
111.0,49.0833,38,3.0,F#5,E-5,F#5,E-5,F#4,E-4,G#3,G#3,F4,F4,r,r,r,F#5,E-5,F#4,G#2,G#1
112.0,49.5833,39,1.0,F5,D5,F5,D5,F4,F4,B-3,B-3,B-3,B-2,r,r,r,F5,D5,F4,B-2,B-1
114.0,50.5833,39,3.0,F5,D5,F5,D5,B4,B4,B3,B3,B-3,B-2,r,r,r,F5,D5,F4,B-2,B-1
115.0,51.0833,40,1.0,F5,D5,F5,D5,B-4,B-4,B-3,B-3,B-3,B-2,r,r,r,F5,D5,F4,B-2,B-1
117.0,52.0833,40,3.0,F#5,E-5,F#5,E-5,B-4,B-4,B-3,B-3,B-3,B-2,r,r,r,F#5,E-5,F#4,E-2,E-1
118.0,52.5833,41,1.0,F5,D5,F5,D5,B-4,B-4,B-3,B-3,B-3,B-2,r,r,r,F5,D5,F4,B-2,B-1
120.0,53.5833,41,3.0,F5,D5,F5,D5,B4,B4,B3,B3,B-3,B-2,r,r,r,F5,D5,F4,B-2,B-1
121.0,54.0833,42,1.0,F5,D5,F5,D5,B-4,B-4,B-3,B-3,B-3,B-2,r,r,r,F5,D5,F4,B-2,B-1
123.0,55.0833,42,3.0,F#5,E-5,F#5,E-5,B-4,B-4,E-3,r,B-3,B-2,r,r,r,F#5,E-5,F#4,E-2,E-1
124.0,55.5833,43,1.0,F5,D5,F5,D5,B-4,B-3,B-3,B-2,B-3,B-2,r,r,r,F5,D5,F4,B-2,B-1
126.0,56.5833,43,3.0,F#5,E-5,F#5,E-5,B-4,B-3,E-3,E-2,B-3,B-2,r,r,r,F#5,E-5,F#4,E-2,E-1
127.0,57.0833,44,1.0,F5,D5,F5,D5,B-4,B-3,B-3,B-2,B-3,B-2,r,r,r,F5,D5,F4,B-2,B-1
129.0,58.0833,44,3.0,F#5,E-5,F#5,E-5,B-4,B-3,E-3,E-2,B-3,B-2,r,r,r,F#5,E-5,F#4,E-2,E-1
130.0,58.5833,45,1.0,F5,D5,F5,D5,B-4,B-3,B-3,B-2,B-3,B-2,r,r,r,F5,D5,F4,B-2,B-1
133.0,60.0833,46,1.0,F5,D5,F5,D5,B-4,B-3,B-3,B-2,B-3,B-2,r,r,r,F5,D5,F4,B-2,B-1
134.0,60.5833,46,2.0,r,r,r,r,r,r,r,r,r,r,r,r,r,r,r,r,C#3,C#2
135.0,61.0833,46,3.0,r,r,r,r,r,r,r,r,r,r,r,r,r,r,r,r,F3,F2
136.0,61.5833,47,1.0,r,r,r,r,r,r,r,r,r,r,r,r,r,r,r,r,B-3,B-2
138.0,62.5833,47,3.0,r,r,r,r,r,r,r,r,r,r,r,r,r,r,r,r,C#4,C#3
139.0,63.0833,48,1.0,r,r,r,r,r,r,r,r,r,r,r,r,r,r,r,r,C4,C3
141.0,64.0833,48,3.0,r,r,r,r,r,r,r,r,r,r,r,r,r,r,r,r,E3,E2
142.0,64.5833,49,1.0,r,r,r,r,r,r,r,F3,r,r,r,r,r,r,r,r,F3,F2
145.0,66.0833,50,1.0,r,r,r,r,r,r,r,F3,r,r,r,r,r,F4,E-4,C4,F3,F2
147.0,67.0833,50,3.0,r,r,r,r,r,r,r,F3,r,r,r,r,r,A4,E-4,C4,F3,F2
148.0,67.5833,51,1.0,r,r,r,r,B-4,B-4,B-3,F3,r,r,r,r,r,B-4,C#4,B-3,B-2,B-1
150.0,68.5833,51,3.0,r,r,r,r,C5,A4,C4,F3,r,r,r,r,r,C5,C4,A3,B-2,B-1
151.0,69.0833,52,1.0,E-6,r,C6,r,E-5,C5,E-4,F3,r,r,r,r,r,E-5,E-4,C4,B-2,B-1
153.0,70.0833,52,3.0,C#6,r,B-5,r,C#5,B-4,C#4,F3,r,r,r,r,r,C#5,C#4,B-3,B-2,B-1
154.0,70.5833,53,1.0,C6,r,A5,r,C5,A4,C4,F3,r,r,r,r,r,C5,C4,A3,F2,F1
156.0,71.5833,53,3.0,r,r,r,r,r,r,r,r,r,r,r,r,r,r,r,r,F2,F1
157.0,72.0833,54,1.0,r,r,r,r,r,r,r,r,r,r,r,r,r,r,r,r,B-2,B-1
158.0,72.5833,54,2.0,r,r,r,r,r,r,r,r,r,r,r,r,r,r,r,r,C#3,C#2
159.0,73.0833,54,3.0,r,r,r,r,r,r,r,r,r,r,r,r,r,r,r,r,F3,F2
160.0,73.5833,55,1.0,r,r,r,r,r,r,r,r,r,r,r,r,r,r,r,r,B-3,B-2
162.0,74.5833,55,3.0,r,r,r,r,r,r,r,r,r,r,r,r,r,r,r,r,C#4,C#3
163.0,75.0833,56,1.0,r,r,r,r,r,r,r,r,r,r,r,r,r,r,r,r,C4,C3
165.0,76.0833,56,3.0,r,r,r,r,r,r,r,r,r,r,r,r,r,r,r,r,E3,E2
166.0,76.5833,57,1.0,r,r,r,r,r,r,r,r,r,r,r,r,r,r,r,r,F3,F2
168.0,77.5833,57,3.0,r,r,r,r,r,r,r,r,r,r,r,r,r,r,r,G#4,G#4,G#3
169.0,78.0833,58,1.0,r,r,r,r,r,r,r,r,r,r,r,r,r,r,r,G4,G4,G3
171.0,79.0833,58,3.0,r,r,r,r,r,r,r,r,r,r,r,r,r,r,r,B3,B3,B2
172.0,79.5833,59,1.0,r,r,r,r,r,r,r,r,r,r,r,r,r,r,r,C4,C4,C3
174.0,80.5833,59,3.0,r,r,r,r,r,r,r,r,r,r,r,r,r,r,r,E-4,E-4,E-3
175.0,81.0833,60,1.0,r,r,r,r,r,r,r,r,r,r,r,r,r,r,r,D4,D4,D3
177.0,82.0833,60,3.0,r,r,r,r,r,r,r,r,r,r,r,r,r,r,r,F#3,F#3,F#2
178.0,82.5833,61,1.0,r,r,G5,r,r,r,r,r,G4,G3,r,r,r,r,r,G3,G3,G2
180.0,83.5833,61,3.0,r,r,G5,r,r,r,r,r,G4,G3,r,r,r,r,r,C#3,C#3,C#2
181.0,84.0833,62,1.0,r,r,G5,r,r,r,r,r,G4,G3,r,r,r,r,r,D3,D3,D2
182.0,84.5833,62,2.0,r,r,G5,r,r,r,r,r,G4,G3,r,r,r,B4,B3,D3,D3,D2
183.0,85.0833,62,3.0,r,r,G5,r,r,r,r,r,G4,G3,r,r,r,E5,E4,D3,D3,D2
184.0,85.5833,63,1.0,r,r,G5,r,r,r,r,r,G4,G3,r,r,r,F5,F4,G3,G3,G2
186.0,86.5833,63,3.0,r,r,G5,r,r,r,r,r,G4,G3,r,r,r,r,r,C#3,C#3,C#2
187.0,87.0833,64,1.0,r,r,G5,r,r,r,r,r,G4,G3,r,r,r,r,r,D3,D3,D2
188.0,87.5833,64,2.0,r,r,G5,r,r,r,r,r,G4,G3,r,r,r,B4,B3,D3,D3,D2
189.0,88.0833,64,3.0,r,r,G5,r,r,r,r,r,G4,G3,r,r,r,E5,E4,D3,D3,D2
190.0,88.5833,65,1.0,r,r,G5,r,r,r,r,r,G4,G3,r,r,r,F5,F4,G3,G3,G2
191.0,89.0833,65,2.0,r,r,G5,r,r,r,r,r,G4,G3,r,r,r,r,r,C#3,C#3,C#2
192.0,89.5833,65,3.0,r,r,G5,r,r,r,r,r,G4,G3,r,r,r,r,r,D3,D3,D2
193.0,90.0833,66,1.0,r,r,G5,r,r,r,r,r,G4,G3,r,r,r,F5,F4,G3,G3,G2
194.0,90.5833,66,2.0,r,r,G5,r,r,r,r,r,G4,G3,r,r,r,r,r,C#3,C#3,C#2
195.0,91.0833,66,3.0,r,r,G5,r,r,r,r,r,G4,G3,r,r,r,r,r,D3,D3,D2
196.0,91.5833,67,1.0,r,r,G5,r,r,r,r,r,G4,G3,r,r,r,F5,F4,G3,G3,G2
197.0,92.0833,67,2.0,r,r,G5,r,r,r,r,r,G4,G3,r,r,r,r,r,C#3,C#3,C#2
198.0,92.5833,67,3.0,r,r,G5,r,r,r,r,r,G4,G3,r,r,r,r,r,D3,D3,D2
199.0,93.0833,68,1.0,r,r,G5,r,r,r,r,r,G4,G3,r,r,r,G5,G4,G3,G3,G2
200.0,93.5833,68,2.0,r,r,r,r,r,r,r,r,r,r,r,r,r,r,r,D3,D3,D2
201.0,94.0833,68,3.0,r,r,r,r,r,r,r,r,r,r,r,r,r,r,r,E-3,E-3,E-2
202.0,94.5833,69,1.0,r,r,G5,r,r,r,r,r,G4,G3,r,r,r,G5,G4,G#3,G#3,G#2
203.0,95.0833,69,2.0,r,r,r,r,r,r,r,r,r,r,r,r,r,r,r,E3,E3,E2
204.0,95.5833,69,3.0,r,r,r,r,r,r,r,r,r,r,r,r,r,r,r,F3,F3,F2
205.0,96.0833,70,1.0,r,r,G5,r,G5,G4,r,r,G4,G3,r,r,r,G5,G4,B3,B3,B2
206.0,96.5833,70,2.0,r,r,r,r,r,r,r,r,r,r,r,r,r,r,r,F#3,F#3,F#2
207.0,97.0833,70,3.0,r,r,r,r,r,r,r,r,r,r,r,r,r,r,r,G3,G3,G2
208.0,97.5833,71,1.0,r,r,G5,r,G5,G4,r,r,G4,G3,r,r,r,G5,G4,C4,C4,C3
209.0,98.0833,71,2.0,r,r,r,r,r,r,r,r,r,r,r,r,r,r,r,G#3,G#3,G#2
210.0,98.5833,71,3.0,r,r,r,r,r,r,r,r,r,r,r,r,r,r,r,A3,A3,A2
211.0,99.0833,72,1.0,D6,r,D5,D5,G5,G4,D4,D4,G4,G3,G4,G3,G2,G5,D5,D4,B3,B2
212.0,99.5833,72,2.0,D6,r,D5,D5,G5,G4,D4,D4,G4,G3,r,r,r,G5,D5,D4,B3,B2
213.0,100.0833,72,3.0,D6,r,D5,D5,G5,G4,D4,D4,G4,G3,r,r,r,G5,D5,D4,B3,B2
214.0,100.5833,73,1.0,E-6,r,E-5,E-5,G5,G4,E-4,E-4,G4,G3,G4,G3,G2,G5,E-5,C4,C4,C3
217.0,102.0833,74,1.0,D6,r,D5,D5,G5,G4,D4,D4,G4,G3,G4,G3,G2,G5,D5,B3,D4,D3
218.0,102.5833,74,2.0,D6,r,D5,D5,G5,G4,D4,D4,G4,G3,r,r,r,G5,D5,B3,D4,D3
219.0,103.0833,74,3.0,D6,r,D5,D5,G5,G4,D4,D4,G4,G3,r,r,r,G5,D5,B3,D4,D3
220.0,103.5833,75,1.0,C6,r,C5,C5,G5,G4,C4,C4,G4,G3,G4,G3,G2,G5,C5,C4,E-4,E-3
223.0,105.0833,76,1.0,D6,r,D5,D5,G5,G4,D4,D4,G4,G3,G4,G3,G2,G5,D5,G4,B3,B2
224.0,105.5833,76,2.0,D6,r,D5,D5,G5,G4,D4,D4,G4,G3,r,r,r,G5,D5,G4,B3,B2
225.0,106.0833,76,3.0,D6,r,D5,D5,G5,G4,D4,D4,G4,G3,r,r,r,G5,D5,G4,B3,B2
226.0,106.5833,77,1.0,E-6,r,E-5,E-5,G5,G4,E-4,E-4,G4,G3,G4,G3,G2,G5,E-5,G4,C4,C3
228.0,107.5833,77,3.0,E-6,r,E-5,E-5,G5,G4,E-4,E-4,G4,G3,r,r,r,G5,E-5,G4,B-3,B-2
229.0,108.0833,78,1.0,F6,r,F5,F5,B-5,G5,F4,F4,B-4,G4,C5,C4,C3,B-5,G5,B-4,G#3,G#2
230.0,108.5833,78,2.0,F6,r,F5,F5,G#5,F5,F4,F4,G#4,F4,r,r,r,G#5,F5,G#4,G#3,G#2
231.0,109.0833,78,3.0,F6,r,F5,F5,G5,E-5,F4,F4,G4,E-4,r,r,r,G5,E-5,G4,G#3,G#2
232.0,109.5833,79,1.0,D6,r,B-4,B-4,F5,D5,B-3,B-3,F4,B-3,r,r,r,F5,D5,F4,B-3,B-2
235.0,111.0833,80,1.0,C6,C6,C6,C5,C6,C5,C4,C3,G4,G4,C5,C4,C3,E5,C5,C4,C3,C2
236.0,111.5833,80,2.0,C6,C6,C6,C5,C6,C5,C4,C3,G4,G4,C5,C4,C3,r,r,r,C3,C2
237.0,112.0833,80,3.0,C6,C6,C6,C5,C6,C5,C4,C3,G4,G4,C5,C4,C3,r,r,r,C3,C2
238.0,112.5833,81,1.0,C6,C6,C6,C5,C6,C5,C4,C3,G#4,G#4,C5,C4,C3,G#5,C5,F3,F3,F2
241.0,114.0833,82,1.0,C6,C6,C6,C5,C6,C5,C4,C3,G4,G4,C5,C4,C3,G5,C5,G3,G3,G2
242.0,114.5833,82,2.0,C6,C6,C6,C5,C6,C5,C4,C3,G4,G4,C5,C4,C3,r,r,r,G3,G2
243.0,115.0833,82,3.0,C6,C6,C6,C5,C6,C5,C4,C3,G4,G4,C5,C4,C3,r,r,r,G3,G2
244.0,115.5833,83,1.0,C6,C6,C6,C5,C6,C5,C4,C3,F4,F4,C5,C4,C3,F5,C5,G#3,G#3,G#2
247.0,117.0833,84,1.0,C6,G5,C6,C5,C5,G4,C4,C3,G4,G4,C5,C4,C3,C6,G5,C5,E3,E2
248.0,117.5833,84,2.0,C6,G5,C6,C5,C5,G4,C4,C3,G4,G4,C5,C4,C3,C6,G5,C5,E3,E2
249.0,118.0833,84,3.0,C6,G5,C6,C5,C5,G4,C4,C3,G4,G4,C5,C4,C3,C6,G5,C5,E3,E2
250.0,118.5833,85,1.0,C6,G#5,C6,C5,C5,G#4,C4,C3,G#4,G#4,C5,C4,C3,C6,G#5,C5,F3,F2
252.0,119.5833,85,3.0,C6,G#5,C6,C5,C5,G#4,C4,C3,G#4,G#4,C5,C4,r,C6,G#5,C5,E-3,E-2
253.0,120.0833,86,1.0,E-6,C6,C6,E-5,E-5,C5,E-4,C4,B-4,B-4,r,r,r,E-6,C6,E-5,C#3,C#2
254.0,120.5833,86,2.0,C#6,B-5,B-5,C#5,C#5,B-4,C#4,B-3,B-4,B-4,r,r,r,C#6,B-5,C#5,C#3,C#2
255.0,121.0833,86,3.0,C6,G#5,G#5,C5,C5,G#4,C4,G#3,B-4,B-4,r,r,r,C6,G#5,C5,C#3,C#2
256.0,121.5833,87,1.0,B-5,G5,G5,B-4,B-4,G4,B-3,G3,E-4,E-4,r,r,r,B-5,G5,B-4,E-3,E-2
259.0,123.0833,88,1.0,C6,G#5,G#5,C5,C5,G#4,C4,G#3,G#4,G#4,C5,C4,C3,C6,G#5,C5,G#2,G#1
262.0,124.5833,89,1.0,G#5,F5,F5,G#4,G#4,F4,G#3,F3,F4,F4,r,r,r,G#5,F5,G#4,C#3,C#2
264.0,125.5833,89,3.0,G#5,F5,F5,G#4,G#4,F4,G#3,F3,F4,F4,r,r,r,G#5,F5,G#4,C3,C2
265.0,126.0833,90,1.0,C6,G#5,G#5,C5,C5,G#4,C4,G#3,G4,G4,r,r,r,C6,G#5,C5,B-2,B-1
266.0,126.5833,90,2.0,B-5,G5,G5,B-4,B-4,G4,B-3,G3,G4,G4,r,r,r,B-5,G5,B-4,B-2,B-1
267.0,127.0833,90,3.0,G#5,F5,F5,G#4,G#4,F4,G#3,F3,G4,G4,r,r,r,G#5,F5,G#4,B-2,B-1
268.0,127.5833,91,1.0,G5,E5,E5,G4,G4,E4,G3,E3,G4,G4,C5,C4,C3,G5,E5,G4,C3,C2
270.0,128.5833,91,3.0,G5,E5,C#5,C#5,G4,E4,G3,E3,r,r,C5,C4,r,G5,E5,C#4,C3,C2
271.0,129.0833,92,1.0,G5,E5,C5,C5,G4,E4,G3,E3,r,r,C5,C4,r,G5,E5,C4,C3,C2
273.0,130.0833,92,3.0,G#5,F5,C5,C5,G#4,F4,G#3,F3,G#4,G#4,C5,C4,C3,G#5,F5,C4,F2,F1
274.0,130.5833,93,1.0,G5,E5,C5,C5,G4,E4,G3,E3,G4,G4,C5,C4,C3,G5,E5,C4,C3,C2
276.0,131.5833,93,3.0,G5,E5,C#5,C#5,G4,E4,G3,E3,r,r,C5,C4,r,G5,E5,C#4,C3,C2
277.0,132.0833,94,1.0,G5,E5,C5,C5,G4,E4,G3,E3,r,r,C5,C4,r,G5,E5,C4,C3,C2
279.0,133.0833,94,3.0,G#5,F5,C5,C5,G#4,F4,G#3,F3,G#4,G#4,C5,C4,C3,G#5,F5,G#4,F2,F1
280.0,133.5833,95,1.0,G5,E5,C5,C5,G4,E4,G3,E3,G4,G4,C5,C4,C3,G5,E5,G4,C3,C2
282.0,134.5833,95,3.0,G#5,F5,C5,C5,G#4,F4,G#3,F3,G#4,G#4,C5,C4,r,G#5,F5,G#4,F2,F1
283.0,135.0833,96,1.0,G5,E5,C5,C5,G4,E4,G3,E3,G4,G4,C5,C4,C3,G5,E5,G4,C3,C2
285.0,136.0833,96,3.0,G#5,F5,C5,C5,G#4,F4,G#3,F3,G#4,G#4,C5,C4,r,G#5,F5,G#4,F2,F1
286.0,136.5833,97,1.0,G5,E5,C5,C5,G4,E4,G3,E3,G4,G4,C5,C4,C3,G5,E5,G4,C3,C2
289.0,138.0833,98,1.0,G5,E5,C5,C5,G4,E4,G3,E3,r,r,C5,C4,r,G5,E5,G4,C3,C2
290.0,138.5833,98,2.0,r,r,r,r,r,r,r,r,r,r,r,r,r,r,r,r,E-3,E-2
291.0,139.0833,98,3.0,r,r,r,r,r,r,r,r,r,r,r,r,r,r,r,r,G3,G2
292.0,139.5833,99,1.0,r,r,r,r,r,r,r,r,r,r,r,r,r,r,r,r,C4,C3
294.0,140.5833,99,3.0,r,r,r,r,r,r,r,r,r,r,r,r,r,r,r,r,E-4,E-3
295.0,141.0833,100,1.0,r,r,r,r,r,r,r,r,r,r,r,r,r,r,r,r,D4,D3
297.0,142.0833,100,3.0,r,r,r,r,r,r,r,r,r,r,r,r,r,r,r,r,F#3,F#2
298.0,142.5833,101,1.0,r,r,r,r,r,r,r,r,G3,G3,r,r,r,r,r,r,G3,G2
301.0,144.0833,102,1.0,G5,r,G4,r,r,r,r,r,G3,G3,r,r,r,G5,r,r,G4,r
302.0,144.5833,102,2.0,G5,r,G4,r,r,r,r,r,G3,G3,r,r,r,G5,r,r,G4,r
303.0,145.0833,102,3.0,B5,r,B4,r,r,r,r,r,G3,G3,r,r,r,G5,r,r,F4,r
304.0,145.5833,103,1.0,C6,r,C5,r,G4,r,G4,r,G3,G3,r,r,r,G5,r,r,E-4,r
306.0,146.5833,103,3.0,D6,r,D5,r,B4,r,F4,r,G3,G3,r,r,r,r,r,r,D4,r
307.0,147.0833,104,1.0,F6,r,F5,r,D5,r,E-4,r,G3,G3,r,r,r,r,G4,r,C4,r
308.0,147.5833,104,2.0,F6,r,F5,r,D5,r,E-4,r,G3,G3,r,r,r,r,G4,r,C4,r
309.0,148.0833,104,3.0,E-6,r,E-5,r,C5,r,G4,r,G3,G3,r,r,r,r,G4,r,E-4,r
310.0,148.5833,105,1.0,D6,r,D5,r,B4,r,G4,r,G3,G3,r,r,r,r,G4,r,G4,r
312.0,149.5833,105,3.0,r,r,r,r,r,r,r,r,G3,G3,r,r,r,r,r,r,G2,G1
313.0,150.0833,106,1.0,G5,r,G4,r,r,r,r,r,G3,G3,r,r,r,G5,r,r,G4,r
314.0,150.5833,106,2.0,G5,r,G4,r,r,r,r,r,G3,G3,r,r,r,G5,r,r,G4,r
315.0,151.0833,106,3.0,B5,r,B4,r,r,r,r,r,G3,G3,r,r,r,G5,r,r,F4,r
316.0,151.5833,107,1.0,C6,r,C5,r,G4,r,G4,r,G3,G3,r,r,r,G5,r,r,E-4,r
318.0,152.5833,107,3.0,E-6,r,E-5,r,C5,r,E-4,r,G3,G3,r,r,r,r,r,r,C4,r
319.0,153.0833,108,1.0,G6,r,G5,r,E-5,r,C4,r,G3,G3,r,r,r,r,G4,r,A3,r
320.0,153.5833,108,2.0,G6,r,G5,r,E-5,r,C4,r,G3,G3,r,r,r,r,G4,r,A3,r
321.0,154.0833,108,3.0,F6,r,F5,r,D5,r,D4,r,G3,G3,r,r,r,r,G4,r,B3,r
322.0,154.5833,109,1.0,E-6,r,E-5,r,C5,r,E-4,r,G3,G3,r,r,r,r,G4,r,C4,r
324.0,155.5833,109,3.0,r,r,r,r,r,r,r,r,G3,G3,r,r,r,r,r,r,G2,G1
325.0,156.0833,110,1.0,r,r,r,r,r,r,r,r,G3,G3,r,r,r,C5,C5,r,G#4,r
327.0,157.0833,110,3.0,r,r,r,r,r,r,r,r,G3,G3,r,r,r,E-5,C5,r,G4,r
328.0,157.5833,111,1.0,r,r,r,r,r,r,r,r,G3,G3,r,r,r,F5,D5,G#4,F4,r
330.0,158.5833,111,3.0,r,r,r,r,r,r,r,r,G3,G3,r,r,r,G5,E-5,G4,E-4,r
331.0,159.0833,112,1.0,G#6,r,G#5,r,r,r,G3,G3,G3,G3,r,r,r,G#5,F5,r,r,r
332.0,159.5833,112,2.0,G#6,r,G#5,r,r,r,G3,G3,G3,G3,r,r,r,G#5,F5,F4,D4,r
333.0,160.0833,112,3.0,G#6,r,G#5,r,r,r,G3,G3,G3,G3,r,r,r,G5,E-5,G4,E-4,r
334.0,160.5833,113,1.0,G#6,r,G#5,r,r,r,G3,G3,G3,G3,r,r,G2,G5,E-5,r,r,r
335.0,161.0833,113,2.0,r,r,r,r,r,r,G3,G3,G3,G3,r,r,G2,G5,E-5,G4,E-4,r
336.0,161.5833,113,3.0,r,r,r,r,r,r,G3,G3,G3,G3,r,r,G2,F5,D5,G#4,F4,r
337.0,162.0833,114,1.0,G#6,r,G#5,r,r,r,G3,G3,G3,G3,r,r,G2,G#5,F5,r,r,r
338.0,162.5833,114,2.0,G#6,r,G#5,r,r,r,G3,G3,G3,G3,r,r,r,G#5,F5,F4,D4,r
339.0,163.0833,114,3.0,G#6,r,G#5,r,r,r,G3,G3,G3,G3,r,r,r,G5,E-5,G4,E-4,r
340.0,163.5833,115,1.0,G#6,r,G#5,r,r,r,G3,G3,G3,G3,r,r,G2,G5,E-5,G4,E-4,r
341.0,164.0833,115,2.0,r,r,r,r,r,r,G3,G3,G3,G3,r,r,G2,F5,D5,G#4,F4,r
342.0,164.5833,115,3.0,F6,D6,F5,D5,r,r,G#3,G#3,G3,G3,r,r,G2,F5,F4,D4,G#3,r
343.0,165.0833,116,1.0,r,r,r,r,r,r,G3,G3,r,r,r,r,G2,F5,F4,D4,G3,r
344.0,165.5833,116,2.0,r,r,r,r,r,r,G3,G3,r,r,r,r,r,F5,F4,D4,G3,r
345.0,166.0833,116,3.0,F6,D6,F5,D5,F4,D4,B3,B3,r,r,r,r,r,G5,G4,D4,B3,r
346.0,166.5833,117,1.0,r,r,r,r,r,r,C4,C4,r,r,r,r,r,F5,r,r,C4,r
346.5,166.8333,117,1.5,r,r,r,r,r,r,C4,C4,r,r,r,r,r,E-5,r,r,C4,r
347.0,167.0833,117,2.0,r,r,r,r,r,r,C4,C4,r,r,r,r,r,D5,E-4,G3,C4,r
347.5,167.3333,117,2.5,r,r,r,r,r,r,C4,C4,r,r,r,r,r,C5,E-4,G3,C4,r
348.0,167.5833,117,3.0,F6,C6,F5,C5,F4,C4,G#3,G#3,r,r,r,r,r,C5,F4,C4,G#3,r
349.0,168.0833,118,1.0,r,r,r,r,r,r,G3,G3,r,r,r,r,r,C5,r,r,G3,r
349.5,168.3333,118,1.5,r,r,r,r,r,r,G3,G3,r,r,r,r,r,B4,r,r,G3,r
350.0,168.5833,118,2.0,r,r,r,r,r,r,G3,G3,r,r,r,r,r,C5,F4,D4,G3,r
350.5,168.8333,118,2.5,r,r,r,r,r,r,G3,G3,r,r,r,r,r,D5,F4,D4,G3,r
351.0,169.0833,118,3.0,F6,D6,F5,D5,F4,D4,B2,B2,G4,G3,r,r,r,D5,D4,G3,B2,r
352.0,169.5833,119,1.0,r,r,r,r,r,r,C3,C3,r,r,r,r,r,D5,r,r,C3,r
352.5,169.8333,119,1.5,r,r,r,r,r,r,C3,C3,r,r,r,r,r,C5,r,r,C3,r
353.0,170.0833,119,2.0,r,r,r,r,r,r,C3,C3,r,r,r,r,r,D5,E-4,G3,C3,r
353.5,170.3333,119,2.5,r,r,r,r,r,r,C3,C3,r,r,r,r,r,E-5,E-4,G3,C3,r
354.0,170.5833,119,3.0,F6,C6,F5,C5,F4,C4,G#3,G#3,r,r,r,r,r,F5,F4,C4,G#3,r
355.0,171.0833,120,1.0,r,r,r,r,r,r,G3,G3,r,r,r,r,r,F5,r,r,G3,r
356.0,171.5833,120,2.0,r,r,r,r,r,r,G3,G3,r,r,r,r,r,F5,F4,B3,G3,r
357.0,172.0833,120,3.0,F6,D6,F5,D5,F4,D4,B3,B3,r,r,r,r,r,G5,G4,D4,B3,r
358.0,172.5833,121,1.0,r,r,r,r,r,r,C4,C4,r,r,r,r,r,F5,r,r,C4,r
358.5,172.8333,121,1.5,r,r,r,r,r,r,C4,C4,r,r,r,r,r,E-5,r,r,C4,r
359.0,173.0833,121,2.0,r,r,r,r,r,r,C4,C4,r,r,r,r,r,D5,E-4,G3,C4,r
359.5,173.3333,121,2.5,r,r,r,r,r,r,C4,C4,r,r,r,r,r,C5,E-4,G3,C4,r
360.0,173.5833,121,3.0,F6,C6,F5,C5,F4,C4,G#3,G#3,r,r,r,r,r,C5,F4,C4,G#3,r
361.0,174.0833,122,1.0,r,r,r,r,r,r,G3,G3,r,r,r,r,r,C5,r,r,G3,r
361.5,174.3333,122,1.5,r,r,r,r,r,r,G3,G3,r,r,r,r,r,B4,r,r,G3,r
362.0,174.5833,122,2.0,r,r,r,r,r,r,G3,G3,r,r,r,r,r,C5,F4,D4,G3,r
362.5,174.8333,122,2.5,r,r,r,r,r,r,G3,G3,r,r,r,r,r,D5,F4,D4,G3,r
363.0,175.0833,122,3.0,F6,D6,F5,D5,F4,D4,B2,B2,G4,G3,r,r,r,D5,D4,G3,B2,r
364.0,175.5833,123,1.0,r,r,r,r,r,r,C3,C3,r,r,r,r,r,D5,r,r,C3,r
364.5,175.8333,123,1.5,r,r,r,r,r,r,C3,C3,r,r,r,r,r,C5,r,r,C3,r
365.0,176.0833,123,2.0,r,r,r,r,r,r,C3,C3,r,r,r,r,r,D5,E-4,G3,C3,r
365.5,176.3333,123,2.5,r,r,r,r,r,r,C3,C3,r,r,r,r,r,E-5,E-4,G3,C3,r
366.0,176.5833,123,3.0,F6,C6,F5,C5,F4,C4,G#3,G#3,r,r,r,r,r,F5,F4,C4,G#3,r
367.0,177.0833,124,1.0,r,r,r,r,r,r,E-3,E-3,r,r,r,r,r,F5,r,r,E-3,r
368.0,177.5833,124,2.0,r,r,r,r,r,r,E-3,E-3,r,r,r,r,r,F5,D4,B3,E-3,r
369.0,178.0833,124,3.0,F6,D6,F5,D5,F4,D4,B3,B3,r,r,r,r,r,G5,G4,D4,B3,r
370.0,178.5833,125,1.0,r,r,r,r,r,r,C4,C4,r,r,r,r,r,F5,r,r,C4,r
370.5,178.8333,125,1.5,r,r,r,r,r,r,C4,C4,r,r,r,r,r,E-5,r,r,C4,r
371.0,179.0833,125,2.0,r,r,r,r,r,r,C4,C4,r,r,r,r,r,D5,E-4,C4,C4,r
371.5,179.3333,125,2.5,r,r,r,r,r,r,C4,C4,r,r,r,r,r,C5,E-4,C4,C4,r
372.0,179.5833,125,3.0,E-6,C6,E-5,C5,E-4,C4,B-3,B-3,r,r,C5,C4,C3,C5,G4,E-4,B-3,r
373.0,180.0833,126,1.0,r,r,r,r,r,r,G#3,G#3,r,r,r,r,r,r,r,r,G#3,r
373.5,180.3333,126,1.5,r,r,r,r,r,r,G#3,G#3,r,r,r,r,r,F5,r,r,G#3,r
374.0,180.5833,126,2.0,r,r,r,r,r,r,G#3,G#3,r,r,r,r,r,G5,F4,C4,G#3,r
374.5,180.8333,126,2.5,r,r,r,r,r,r,G#3,G#3,r,r,r,r,r,G#5,F4,C4,G#3,r
375.0,181.0833,126,3.0,F6,C6,F5,C5,F4,C4,F3,F3,r,r,C5,C4,C3,G#5,G#4,F4,F3,r
376.0,181.5833,127,1.0,r,r,r,r,r,r,G3,G3,r,r,r,r,r,C5,r,r,G3,r
376.5,181.8333,127,1.5,r,r,r,r,r,r,G3,G3,r,r,r,r,r,B4,r,r,G3,r
377.0,182.0833,127,2.0,r,r,r,r,r,r,G3,G3,r,r,r,r,r,A4,B3,G3,G3,r
377.5,182.3333,127,2.5,r,r,r,r,r,r,G3,G3,r,r,r,r,r,G4,B3,G3,G3,r
378.0,182.5833,127,3.0,D6,B5,D5,B4,D4,B3,F3,F3,r,r,G4,G3,G2,G4,D4,B3,F3,r
379.0,183.0833,128,1.0,r,r,r,r,r,r,E-3,E-3,r,r,r,r,r,r,r,r,E-3,r
379.5,183.3333,128,1.5,r,r,r,r,r,r,E-3,E-3,r,r,r,r,r,G4,r,r,E-3,r
380.0,183.5833,128,2.0,r,r,r,r,r,r,E-3,E-3,r,r,r,r,r,A4,C4,G3,E-3,r
380.5,183.8333,128,2.5,r,r,r,r,r,r,E-3,E-3,r,r,r,r,r,B4,C4,G3,E-3,r
381.0,184.0833,128,3.0,E-6,C6,E-5,C5,E-4,C4,D3,D3,r,r,C5,C4,C3,C5,E-4,C4,D3,r
382.0,184.5833,129,1.0,r,r,r,r,r,r,C3,C3,r,r,r,r,r,r,r,r,C3,C2
382.5,184.8333,129,1.5,r,r,r,r,r,r,C3,C3,r,r,r,r,r,C5,r,r,C3,C2
383.0,185.0833,129,2.0,r,r,r,r,r,r,C3,C3,r,r,r,r,r,D5,E-4,C4,C3,C2
383.5,185.3333,129,2.5,r,r,r,r,r,r,C3,C3,r,r,r,r,r,E-5,E-4,C4,C3,C2
384.0,185.5833,129,3.0,E-6,C6,E-5,C5,E-4,C4,B-2,B-2,r,r,C5,C4,C3,E-5,G4,E-4,B-2,B-1
385.0,186.0833,130,1.0,r,r,r,r,r,r,G#2,G#2,r,r,r,r,r,r,r,r,G#2,G#1
385.5,186.3333,130,1.5,r,r,r,r,r,r,G#2,G#2,r,r,r,r,r,F5,F4,r,G#2,G#1
386.0,186.5833,130,2.0,r,r,r,r,r,r,G#2,G#2,r,r,r,r,r,G5,G4,C3,G#2,G#1
386.5,186.8333,130,2.5,r,r,r,r,r,r,G#2,G#2,r,r,r,r,r,G#5,G#4,C3,G#2,G#1
387.0,187.0833,130,3.0,E-6,C6,E-5,C5,E-4,C4,G2,G2,r,r,C5,C4,C3,G#5,G#4,C4,G2,G1
388.0,187.5833,131,1.0,r,r,r,r,G#4,C4,F2,F2,r,r,r,r,r,r,r,r,F2,F1
388.5,187.8333,131,1.5,r,r,r,r,G#4,C4,F2,F2,r,r,r,r,r,G#5,G#4,C4,F2,F1
389.0,188.0833,131,2.0,r,r,r,r,G#4,C4,F2,F2,r,r,r,r,r,B-5,B-4,D4,F2,F1
389.5,188.3333,131,2.5,r,r,r,r,G#4,C4,F2,F2,r,r,r,r,r,C6,C5,E-4,F2,F1
390.0,188.5833,131,3.0,E-6,C6,E-5,C5,A4,C4,F#2,F#2,E-4,E-3,C5,C4,C3,C6,C5,E-4,F#2,F#1
391.0,189.0833,132,1.0,E-6,C6,G5,C5,C5,E-4,G2,G2,E-4,E-3,C5,C4,C3,C6,C5,E-4,G2,G1
392.0,189.5833,132,2.0,E-6,C6,G5,C5,C5,E-4,G3,G3,G4,G3,G4,G3,G2,C6,C6,C5,G3,G2
393.0,190.0833,132,3.0,D6,B5,G5,B4,B4,D4,G3,G3,G4,G3,G4,G3,G2,B5,B5,B4,G3,G2
394.0,190.5833,133,1.0,C6,C6,E-5,C5,C5,E-4,C3,C3,E-4,E-3,C4,C4,C3,C6,C6,C5,C3,C2
397.0,192.0833,134,1.0,G6,D6,G5,G4,D5,D5,D4,B3,G4,G3,G4,G3,G2,G5,D5,D4,B2,B1
398.0,192.5833,134,2.0,G6,D6,G5,G4,D5,D5,D4,B3,G4,G3,G4,G3,G2,G5,D5,D4,B2,B1
399.0,193.0833,134,3.0,G6,D6,G5,G4,D5,D5,D4,B3,G4,G3,G4,G3,G2,G5,D5,D4,B2,B1
400.0,193.5833,135,1.0,G6,E-6,G5,G4,E-5,E-5,E-4,C4,G4,G3,G4,G3,G2,G5,E-5,E-4,C3,C2
403.0,195.0833,136,1.0,G6,D6,G5,G4,D5,D5,F4,D4,G4,G3,G4,G3,G2,G5,D5,F4,D3,D2
404.0,195.5833,136,2.0,G6,D6,G5,G4,D5,D5,F4,D4,G4,G3,G4,G3,G2,G5,D5,F4,D3,D2
405.0,196.0833,136,3.0,G6,D6,G5,G4,D5,D5,F4,D4,G4,G3,G4,G3,G2,G5,D5,F4,D3,D2
406.0,196.5833,137,1.0,G6,C6,G5,G4,C5,C5,G4,E-4,G4,G3,G4,G3,G2,G5,C5,G4,E-2,E-1
409.0,198.0833,138,1.0,B-5,G5,C6,r,r,r,B-3,G3,r,r,C5,C4,C3,C5,B-4,G3,E2,E1
410.0,198.5833,138,2.0,B-5,G5,C6,r,r,r,B-3,G3,r,r,C5,C4,C3,C5,B-4,G3,E2,E1
411.0,199.0833,138,3.0,B-5,G5,C6,r,r,r,B-3,G3,r,r,C5,C4,C3,C5,B-4,G3,E2,E1
412.0,199.5833,139,1.0,G#5,F5,C6,r,r,r,G#3,F3,r,r,C5,C4,C3,C5,G#4,G#3,F2,F1
415.0,201.0833,140,1.0,D5,B4,G5,r,r,r,B3,G3,r,r,G4,G3,G2,G4,D4,B3,G2,G1
418.0,202.5833,141,1.0,C5,C5,C5,r,r,r,C4,C3,r,r,C4,C4,C3,C4,C4,C4,C3,C2
420.0,203.5833,142,3.0,r,r,r,r,r,r,r,r,r,r,r,r,r,r,r,r,C3,C2
421.0,204.0833,143,1.0,r,r,r,r,r,r,r,r,r,r,r,r,r,r,r,r,B2,B1
421.5,204.3333,143,1.5,r,r,r,r,r,r,r,r,r,r,r,r,r,r,r,r,C3,C2
422.0,204.5833,143,2.0,r,r,r,r,r,r,r,r,r,r,r,r,r,r,r,r,D3,D2
422.5,204.8333,143,2.5,r,r,r,r,r,r,r,r,r,r,r,r,r,r,r,r,G2,G1
423.0,205.0833,143,3.0,r,r,r,r,r,r,r,r,r,r,r,r,r,r,r,r,A2,A1
423.5,205.3333,143,3.5,r,r,r,r,r,r,r,r,r,r,r,r,r,r,r,r,B2,B1
424.0,205.5833,144,1.0,r,r,r,r,r,r,r,r,r,r,r,r,r,r,r,r,C3,C2
424.5,205.8333,144,1.5,r,r,r,r,r,r,r,r,r,r,r,r,r,r,r,r,B2,B1
425.0,206.0833,144,2.0,r,r,r,r,r,r,r,r,r,r,r,r,r,r,r,r,C3,C2
425.5,206.3333,144,2.5,r,r,r,r,r,r,r,r,r,r,r,r,r,r,r,r,D3,D2
426.0,206.5833,144,3.0,r,r,r,r,r,r,r,r,r,r,r,r,r,r,r,r,E3,E2
426.5,206.8333,144,3.5,r,r,r,r,r,r,r,r,r,r,r,r,r,r,r,r,F3,F2
427.0,207.0833,145,1.0,r,r,r,r,r,r,r,r,r,r,r,r,r,r,r,r,G3,G2
429.0,208.0833,145,3.0,r,r,r,r,r,r,r,r,r,r,r,r,r,r,r,r,F3,F2
430.0,208.5833,146,1.0,r,r,r,r,r,r,r,r,r,r,r,r,r,r,r,r,E3,E2
431.0,209.0833,146,2.0,r,r,r,r,r,r,r,r,r,r,r,r,r,r,r,r,C3,C2
432.0,209.5833,146,3.0,r,r,r,r,r,r,r,r,r,r,r,r,r,r,r,r,A3,A2
433.0,210.0833,147,1.0,r,r,r,r,r,r,r,r,r,r,r,r,r,r,r,r,F3,F2
434.0,210.5833,147,2.0,r,r,r,r,r,r,r,r,r,r,r,r,r,r,r,r,D3,D2
435.0,211.0833,147,3.0,r,r,r,r,r,r,r,r,r,r,r,r,r,r,r,r,B3,B2
436.0,211.5833,148,1.0,r,r,r,r,r,r,r,r,r,r,r,r,r,r,r,r,G3,G2
437.0,212.0833,148,2.0,r,r,r,r,r,r,r,r,r,r,r,r,r,r,r,r,E3,E2
438.0,212.5833,148,3.0,r,r,r,r,r,r,A3,A3,r,r,r,r,r,r,r,A3,C4,C3
439.0,213.0833,149,1.0,r,r,r,r,r,r,F#3,F#3,r,r,r,r,r,r,r,F#3,A3,A2
439.5,213.3333,149,1.5,r,r,r,r,r,r,G3,G3,r,r,r,r,r,r,r,G3,A3,A2
440.0,213.5833,149,2.0,r,r,r,r,r,r,A3,A3,r,r,r,r,r,r,r,A3,D4,D3
440.5,213.8333,149,2.5,r,r,r,r,r,r,D3,D3,r,r,r,r,r,r,r,D3,D4,D3
441.0,214.0833,149,3.0,r,r,r,r,r,r,E3,E3,r,r,r,r,r,r,r,E3,C4,C3
441.5,214.3333,149,3.5,r,r,r,r,r,r,F#3,F#3,r,r,r,r,r,r,r,F#3,C4,C3
442.0,214.5833,150,1.0,r,r,r,r,r,r,G3,G3,r,r,r,r,r,r,r,G3,B3,B2
442.5,214.8333,150,1.5,r,r,r,r,r,r,F#3,F#3,r,r,r,r,r,r,r,F#3,B3,B2
443.0,215.0833,150,2.0,r,r,r,r,r,r,G3,G3,r,r,r,r,r,r,r,G3,G3,G2
443.5,215.3333,150,2.5,r,r,r,r,r,r,A3,A3,r,r,r,r,r,r,r,A3,G3,G2
444.0,215.5833,150,3.0,r,r,r,r,r,r,B3,B3,r,r,r,r,r,r,r,B3,E3,E2
444.5,215.8333,150,3.5,r,r,r,r,r,r,C#4,C#4,r,r,r,r,r,r,r,C#4,E3,E2
445.0,216.0833,151,1.0,r,r,r,r,r,r,D4,D4,r,r,r,r,r,r,r,D4,F#3,F#2
446.0,216.5833,151,2.0,r,r,r,r,r,r,D4,D4,r,r,r,r,r,r,r,D4,D3,D2
447.0,217.0833,151,3.0,r,r,r,r,r,r,C4,C4,r,r,r,r,r,r,r,C4,F#3,F#2
448.0,217.5833,152,1.0,r,r,r,r,r,r,B3,B3,r,r,r,r,r,r,r,B3,G3,G2
449.0,218.0833,152,2.0,r,r,r,r,r,r,G3,G3,r,r,r,r,r,r,r,G3,E3,E2
450.0,218.5833,152,3.0,r,r,r,r,r,r,E4,E4,r,r,r,r,r,r,r,E4,G#3,G#2
451.0,219.0833,153,1.0,r,r,r,r,r,r,C4,C4,r,r,r,r,r,r,r,C4,A3,A2
452.0,219.5833,153,2.0,r,r,r,r,r,r,A3,A3,r,r,r,r,r,r,r,A3,F3,F2
453.0,220.0833,153,3.0,r,r,r,r,r,r,F4,F4,r,r,r,r,r,r,r,F4,A3,A2
454.0,220.5833,154,1.0,r,r,r,r,r,r,D4,D4,r,r,r,r,r,r,r,D4,B3,B2
455.0,221.0833,154,2.0,r,r,r,r,r,r,B3,B3,r,r,r,r,r,r,r,B3,G3,G2
456.0,221.5833,154,3.0,r,r,r,r,r,r,G4,G4,r,r,r,r,r,r,C5,G4,E4,E3
457.0,222.0833,155,1.0,r,r,r,r,r,r,G3,G2,r,r,G4,G3,G2,r,B4,G4,F4,F3
457.5,222.3333,155,1.5,r,r,r,r,r,r,G3,G2,r,r,G4,G3,G2,r,C5,G4,F4,F3
458.0,222.5833,155,2.0,r,r,r,r,r,r,G3,G2,r,r,G4,G3,r,r,D5,B3,G3,G2
458.5,222.8333,155,2.5,r,r,r,r,r,r,G3,G2,r,r,G4,G3,r,r,G4,B3,G3,G2
459.0,223.0833,155,3.0,r,r,r,r,r,r,G3,G2,r,r,G4,G3,r,r,A4,C4,F4,F3
459.5,223.3333,155,3.5,r,r,r,r,r,r,G3,G2,r,r,G4,G3,r,r,B4,D4,F4,F3
460.0,223.5833,156,1.0,r,r,r,r,r,r,C4,C3,r,r,C5,C4,C3,r,C5,G3,E4,E3
460.5,223.8333,156,1.5,r,r,r,r,r,r,C4,C3,r,r,C5,C4,C3,r,B4,G3,E4,E3
461.0,224.0833,156,2.0,r,r,r,r,r,r,C4,C3,r,r,C5,C4,r,r,C5,E4,C4,C3
461.5,224.3333,156,2.5,r,r,r,r,r,r,C4,C3,r,r,C5,C4,r,r,D5,F4,C4,C3
462.0,224.5833,156,3.0,r,r,r,r,r,r,C4,C3,r,r,C5,C4,r,G5,E5,G4,B3,B2
462.5,224.8333,156,3.5,r,r,r,r,r,r,C4,C3,r,r,C5,C4,r,G5,D5,G4,B3,B2
463.0,225.0833,157,1.0,r,r,r,r,r,r,D4,D3,r,r,D5,D5,r,F#5,C5,A4,A3,A2
463.5,225.3333,157,1.5,r,r,r,r,r,r,D4,D3,r,r,D5,D5,r,G5,C5,B4,A3,A2
464.0,225.5833,157,2.0,r,r,r,r,r,r,D4,D3,r,r,D5,D5,r,A5,F#4,C5,D3,D2
464.5,225.8333,157,2.5,r,r,r,r,r,r,D4,D3,r,r,D5,D5,r,D5,F#4,F#4,D3,D2
465.0,226.0833,157,3.0,r,r,r,r,r,r,D4,D3,r,r,D5,D5,r,E5,A4,G4,C4,C3
465.5,226.3333,157,3.5,r,r,r,r,r,r,D4,D3,r,r,D5,D5,r,F#5,A4,A4,C4,C3
466.0,226.5833,158,1.0,G5,r,G5,G4,r,r,G4,G3,r,r,D5,D5,G2,G5,D4,B4,B3,B2
466.5,226.8333,158,1.5,G5,r,G5,G4,r,r,G4,G3,r,r,D5,D5,G2,F#5,D4,D4,B3,B2
467.0,227.0833,158,2.0,G5,r,G5,G4,r,r,G4,G3,r,r,D5,D5,r,G5,B4,C4,G3,G2
467.5,227.3333,158,2.5,G5,r,G5,G4,r,r,G4,G3,r,r,D5,D5,r,A5,B4,B3,G3,G2
468.0,227.5833,158,3.0,G5,r,G5,G4,r,r,G4,G3,r,r,G4,G4,r,B5,G4,A3,E3,E2
468.5,227.8333,158,3.5,G5,r,G5,G4,r,r,G4,G3,r,r,G4,G4,r,C6,G4,G3,E3,E2
469.0,228.0833,159,1.0,D6,r,F#5,D5,r,r,D4,D4,r,r,D5,D5,r,D6,D5,F#3,D3,D2
469.5,228.3333,159,1.5,D6,r,F#5,D5,r,r,D4,D4,r,r,D5,D5,r,D6,D5,F#4,C#3,C#2
470.0,228.5833,159,2.0,D6,r,F#5,D5,r,r,D4,D4,r,r,D5,D5,r,D6,D5,F#4,D3,D2
470.5,228.8333,159,2.5,D6,r,F#5,D5,r,r,D4,D4,r,r,D5,D5,r,D6,D5,F#4,C3,C2
471.0,229.0833,159,3.0,E6,r,G5,E5,r,r,D4,r,r,r,D5,D5,r,E6,E5,G4,B2,B1
471.5,229.3333,159,3.5,F#6,r,A5,F#5,r,r,C4,r,r,r,D5,D5,r,F#6,F#5,A4,A2,A1
472.0,229.5833,160,1.0,G6,B5,B5,G5,r,r,B3,G3,G4,G3,D5,G4,G2,G6,G5,B4,G2,G1
472.5,229.8333,160,1.5,G6,B5,B5,G5,r,r,B3,G3,G4,G3,D5,G4,G2,G6,G5,B4,B2,B1
473.0,230.0833,160,2.0,r,r,r,r,r,r,r,r,r,r,r,r,r,r,r,r,D3,D2
473.5,230.3333,160,2.5,D6,r,r,r,r,r,r,r,r,r,r,r,r,D6,D5,F#4,C3,C2
474.0,230.5833,160,3.0,E6,r,r,r,r,r,r,r,r,r,r,r,r,E6,E5,G4,B2,B1
474.5,230.8333,160,3.5,F#6,r,r,r,r,r,r,r,r,r,r,r,r,F#6,F#5,A4,A2,A1
475.0,231.0833,161,1.0,G6,B5,B5,G5,r,r,B3,G3,G4,G3,D5,G4,G2,G6,G5,B4,G2,G1
475.5,231.3333,161,1.5,G6,B5,B5,G5,r,r,B3,G3,G4,G3,D5,G4,G2,G6,G5,B4,B2,B1
476.0,231.5833,161,2.0,r,r,r,r,r,r,r,r,r,r,r,r,r,r,r,r,D3,D2
476.5,231.8333,161,2.5,D6,r,r,r,r,r,r,r,r,r,r,r,r,D6,D5,F#4,C3,C2
477.0,232.0833,161,3.0,E6,r,r,r,r,r,r,r,r,r,r,r,r,E6,E5,G4,B2,B1
477.5,232.3333,161,3.5,F#6,r,r,r,r,r,r,r,r,r,r,r,r,F#6,F#5,A4,A2,A1
478.0,232.5833,162,1.0,G6,B5,B5,G5,r,r,B3,G3,G4,G3,D5,G4,G2,G6,G5,B4,G2,G1
480.0,233.5833,142,3.0,r,r,r,r,r,r,r,r,r,r,r,r,r,r,r,r,C3,C2
481.0,234.0833,143,1.0,r,r,r,r,r,r,r,r,r,r,r,r,r,r,r,r,B2,B1
481.5,234.3333,143,1.5,r,r,r,r,r,r,r,r,r,r,r,r,r,r,r,r,C3,C2
482.0,234.5833,143,2.0,r,r,r,r,r,r,r,r,r,r,r,r,r,r,r,r,D3,D2
482.5,234.8333,143,2.5,r,r,r,r,r,r,r,r,r,r,r,r,r,r,r,r,G2,G1
483.0,235.0833,143,3.0,r,r,r,r,r,r,r,r,r,r,r,r,r,r,r,r,A2,A1
483.5,235.3333,143,3.5,r,r,r,r,r,r,r,r,r,r,r,r,r,r,r,r,B2,B1
484.0,235.5833,144,1.0,r,r,r,r,r,r,r,r,r,r,r,r,r,r,r,r,C3,C2
484.5,235.8333,144,1.5,r,r,r,r,r,r,r,r,r,r,r,r,r,r,r,r,B2,B1
485.0,236.0833,144,2.0,r,r,r,r,r,r,r,r,r,r,r,r,r,r,r,r,C3,C2
485.5,236.3333,144,2.5,r,r,r,r,r,r,r,r,r,r,r,r,r,r,r,r,D3,D2
486.0,236.5833,144,3.0,r,r,r,r,r,r,r,r,r,r,r,r,r,r,r,r,E3,E2
486.5,236.8333,144,3.5,r,r,r,r,r,r,r,r,r,r,r,r,r,r,r,r,F3,F2
487.0,237.0833,145,1.0,r,r,r,r,r,r,r,r,r,r,r,r,r,r,r,r,G3,G2
489.0,238.0833,145,3.0,r,r,r,r,r,r,r,r,r,r,r,r,r,r,r,r,F3,F2
490.0,238.5833,146,1.0,r,r,r,r,r,r,r,r,r,r,r,r,r,r,r,r,E3,E2
491.0,239.0833,146,2.0,r,r,r,r,r,r,r,r,r,r,r,r,r,r,r,r,C3,C2
492.0,239.5833,146,3.0,r,r,r,r,r,r,r,r,r,r,r,r,r,r,r,r,A3,A2
493.0,240.0833,147,1.0,r,r,r,r,r,r,r,r,r,r,r,r,r,r,r,r,F3,F2
494.0,240.5833,147,2.0,r,r,r,r,r,r,r,r,r,r,r,r,r,r,r,r,D3,D2
495.0,241.0833,147,3.0,r,r,r,r,r,r,r,r,r,r,r,r,r,r,r,r,B3,B2
496.0,241.5833,148,1.0,r,r,r,r,r,r,r,r,r,r,r,r,r,r,r,r,G3,G2
497.0,242.0833,148,2.0,r,r,r,r,r,r,r,r,r,r,r,r,r,r,r,r,E3,E2
498.0,242.5833,148,3.0,r,r,r,r,r,r,A3,A3,r,r,r,r,r,r,r,A3,C4,C3
499.0,243.0833,149,1.0,r,r,r,r,r,r,F#3,F#3,r,r,r,r,r,r,r,F#3,A3,A2
499.5,243.3333,149,1.5,r,r,r,r,r,r,G3,G3,r,r,r,r,r,r,r,G3,A3,A2
500.0,243.5833,149,2.0,r,r,r,r,r,r,A3,A3,r,r,r,r,r,r,r,A3,D4,D3
500.5,243.8333,149,2.5,r,r,r,r,r,r,D3,D3,r,r,r,r,r,r,r,D3,D4,D3
501.0,244.0833,149,3.0,r,r,r,r,r,r,E3,E3,r,r,r,r,r,r,r,E3,C4,C3
501.5,244.3333,149,3.5,r,r,r,r,r,r,F#3,F#3,r,r,r,r,r,r,r,F#3,C4,C3
502.0,244.5833,150,1.0,r,r,r,r,r,r,G3,G3,r,r,r,r,r,r,r,G3,B3,B2
502.5,244.8333,150,1.5,r,r,r,r,r,r,F#3,F#3,r,r,r,r,r,r,r,F#3,B3,B2
503.0,245.0833,150,2.0,r,r,r,r,r,r,G3,G3,r,r,r,r,r,r,r,G3,G3,G2
503.5,245.3333,150,2.5,r,r,r,r,r,r,A3,A3,r,r,r,r,r,r,r,A3,G3,G2
504.0,245.5833,150,3.0,r,r,r,r,r,r,B3,B3,r,r,r,r,r,r,r,B3,E3,E2
504.5,245.8333,150,3.5,r,r,r,r,r,r,C#4,C#4,r,r,r,r,r,r,r,C#4,E3,E2
505.0,246.0833,151,1.0,r,r,r,r,r,r,D4,D4,r,r,r,r,r,r,r,D4,F#3,F#2
506.0,246.5833,151,2.0,r,r,r,r,r,r,D4,D4,r,r,r,r,r,r,r,D4,D3,D2
507.0,247.0833,151,3.0,r,r,r,r,r,r,C4,C4,r,r,r,r,r,r,r,C4,F#3,F#2
508.0,247.5833,152,1.0,r,r,r,r,r,r,B3,B3,r,r,r,r,r,r,r,B3,G3,G2
509.0,248.0833,152,2.0,r,r,r,r,r,r,G3,G3,r,r,r,r,r,r,r,G3,E3,E2
510.0,248.5833,152,3.0,r,r,r,r,r,r,E4,E4,r,r,r,r,r,r,r,E4,G#3,G#2
511.0,249.0833,153,1.0,r,r,r,r,r,r,C4,C4,r,r,r,r,r,r,r,C4,A3,A2
512.0,249.5833,153,2.0,r,r,r,r,r,r,A3,A3,r,r,r,r,r,r,r,A3,F3,F2
513.0,250.0833,153,3.0,r,r,r,r,r,r,F4,F4,r,r,r,r,r,r,r,F4,A3,A2
514.0,250.5833,154,1.0,r,r,r,r,r,r,D4,D4,r,r,r,r,r,r,r,D4,B3,B2
515.0,251.0833,154,2.0,r,r,r,r,r,r,B3,B3,r,r,r,r,r,r,r,B3,G3,G2
516.0,251.5833,154,3.0,r,r,r,r,r,r,G4,G4,r,r,r,r,r,r,C5,G4,E4,E3
517.0,252.0833,155,1.0,r,r,r,r,r,r,G3,G2,r,r,G4,G3,G2,r,B4,G4,F4,F3
517.5,252.3333,155,1.5,r,r,r,r,r,r,G3,G2,r,r,G4,G3,G2,r,C5,G4,F4,F3
518.0,252.5833,155,2.0,r,r,r,r,r,r,G3,G2,r,r,G4,G3,r,r,D5,B3,G3,G2
518.5,252.8333,155,2.5,r,r,r,r,r,r,G3,G2,r,r,G4,G3,r,r,G4,B3,G3,G2
519.0,253.0833,155,3.0,r,r,r,r,r,r,G3,G2,r,r,G4,G3,r,r,A4,C4,F4,F3
519.5,253.3333,155,3.5,r,r,r,r,r,r,G3,G2,r,r,G4,G3,r,r,B4,D4,F4,F3
520.0,253.5833,156,1.0,r,r,r,r,r,r,C4,C3,r,r,C5,C4,C3,r,C5,G3,E4,E3
520.5,253.8333,156,1.5,r,r,r,r,r,r,C4,C3,r,r,C5,C4,C3,r,B4,G3,E4,E3
521.0,254.0833,156,2.0,r,r,r,r,r,r,C4,C3,r,r,C5,C4,r,r,C5,E4,C4,C3
521.5,254.3333,156,2.5,r,r,r,r,r,r,C4,C3,r,r,C5,C4,r,r,D5,F4,C4,C3
522.0,254.5833,156,3.0,r,r,r,r,r,r,C4,C3,r,r,C5,C4,r,G5,E5,G4,B3,B2
522.5,254.8333,156,3.5,r,r,r,r,r,r,C4,C3,r,r,C5,C4,r,G5,D5,G4,B3,B2
523.0,255.0833,157,1.0,r,r,r,r,r,r,D4,D3,r,r,D5,D5,r,F#5,C5,A4,A3,A2
523.5,255.3333,157,1.5,r,r,r,r,r,r,D4,D3,r,r,D5,D5,r,G5,C5,B4,A3,A2
524.0,255.5833,157,2.0,r,r,r,r,r,r,D4,D3,r,r,D5,D5,r,A5,F#4,C5,D3,D2
524.5,255.8333,157,2.5,r,r,r,r,r,r,D4,D3,r,r,D5,D5,r,D5,F#4,F#4,D3,D2
525.0,256.0833,157,3.0,r,r,r,r,r,r,D4,D3,r,r,D5,D5,r,E5,A4,G4,C4,C3
525.5,256.3333,157,3.5,r,r,r,r,r,r,D4,D3,r,r,D5,D5,r,F#5,A4,A4,C4,C3
526.0,256.5833,158,1.0,G5,r,G5,G4,r,r,G4,G3,r,r,D5,D5,G2,G5,D4,B4,B3,B2
526.5,256.8333,158,1.5,G5,r,G5,G4,r,r,G4,G3,r,r,D5,D5,G2,F#5,D4,D4,B3,B2
527.0,257.0833,158,2.0,G5,r,G5,G4,r,r,G4,G3,r,r,D5,D5,r,G5,B4,C4,G3,G2
527.5,257.3333,158,2.5,G5,r,G5,G4,r,r,G4,G3,r,r,D5,D5,r,A5,B4,B3,G3,G2
528.0,257.5833,158,3.0,G5,r,G5,G4,r,r,G4,G3,r,r,G4,G4,r,B5,G4,A3,E3,E2
528.5,257.8333,158,3.5,G5,r,G5,G4,r,r,G4,G3,r,r,G4,G4,r,C6,G4,G3,E3,E2
529.0,258.0833,159,1.0,D6,r,F#5,D5,r,r,D4,D4,r,r,D5,D5,r,D6,D5,F#3,D3,D2
529.5,258.3333,159,1.5,D6,r,F#5,D5,r,r,D4,D4,r,r,D5,D5,r,D6,D5,F#4,C#3,C#2
530.0,258.5833,159,2.0,D6,r,F#5,D5,r,r,D4,D4,r,r,D5,D5,r,D6,D5,F#4,D3,D2
530.5,258.8333,159,2.5,D6,r,F#5,D5,r,r,D4,D4,r,r,D5,D5,r,D6,D5,F#4,C3,C2
531.0,259.0833,159,3.0,E6,r,G5,E5,r,r,D4,r,r,r,D5,D5,r,E6,E5,G4,B2,B1
531.5,259.3333,159,3.5,F#6,r,A5,F#5,r,r,C4,r,r,r,D5,D5,r,F#6,F#5,A4,A2,A1
532.0,259.5833,160,1.0,G6,B5,B5,G5,r,r,B3,G3,G4,G3,D5,G4,G2,G6,G5,B4,G2,G1
532.5,259.8333,160,1.5,G6,B5,B5,G5,r,r,B3,G3,G4,G3,D5,G4,G2,G6,G5,B4,B2,B1
533.0,260.0833,160,2.0,r,r,r,r,r,r,r,r,r,r,r,r,r,r,r,r,D3,D2
533.5,260.3333,160,2.5,D6,r,r,r,r,r,r,r,r,r,r,r,r,D6,D5,F#4,C3,C2
534.0,260.5833,160,3.0,E6,r,r,r,r,r,r,r,r,r,r,r,r,E6,E5,G4,B2,B1
534.5,260.8333,160,3.5,F#6,r,r,r,r,r,r,r,r,r,r,r,r,F#6,F#5,A4,A2,A1
535.0,261.0833,161,1.0,G6,B5,B5,G5,r,r,B3,G3,G4,G3,D5,G4,G2,G6,G5,B4,G2,G1
535.5,261.3333,161,1.5,G6,B5,B5,G5,r,r,B3,G3,G4,G3,D5,G4,G2,G6,G5,B4,B2,B1
536.0,261.5833,161,2.0,r,r,r,r,r,r,r,r,r,r,r,r,r,r,r,r,D3,D2
536.5,261.8333,161,2.5,D6,r,r,r,r,r,r,r,r,r,r,r,r,D6,D5,F#4,C3,C2
537.0,262.0833,161,3.0,E6,r,r,r,r,r,r,r,r,r,r,r,r,E6,E5,G4,B2,B1
537.5,262.3333,161,3.5,F#6,r,r,r,r,r,r,r,r,r,r,r,r,F#6,F#5,A4,A2,A1
538.0,262.5833,163,1.0,G6,B5,B5,G5,r,r,B3,G3,G4,G3,D5,G4,G2,G6,G5,B4,G2,G1
539.5,263.3333,163,2.5,r,r,r,r,r,r,r,r,r,r,r,r,r,r,D4,D4,r,r
540.0,263.5833,163,3.0,r,r,r,r,r,r,r,r,r,r,r,r,r,r,E4,E4,r,r
540.5,263.8333,163,3.5,r,r,r,r,r,r,r,r,r,r,r,r,r,r,F#4,F#4,r,r
541.0,264.0833,164,1.0,r,r,r,r,r,r,r,r,r,r,r,r,r,r,G4,G4,r,r
543.0,265.0833,164,3.0,r,r,r,r,r,r,r,r,r,r,r,r,r,r,r,r,G3,G2
544.0,265.5833,165,1.0,r,r,r,r,r,r,r,r,r,r,r,r,r,r,r,r,F3,F2
544.5,265.8333,165,1.5,r,r,r,r,r,r,r,r,r,r,r,r,r,r,r,r,G3,G2
545.0,266.0833,165,2.0,r,r,r,r,r,r,r,r,r,r,r,r,r,r,r,r,A3,A2
545.5,266.3333,165,2.5,r,r,r,r,r,r,r,r,r,r,r,r,r,r,r,r,D3,D2
546.0,266.5833,165,3.0,r,r,r,r,r,r,r,r,r,r,r,r,r,r,r,r,E3,E2
546.5,266.8333,165,3.5,r,r,r,r,r,r,r,r,r,r,r,r,r,r,r,r,F3,F2
549.0,268.0833,166,3.0,r,r,r,r,r,r,r,r,r,r,r,r,r,r,r,r,G3,G2
550.0,268.5833,167,1.0,r,r,r,r,r,r,r,r,r,r,r,r,r,r,r,r,F3,F2
550.5,268.8333,167,1.5,r,r,r,r,r,r,r,r,r,r,r,r,r,r,r,r,G3,G2
551.0,269.0833,167,2.0,r,r,r,r,r,r,r,r,r,r,r,r,r,r,r,r,A3,A2
551.5,269.3333,167,2.5,r,r,r,r,r,r,r,r,r,r,r,r,r,r,r,r,D3,D2
552.0,269.5833,167,3.0,r,r,r,r,r,r,r,r,r,r,r,r,r,r,r,r,E3,E2
552.5,269.8333,167,3.5,r,r,r,r,r,r,r,r,r,r,r,r,r,r,r,r,F3,F2
555.0,271.0833,168,3.0,r,r,r,r,r,r,r,r,r,r,r,r,r,r,r,r,G3,G2
556.0,271.5833,169,1.0,r,r,r,r,r,r,r,r,r,r,r,r,r,r,r,r,F3,F2
556.5,271.8333,169,1.5,r,r,r,r,r,r,r,r,r,r,r,r,r,r,r,r,G3,G2
557.0,272.0833,169,2.0,r,r,r,r,r,r,r,r,r,r,r,r,r,r,r,r,A3,A2
557.5,272.3333,169,2.5,r,r,r,r,r,r,r,r,r,r,r,r,r,r,r,r,D3,D2
558.0,272.5833,169,3.0,r,r,r,r,r,r,r,r,r,r,r,r,r,r,r,r,E3,E2
558.5,272.8333,169,3.5,r,r,r,r,r,r,r,r,r,r,r,r,r,r,r,r,F3,F2
559.0,273.0833,170,1.0,r,r,r,r,r,r,r,r,r,r,r,r,r,r,r,r,B2,B1
559.5,273.3333,170,1.5,r,r,r,r,r,r,r,r,r,r,r,r,r,r,r,r,C3,C2
560.0,273.5833,170,2.0,r,r,r,r,r,r,r,r,r,r,r,r,r,r,r,r,D3,D2
560.5,273.8333,170,2.5,r,r,r,r,r,r,r,r,r,r,r,r,r,r,r,r,G2,G1
561.0,274.0833,170,3.0,r,r,r,r,r,r,r,r,r,r,r,r,r,r,r,r,A2,A1
561.5,274.3333,170,3.5,r,r,r,r,r,r,r,r,r,r,r,r,r,r,r,r,B2,B1
562.0,274.5833,171,1.0,r,r,r,r,r,r,r,r,r,r,r,r,r,r,r,r,A2,A1
562.5,274.8333,171,1.5,r,r,r,r,r,r,r,r,r,r,r,r,r,r,r,r,B2,B1
563.0,275.0833,171,2.0,r,r,r,r,r,r,r,r,r,r,r,r,r,r,r,r,C3,C2
563.5,275.3333,171,2.5,r,r,r,r,r,r,r,r,r,r,r,r,r,r,r,r,B2,B1
564.0,275.5833,171,3.0,r,r,r,r,r,r,r,r,r,r,r,r,r,r,r,r,C3,C2
564.5,275.8333,171,3.5,r,r,r,r,r,r,r,r,r,r,r,r,r,r,r,r,D3,D2
565.0,276.0833,172,1.0,r,r,r,r,r,r,r,r,r,r,r,r,r,r,r,r,C3,C2
565.5,276.3333,172,1.5,r,r,r,r,r,r,r,r,r,r,r,r,r,r,r,r,D3,D2
566.0,276.5833,172,2.0,r,r,r,r,r,r,r,r,r,r,r,r,r,r,r,r,E3,E2
566.5,276.8333,172,2.5,r,r,r,r,r,r,r,r,r,r,r,r,r,r,r,r,D3,D2
567.0,277.0833,172,3.0,r,r,r,r,r,r,C4,C4,r,r,r,r,r,r,r,C4,E3,E2
567.5,277.3333,172,3.5,r,r,r,r,r,r,C4,C4,r,r,r,r,r,r,r,C4,F3,F2
568.0,277.5833,173,1.0,r,r,r,r,r,r,B3,B3,r,r,r,r,r,r,r,B3,G3,G2
568.5,277.8333,173,1.5,r,r,r,r,r,r,C4,C4,r,r,r,r,r,r,r,C4,G3,G2
569.0,278.0833,173,2.0,r,r,r,r,r,r,D4,D4,r,r,r,r,r,r,r,D4,G3,G2
569.5,278.3333,173,2.5,r,r,r,r,r,r,G3,G3,r,r,r,r,r,r,r,G3,G3,G2
570.0,278.5833,173,3.0,r,r,r,r,r,r,A3,A3,r,r,r,r,r,r,r,A3,F3,F2
570.5,278.8333,173,3.5,r,r,r,r,r,r,B3,B3,r,r,r,r,r,r,r,B3,F3,F2
571.0,279.0833,174,1.0,r,r,r,r,r,r,C4,C4,r,r,r,r,r,r,r,C4,E3,E2
571.5,279.3333,174,1.5,r,r,r,r,r,r,B3,B3,r,r,r,r,r,r,r,B3,E3,E2
572.0,279.5833,174,2.0,r,r,r,r,r,r,C4,C4,r,r,r,r,r,r,r,C4,C3,C2
572.5,279.8333,174,2.5,r,r,r,r,r,r,D4,D4,r,r,r,r,r,r,r,D4,C3,C2
573.0,280.0833,174,3.0,r,r,r,r,r,r,E4,E4,r,r,r,r,r,r,r,E4,B2,B1
573.5,280.3333,174,3.5,r,r,r,r,r,r,F4,F4,r,r,r,r,r,r,r,F4,B2,B1
574.0,280.5833,175,1.0,r,r,r,r,r,r,G4,G4,r,r,r,r,r,r,r,G4,A2,A1
575.0,281.0833,175,2.0,r,r,r,r,r,r,G4,G4,r,r,r,r,r,r,r,G4,B2,B1
576.0,281.5833,175,3.0,r,r,r,r,r,r,F4,F4,r,r,r,r,r,r,r,F4,G2,G1
577.0,282.0833,176,1.0,r,r,r,r,r,r,E4,E4,r,r,r,r,r,r,r,E4,C3,C2
578.0,282.5833,176,2.0,r,r,r,r,r,r,C4,C4,r,r,r,r,r,r,r,C4,E3,E2
579.0,283.0833,176,3.0,r,r,r,r,A4,A4,r,r,r,r,r,r,r,r,r,C5,F3,F2
580.0,283.5833,177,1.0,r,r,r,r,A4,A4,r,r,r,r,r,r,r,r,r,C5,E3,E2
580.5,283.8333,177,1.5,r,r,r,r,A4,A4,r,r,r,r,r,r,r,r,r,C5,F3,F2
581.0,284.0833,177,2.0,r,r,r,r,C4,C4,r,r,r,r,r,r,r,r,r,C4,G3,G2
581.5,284.3333,177,2.5,r,r,r,r,C4,C4,r,r,r,r,r,r,r,r,r,C4,C3,C2
582.0,284.5833,177,3.0,r,r,r,r,G4,G4,r,r,r,r,r,r,r,r,r,B-4,D3,D2
582.5,284.8333,177,3.5,r,r,r,r,G4,G4,r,r,r,r,r,r,r,r,r,B-4,E3,E2
583.0,285.0833,178,1.0,r,r,r,r,G4,G4,r,r,r,r,r,r,r,r,r,B-4,F3,F2
583.5,285.3333,178,1.5,r,r,r,r,G4,G4,r,r,r,r,r,r,r,r,r,B-4,E3,E2
584.0,285.5833,178,2.0,r,r,r,r,C4,C4,r,r,r,r,r,r,r,r,r,C4,F3,F2
584.5,285.8333,178,2.5,r,r,r,r,C4,C4,r,r,r,r,r,r,r,r,r,C4,G3,G2
585.0,286.0833,178,3.0,r,r,r,r,F4,F4,r,r,r,r,r,r,r,r,r,A4,A3,A2
585.5,286.3333,178,3.5,r,r,r,r,F4,F4,r,r,r,r,r,r,r,r,r,A4,B-3,B-2
586.0,286.5833,179,1.0,r,r,r,r,F4,F4,r,r,r,r,r,r,r,r,r,A4,C4,C3
587.0,287.0833,179,2.0,r,r,r,r,C4,C4,r,r,r,r,r,r,r,r,r,C4,C4,C3
588.0,287.5833,179,3.0,r,r,r,r,E4,E4,r,r,r,r,r,r,r,r,r,G4,B-3,B-2
589.0,288.0833,180,1.0,r,r,r,r,C4,C4,r,r,r,r,r,r,r,r,r,G4,A3,A2
590.0,288.5833,180,2.0,r,r,r,r,A4,A4,r,r,r,r,r,r,r,r,r,F4,F3,F2
591.0,289.0833,180,3.0,r,r,r,r,r,r,F4,F4,r,r,r,r,r,r,C5,A4,r,r
592.0,289.5833,181,1.0,r,r,r,r,r,r,F4,F4,r,r,r,r,r,r,B4,D4,G3,G2
592.5,289.8333,181,1.5,r,r,r,r,r,r,F4,F4,r,r,r,r,r,r,C5,D4,G3,G2
593.0,290.0833,181,2.0,r,r,r,r,r,r,G3,G3,r,r,r,r,r,r,D5,D4,G3,G2
593.5,290.3333,181,2.5,r,r,r,r,r,r,G3,G3,r,r,r,r,r,r,G4,D4,G3,G2
594.0,290.5833,181,3.0,r,r,r,r,r,r,F4,F4,r,r,r,r,r,r,A4,D4,G3,G2
594.5,290.8333,181,3.5,r,r,r,r,r,r,F4,F4,r,r,r,r,r,r,B4,D4,G3,G2
595.0,291.0833,182,1.0,r,r,r,r,r,r,F4,F4,r,r,r,r,r,r,C5,C4,C3,C2
595.5,291.3333,182,1.5,r,r,r,r,r,r,F4,F4,r,r,r,r,r,r,B4,C4,C3,C2
596.0,291.5833,182,2.0,r,r,r,r,r,r,E4,E4,r,r,r,r,r,r,C5,C4,C3,C2
596.5,291.8333,182,2.5,r,r,r,r,r,r,E4,E4,r,r,r,r,r,r,D5,C4,C3,C2
597.0,292.0833,182,3.0,r,r,B-5,G5,B-4,G4,r,r,B4,G4,r,r,r,G5,E5,E4,C3,C2
597.5,292.3333,182,3.5,r,r,B-5,G5,B-4,G4,r,r,B4,G4,r,r,r,G5,F5,D4,C3,C2
598.0,292.5833,183,1.0,r,r,B-5,G5,B-4,G4,r,r,B4,G4,r,r,r,E5,G5,C4,C4,C3
598.5,292.8333,183,1.5,r,r,B-5,G5,B-4,G4,r,r,B4,G4,r,r,r,F5,F5,C4,C4,C3
599.0,293.0833,183,2.0,r,r,C5,C5,C4,C4,r,r,r,r,r,r,r,G5,E5,C4,C4,C3
599.5,293.3333,183,2.5,r,r,C5,C5,C4,C4,r,r,r,r,r,r,r,C5,D5,B-3,C4,C3
600.0,293.5833,183,3.0,r,r,B-5,G5,B-4,G4,r,r,r,r,r,r,r,D5,C5,A3,C4,C3
600.5,293.8333,183,3.5,r,r,B-5,G5,B-4,G4,r,r,r,r,r,r,r,E5,B-4,G3,C4,C3
601.0,294.0833,184,1.0,r,r,B-5,r,B-4,G4,r,r,r,r,r,r,r,F5,A4,F3,F3,F2
601.5,294.3333,184,1.5,r,r,B-5,r,B-4,G4,r,r,r,r,r,r,r,E5,A4,F3,F3,F2
602.0,294.5833,184,2.0,r,r,A5,r,A4,F4,r,r,r,r,r,r,r,F5,r,r,F3,F2
602.5,294.8333,184,2.5,r,r,A5,r,A4,F4,r,r,r,r,r,r,r,G5,r,r,F3,F2
603.0,295.0833,184,3.0,C6,C6,C5,C5,r,r,C4,C4,F4,F4,C5,C4,C3,A5,F5,A4,F3,F2
603.5,295.3333,184,3.5,C6,C6,C5,C5,r,r,C4,C4,F4,F4,C5,C4,C3,F5,A4,F4,F3,F2
604.0,295.5833,185,1.0,B5,B5,B4,B4,F5,D5,B3,B3,G4,G4,G4,G3,G2,D5,B4,D4,G3,G2
604.5,295.8333,185,1.5,C6,C6,C5,C5,F5,D5,C4,C4,G4,G4,G4,G3,G2,G4,G4,B3,G3,G2
605.0,296.0833,185,2.0,D6,D6,D5,D5,F5,D5,D4,D4,G4,G4,G4,G3,r,D5,B4,D4,G2,G1
605.5,296.3333,185,2.5,G5,G5,G4,G4,F5,D5,G3,G3,G4,G4,G4,G3,r,D5,B4,D4,G2,G1
606.0,296.5833,185,3.0,A5,A5,A4,A4,F5,D5,A3,A3,G4,G4,G4,G3,r,D5,B4,D4,G3,G2
606.5,296.8333,185,3.5,B5,B5,B4,B4,F5,D5,B3,B3,G4,G4,G4,G3,r,D5,B4,D4,G3,G2
607.0,297.0833,186,1.0,C6,C6,C5,C5,E5,C5,C4,C4,G4,G4,C5,C4,G2,E5,C5,E4,G3,G2
607.5,297.3333,186,1.5,B5,B5,B4,B4,E5,C5,B3,B3,G4,G4,C5,C4,G2,C5,G4,C4,G3,G2
608.0,297.5833,186,2.0,C6,C6,C5,C5,E5,C5,C4,C4,G4,G4,C5,C4,r,E5,C5,E4,G2,G1
608.5,297.8333,186,2.5,D6,D6,D5,D5,E5,C5,D4,D4,G4,G4,C5,C4,r,E5,C5,E4,G2,G1
609.0,298.0833,186,3.0,E6,C6,E5,C5,E5,C5,E4,C4,G4,G4,C5,C4,r,E5,C5,E4,G3,G2
609.5,298.3333,186,3.5,F6,C6,F5,C5,E5,C5,F4,C4,G4,G4,C5,C4,r,F5,D5,F4,G3,G2
610.0,298.5833,187,1.0,G6,B5,G5,B4,D5,B4,G4,B3,G4,G4,D5,G4,G2,G5,B4,G4,G3,G2
610.5,298.8333,187,1.5,G6,B5,G5,B4,D5,B4,G4,B3,G4,G4,D5,G4,G2,D5,G4,D4,G3,G2
611.0,299.0833,187,2.0,G6,B5,G5,B4,D5,B4,G4,B3,G4,G4,D5,G4,r,G5,B4,G4,G2,G1
611.5,299.3333,187,2.5,G6,B5,G5,B4,D5,B4,G4,B3,G4,G4,D5,G4,r,G5,B4,G4,G2,G1
612.0,299.5833,187,3.0,F6,D6,F5,D5,D5,B4,F4,D4,G4,G4,D5,G4,r,F5,D5,F4,G3,G2
612.5,299.8333,187,3.5,F6,D6,F5,D5,D5,B4,F4,D4,G4,G4,D5,G4,r,F5,D5,F4,G3,G2
613.0,300.0833,188,1.0,E6,C6,E5,C5,E5,C5,E4,C4,G4,G4,E5,C5,G2,E5,C5,E4,G3,G2
613.5,300.3333,188,1.5,E6,C6,E5,C5,E5,C5,E4,C4,G4,G4,E5,C5,G2,E5,C5,E4,G3,G2
614.0,300.5833,188,2.0,C6,G5,C5,G4,E5,C5,C4,G3,G4,G4,E5,C5,r,C5,G4,C4,G2,G1
614.5,300.8333,188,2.5,C6,G5,C5,G4,E5,C5,C4,G3,G4,G4,E5,C5,r,C5,G4,C4,G2,G1
615.0,301.0833,188,3.0,E6,C6,E5,C5,E5,C5,E4,C4,G4,G4,E5,C5,r,E5,C5,E4,G3,G2
615.5,301.3333,188,3.5,E6,C6,E5,C5,E5,C5,E4,C4,G4,G4,E5,C5,r,E5,C5,E4,G3,G2
616.0,301.5833,189,1.0,G6,B5,G5,B4,D5,B4,G4,B3,G4,G4,D5,G4,G2,G5,B4,G4,G3,G2
616.5,301.8333,189,1.5,G6,B5,G5,B4,D5,B4,G4,B3,G4,G4,D5,G4,G2,D5,G4,D4,G3,G2
617.0,302.0833,189,2.0,G6,B5,G5,B4,D5,B4,G4,B3,G4,G4,D5,G4,r,G5,B4,G4,G2,G1
617.5,302.3333,189,2.5,G6,B5,G5,B4,D5,B4,G4,B3,G4,G4,D5,G4,r,G5,B4,G4,G2,G1
618.0,302.5833,189,3.0,F6,D6,F5,D5,D5,B4,F4,D4,G4,G4,D5,G4,r,F5,D5,F4,G3,G2
618.5,302.8333,189,3.5,F6,D6,F5,D5,D5,B4,F4,D4,G4,G4,D5,G4,r,F5,D5,F4,G3,G2
619.0,303.0833,190,1.0,E6,C6,E5,C5,E5,C5,E4,C4,G4,G4,E5,C5,G2,E5,C5,E4,G3,G2
619.5,303.3333,190,1.5,E6,C6,E5,C5,E5,C5,E4,C4,G4,G4,E5,C5,G2,E5,C5,E4,G3,G2
620.0,303.5833,190,2.0,C6,G5,C5,G4,E5,C5,C4,G3,G4,G4,E5,C5,r,C5,G4,C4,G2,G1
620.5,303.8333,190,2.5,C6,G5,C5,G4,E5,C5,C4,G3,G4,G4,E5,C5,r,C5,G4,C4,G2,G1
621.0,304.0833,190,3.0,E6,C6,E5,C5,E5,C5,E4,C4,G4,G4,E5,C5,r,E5,C5,E4,G3,G2
621.5,304.3333,190,3.5,E6,C6,E5,C5,E5,C5,E4,C4,G4,G4,E5,C5,r,E5,C5,E4,G3,G2
622.0,304.5833,191,1.0,G6,B5,G5,B4,D5,B4,G4,B3,G4,G4,D5,G4,G2,G5,B4,G4,G3,G2
622.5,304.8333,191,1.5,G6,B5,G5,B4,D5,B4,G4,B3,G4,G4,D5,G4,G2,D5,G4,D4,G3,G2
623.0,305.0833,191,2.0,G6,B5,G5,B4,D5,B4,G4,B3,G4,G4,D5,G4,G2,G5,B4,G4,B3,G1
623.5,305.3333,191,2.5,G6,B5,G5,B4,D5,B4,G4,B3,G4,G4,D5,G4,G2,G5,B4,G4,B3,G1
624.0,305.5833,191,3.0,F6,D6,F5,D5,D5,B4,F4,D4,G4,G4,D5,G4,G2,F5,D5,F4,D4,G2
624.5,305.8333,191,3.5,F6,D6,F5,D5,D5,B4,F4,D4,G4,G4,D5,G4,G2,F5,D5,F4,D4,G2
625.0,306.0833,192,1.0,E6,C6,E5,C5,C5,G4,E4,C4,G4,G4,E5,C5,G2,E5,C5,E4,C4,G1
625.5,306.3333,192,1.5,E6,C6,E5,C5,C5,G4,E4,C4,G4,G4,E5,C5,G2,E5,G#4,E4,G#3,G1
626.0,306.5833,192,2.0,C6,A5,C5,A4,r,r,C4,A3,G4,G4,r,r,G2,C5,A4,C4,A3,G2
626.5,306.8333,192,2.5,C6,A5,C5,A4,r,r,C4,A3,G4,G4,r,r,G2,C5,A4,C4,A3,G2
627.0,307.0833,192,3.0,F6,A5,F5,A4,r,r,F4,A3,G4,G4,r,r,G2,F5,A4,F4,A3,G1
627.5,307.3333,192,3.5,F6,A5,F5,A4,r,r,F4,A3,G4,G4,r,r,G2,F5,A4,F4,A3,G1
628.0,307.5833,193,1.0,D6,B5,D5,B4,r,r,D4,B3,G4,G4,D5,G4,G2,D5,B4,D4,B3,G2
628.5,307.8333,193,1.5,D6,B5,D5,B4,r,r,D4,B3,G4,G4,D5,G4,G2,D5,F#4,D4,F#3,G2
629.0,308.0833,193,2.0,B5,G5,B4,G4,r,r,B3,G3,G4,G4,r,r,G2,B4,G4,B3,G3,G1
629.5,308.3333,193,2.5,B5,G5,B4,G4,r,r,B3,G3,G4,G4,r,r,G2,B4,G4,B3,G3,G1
630.0,308.5833,193,3.0,E6,G5,E5,G4,r,r,E4,G3,G4,G4,r,r,G2,E5,G4,E4,G3,G2
630.5,308.8333,193,3.5,E6,G5,E5,G4,r,r,E4,G3,G4,G4,r,r,G2,E5,G4,E4,G3,G2
631.0,309.0833,194,1.0,C6,A5,C5,A4,r,r,C4,A3,G4,G4,C5,C4,G2,C5,A4,C4,A3,G1
631.5,309.3333,194,1.5,C6,A5,C5,A4,r,r,C4,A3,G4,G4,C5,C4,G2,C5,E4,C4,E3,G1
632.0,309.5833,194,2.0,A5,F5,A5,F5,r,r,A3,F3,G4,G4,r,r,G2,A4,F4,A3,F3,G2
632.5,309.8333,194,2.5,A5,F5,A5,F5,r,r,A3,F3,G4,G4,r,r,G2,A4,F4,A3,F3,G2
633.0,310.0833,194,3.0,D6,A5,D6,F5,r,r,D4,F3,G4,G4,r,r,G2,D5,F4,D4,F3,G1
633.5,310.3333,194,3.5,D6,A5,D6,F5,r,r,D4,F3,G4,G4,r,r,G2,D5,F4,D4,F3,G1
634.0,310.5833,195,1.0,B5,F5,B5,D5,F5,F4,B3,D3,G4,G4,D5,G4,G2,B4,F4,B3,G3,G2
634.5,310.8333,195,1.5,B5,F5,B5,D5,F5,F4,B3,D3,G4,G4,D5,G4,G2,B4,F4,B3,G3,G2
635.0,311.0833,195,2.0,G5,F5,G5,B4,F5,F4,G3,B2,G4,G4,G4,G3,G2,G5,F4,D4,G2,G2
635.5,311.3333,195,2.5,G5,F5,G5,B4,F5,F4,G3,B2,G4,G4,G4,G3,G2,G5,F4,D4,G2,G2
636.0,311.5833,195,3.0,D6,F5,D6,F5,F5,F4,D4,F3,G4,G4,D5,G4,G2,D5,G4,F4,G2,G2
636.5,311.8333,195,3.5,D6,F5,D6,F5,F5,F4,D4,F3,G4,G4,D5,G4,G2,D5,G4,F4,G2,G2
637.0,312.0833,196,1.0,B5,F5,B5,D5,F5,F4,B3,D3,G4,G4,G4,G3,G2,B4,G4,F4,G2,G2
637.5,312.3333,196,1.5,B5,F5,B5,D5,F5,F4,B3,D3,G4,G4,G4,G3,G2,B4,G4,F4,G2,G2
638.0,312.5833,196,2.0,G6,F5,G5,B4,F5,F4,G4,B3,G4,G4,D5,G4,G2,G5,B4,F4,F2,F2
638.5,312.8333,196,2.5,G6,F5,G5,B4,F5,F4,G4,B3,G4,G4,D5,G4,G2,G5,B4,F4,F2,F2
639.0,313.0833,196,3.0,B5,F5,B5,D5,F5,F4,B3,F3,G4,G4,G4,G3,G2,B5,G5,G4,D2,D2
639.5,313.3333,196,3.5,B5,F5,B5,D5,F5,F4,B3,F3,G4,G4,G4,G3,G2,B5,G5,G4,D2,D2
640.0,313.5833,197,1.0,C6,E5,C6,E5,E5,E4,C4,E3,G4,G4,C5,C4,C3,C6,G5,G4,C2,C2
640.5,313.8333,197,1.5,C6,E5,C6,E5,E5,E4,C4,E3,G4,G4,C5,C4,C3,C6,G5,G4,E2,E2
641.0,314.0833,197,2.0,r,r,r,r,r,r,r,r,r,r,r,r,r,r,r,r,G2,G2
641.5,314.3333,197,2.5,G5,G5,r,r,r,r,r,r,r,r,r,r,r,G5,B4,G4,F2,F2
642.0,314.5833,197,3.0,A5,A5,r,r,r,r,r,r,r,r,r,r,r,A5,C5,G4,E2,E2
642.5,314.8333,197,3.5,B5,B5,r,r,r,r,r,r,r,r,r,r,r,B5,D5,F4,D2,D2
643.0,315.0833,198,1.0,C6,C6,C6,E5,E5,E4,C4,E3,G4,G4,C5,C4,C3,C6,E5,E4,C2,C2
643.5,315.3333,198,1.5,C6,C6,C6,E5,E5,E4,C4,E3,G4,G4,C5,C4,C3,C6,E5,E4,E2,E2
644.0,315.5833,198,2.0,r,r,r,r,r,r,r,r,r,r,r,r,r,r,r,r,G2,G2
644.5,315.8333,198,2.5,G5,G5,r,r,r,r,r,r,r,r,r,r,r,G5,B4,G4,F2,F2
645.0,316.0833,198,3.0,A5,A5,r,r,r,r,r,r,r,r,r,r,r,A5,C5,G4,E2,E2
645.5,316.3333,198,3.5,B5,B5,r,r,r,r,r,r,r,r,r,r,r,B5,D5,F4,D2,D2
646.0,316.5833,199,1.0,C6,C6,C6,E5,E5,E4,C4,E3,G4,G4,C5,C4,C3,C6,E5,E4,C2,C2
647.5,317.3333,199,2.5,r,r,r,r,r,r,r,r,r,r,r,r,r,r,G4,G3,r,r
648.0,317.5833,199,3.0,r,r,r,r,r,r,r,r,r,r,r,r,r,r,A4,A3,r,r
648.5,317.8333,199,3.5,r,r,r,r,r,r,r,r,r,r,r,r,r,r,B4,B3,r,r
649.0,318.0833,200,1.0,r,r,r,r,r,r,r,r,r,r,r,r,r,r,C5,C4,r,r
651.0,319.0833,200,3.0,r,r,r,r,r,r,r,r,r,r,r,r,r,r,r,r,G3,G2
652.0,319.5833,201,1.0,r,r,r,r,r,r,r,r,r,r,r,r,r,r,r,r,F3,F2
652.5,319.8333,201,1.5,r,r,r,r,r,r,r,r,r,r,r,r,r,r,r,r,G3,G2
653.0,320.0833,201,2.0,r,r,r,r,r,r,r,r,r,r,r,r,r,r,r,r,A3,A2
653.5,320.3333,201,2.5,r,r,r,r,r,r,r,r,r,r,r,r,r,r,r,r,D3,D2
654.0,320.5833,201,3.0,r,r,r,r,r,r,r,r,r,r,r,r,r,r,r,r,E3,E2
654.5,320.8333,201,3.5,r,r,r,r,r,r,r,r,r,r,r,r,r,r,r,r,F3,F2
657.0,322.0833,202,3.0,r,r,r,r,r,r,r,r,r,r,r,r,r,r,r,r,G3,G2
658.0,322.5833,203,1.0,r,r,r,r,r,r,r,r,r,r,r,r,r,r,r,r,F3,F2
658.5,322.8333,203,1.5,r,r,r,r,r,r,r,r,r,r,r,r,r,r,r,r,G3,G2
659.0,323.0833,203,2.0,r,r,r,r,r,r,r,r,r,r,r,r,r,r,r,r,A3,A2
659.5,323.3333,203,2.5,r,r,r,r,r,r,r,r,r,r,r,r,r,r,r,r,D3,D2
660.0,323.5833,203,3.0,r,r,r,r,r,r,r,r,r,r,r,r,r,r,r,r,E3,E2
660.5,323.8333,203,3.5,r,r,r,r,r,r,r,r,r,r,r,r,r,r,r,r,F3,F2
663.0,325.0833,204,3.0,r,r,r,r,r,r,r,r,r,r,r,r,r,r,r,r,G3,G2
664.0,325.5833,205,1.0,r,r,r,r,r,r,r,r,r,r,r,r,r,r,r,r,F3,F2
664.5,325.8333,205,1.5,r,r,r,r,r,r,r,r,r,r,r,r,r,r,r,r,G3,G2
665.0,326.0833,205,2.0,r,r,r,r,r,r,r,r,r,r,r,r,r,r,r,r,A3,A2
665.5,326.3333,205,2.5,r,r,r,r,r,r,r,r,r,r,r,r,r,r,r,r,D3,D2
666.0,326.5833,205,3.0,r,r,r,r,r,r,r,r,r,r,r,r,r,r,r,r,E3,E2
666.5,326.8333,205,3.5,r,r,r,r,r,r,r,r,r,r,r,r,r,r,r,r,F3,F2
667.0,327.0833,206,1.0,r,r,r,r,r,r,r,r,r,r,r,r,r,r,r,r,B2,B1
667.5,327.3333,206,1.5,r,r,r,r,r,r,r,r,r,r,r,r,r,r,r,r,C3,C2
668.0,327.5833,206,2.0,r,r,r,r,r,r,r,r,r,r,r,r,r,r,r,r,D3,D2
668.5,327.8333,206,2.5,r,r,r,r,r,r,r,r,r,r,r,r,r,r,r,r,G2,G1
669.0,328.0833,206,3.0,r,r,r,r,r,r,r,r,r,r,r,r,r,r,r,r,A2,A1
669.5,328.3333,206,3.5,r,r,r,r,r,r,r,r,r,r,r,r,r,r,r,r,B2,B1
670.0,328.5833,207,1.0,r,r,r,r,r,r,r,r,r,r,r,r,r,r,r,r,A2,A1
670.5,328.8333,207,1.5,r,r,r,r,r,r,r,r,r,r,r,r,r,r,r,r,B2,B1
671.0,329.0833,207,2.0,r,r,r,r,r,r,r,r,r,r,r,r,r,r,r,r,C3,C2
671.5,329.3333,207,2.5,r,r,r,r,r,r,r,r,r,r,r,r,r,r,r,r,B2,B1
672.0,329.5833,207,3.0,r,r,r,r,r,r,r,r,r,r,r,r,r,r,r,r,C3,C2
672.5,329.8333,207,3.5,r,r,r,r,r,r,r,r,r,r,r,r,r,r,r,r,D3,D2
673.0,330.0833,208,1.0,r,r,r,r,r,r,r,r,r,r,r,r,r,r,r,r,C3,C2
673.5,330.3333,208,1.5,r,r,r,r,r,r,r,r,r,r,r,r,r,r,r,r,D3,D2
674.0,330.5833,208,2.0,r,r,r,r,r,r,r,r,r,r,r,r,r,r,r,r,E3,E2
674.5,330.8333,208,2.5,r,r,r,r,r,r,r,r,r,r,r,r,r,r,r,r,D3,D2
675.0,331.0833,208,3.0,r,r,r,r,r,r,r,r,r,r,r,r,r,r,r,C4,E3,E2
675.5,331.3333,208,3.5,r,r,r,r,r,r,r,r,r,r,r,r,r,r,r,C4,F3,F2
676.0,331.5833,209,1.0,r,r,r,r,r,r,r,r,r,r,r,r,r,r,r,B3,G3,G2
676.5,331.8333,209,1.5,r,r,r,r,r,r,r,r,r,r,r,r,r,r,r,C4,G3,G2
677.0,332.0833,209,2.0,r,r,r,r,r,r,r,r,r,r,r,r,r,r,r,D4,G3,G2
677.5,332.3333,209,2.5,r,r,r,r,r,r,r,r,r,r,r,r,r,r,r,G3,G3,G2
678.0,332.5833,209,3.0,r,r,r,r,r,r,r,r,r,r,r,r,r,r,r,A3,F3,F2
678.5,332.8333,209,3.5,r,r,r,r,r,r,r,r,r,r,r,r,r,r,r,B3,F3,F2
679.0,333.0833,210,1.0,r,r,r,r,r,r,r,r,r,r,r,r,r,r,r,C4,E3,E2
679.5,333.3333,210,1.5,r,r,r,r,r,r,r,r,r,r,r,r,r,r,r,B3,E3,E2
680.0,333.5833,210,2.0,r,r,r,r,r,r,r,r,r,r,r,r,r,r,r,C4,C3,C2
680.5,333.8333,210,2.5,r,r,r,r,r,r,r,r,r,r,r,r,r,r,r,D4,C3,C2
681.0,334.0833,210,3.0,r,r,r,r,r,r,r,r,r,r,r,r,r,r,r,E4,B2,B1
681.5,334.3333,210,3.5,r,r,r,r,r,r,r,r,r,r,r,r,r,r,r,F4,B2,B1
682.0,334.5833,211,1.0,r,r,r,r,G4,r,r,r,r,r,r,r,r,r,r,G4,A2,A1
683.0,335.0833,211,2.0,r,r,r,r,G4,r,r,r,r,r,r,r,r,r,r,G4,B2,B1
684.0,335.5833,211,3.0,r,r,r,r,F4,r,r,r,r,r,r,r,r,r,r,F4,G2,G1
685.0,336.0833,212,1.0,r,r,r,r,E4,r,r,r,r,r,r,r,r,r,r,E4,C3,C2
686.0,336.5833,212,2.0,r,r,r,r,C4,r,r,r,r,r,r,r,r,r,r,C4,E3,E2
687.0,337.0833,212,3.0,r,r,r,r,A4,r,r,r,r,r,r,r,r,r,r,C5,F3,F2
688.0,337.5833,213,1.0,r,r,r,r,A4,r,r,r,r,r,r,r,r,r,r,C5,E3,E2
688.5,337.8333,213,1.5,r,r,r,r,A4,r,r,r,r,r,r,r,r,r,r,C5,F3,F2
689.0,338.0833,213,2.0,r,r,r,r,C4,r,r,r,r,r,r,r,r,r,r,C4,G3,G2
689.5,338.3333,213,2.5,r,r,r,r,C4,r,r,r,r,r,r,r,r,r,r,C4,C3,C2
690.0,338.5833,213,3.0,r,r,r,r,G4,r,r,r,r,r,r,r,r,r,r,B-4,D3,D2
690.5,338.8333,213,3.5,r,r,r,r,G4,r,r,r,r,r,r,r,r,r,r,B-4,E3,E2
691.0,339.0833,214,1.0,r,r,r,r,G4,r,r,r,r,r,r,r,r,r,r,B-4,F3,F2
691.5,339.3333,214,1.5,r,r,r,r,G4,r,r,r,r,r,r,r,r,r,r,B-4,E3,E2
692.0,339.5833,214,2.0,r,r,r,r,C4,r,r,r,r,r,r,r,r,r,r,C4,F3,F2
692.5,339.8333,214,2.5,r,r,r,r,C4,r,r,r,r,r,r,r,r,r,r,C4,G3,G2
693.0,340.0833,214,3.0,r,r,r,r,F4,r,r,r,r,r,r,r,r,r,r,A4,A3,A2
693.5,340.3333,214,3.5,r,r,r,r,F4,r,r,r,r,r,r,r,r,r,r,A4,B-3,B-2
694.0,340.5833,215,1.0,r,r,r,r,F4,r,r,r,r,r,r,r,r,r,r,A4,C4,C3
695.0,341.0833,215,2.0,r,r,r,r,C4,r,r,r,r,r,r,r,r,r,r,C4,C4,C3
696.0,341.5833,215,3.0,r,r,r,r,E4,r,r,r,r,r,r,r,r,r,r,G4,B-3,B-2
697.0,342.0833,216,1.0,r,r,r,r,C4,r,r,r,r,r,r,r,r,r,r,F4,A3,A2
698.0,342.5833,216,2.0,r,r,r,r,F4,r,r,r,r,r,r,r,r,r,r,A4,F3,F2
699.0,343.0833,216,3.0,r,r,C5,r,A4,r,F4,F3,r,r,r,r,r,r,C5,r,r,r
700.0,343.5833,217,1.0,r,r,B4,r,F4,r,D4,G3,r,r,r,r,r,r,B4,r,G3,G2
700.5,343.8333,217,1.5,r,r,B4,r,F4,r,D4,G3,r,r,r,r,r,r,C5,r,G3,G2
701.0,344.0833,217,2.0,r,r,B4,r,F4,r,D4,G3,r,r,r,r,r,r,D5,r,r,r
701.5,344.3333,217,2.5,r,r,B4,r,F4,r,D4,G3,r,r,r,r,r,r,G4,r,r,r
702.0,344.5833,217,3.0,r,r,B4,r,F4,r,D4,G3,r,r,r,r,r,r,A4,r,r,r
702.5,344.8333,217,3.5,r,r,B4,r,F4,r,D4,G3,r,r,r,r,r,r,B4,r,r,r
703.0,345.0833,218,1.0,r,r,C5,r,E4,r,C4,C3,r,r,r,r,r,r,C5,r,C3,C2
703.5,345.3333,218,1.5,r,r,C5,r,E4,r,C4,C3,r,r,r,r,r,r,B4,r,C3,C2
704.0,345.5833,218,2.0,r,r,C5,r,E4,r,C4,C3,r,r,r,r,r,r,C5,r,r,r
704.5,345.8333,218,2.5,r,r,C5,r,E4,r,C4,C3,r,r,r,r,r,r,D5,r,r,r
705.0,346.0833,218,3.0,r,r,C5,r,E4,r,C4,C3,r,r,r,r,r,G5,E5,r,r,r
705.5,346.3333,218,3.5,r,r,C5,r,E4,r,C4,C3,r,r,r,r,r,G5,F5,r,r,r
706.0,346.5833,219,1.0,r,r,E5,B-4,G4,C4,C4,C3,r,r,r,r,r,E5,G5,r,C3,C2
706.5,346.8333,219,1.5,r,r,E5,B-4,G4,C4,C4,C3,r,r,r,r,r,F5,G5,r,C3,C2
707.0,347.0833,219,2.0,r,r,E5,B-4,G4,C4,C4,C3,r,r,r,r,r,G5,r,r,r,r
707.5,347.3333,219,2.5,r,r,E5,B-4,G4,C4,C4,C3,r,r,r,r,r,C5,r,r,r,r
708.0,347.5833,219,3.0,r,r,E5,B-4,G4,C4,C4,C3,r,r,r,r,r,D5,r,r,r,r
708.5,347.8333,219,3.5,r,r,E5,B-4,G4,C4,C4,C3,r,r,r,r,r,E5,r,r,r,r
709.0,348.0833,220,1.0,r,r,F5,A4,F4,C4,F3,F2,r,r,r,r,r,F5,r,r,F2,F1
709.5,348.3333,220,1.5,r,r,F5,A4,F4,C4,F3,F2,r,r,r,r,r,E5,r,r,F2,F1
710.0,348.5833,220,2.0,r,r,F5,A4,F4,C4,F3,F2,r,r,r,r,r,F5,r,r,r,r
710.5,348.8333,220,2.5,r,r,F5,A4,F4,C4,F3,F2,r,r,r,r,r,G5,r,r,r,r
711.0,349.0833,220,3.0,C6,r,A5,F5,A4,F4,F3,F2,r,r,r,r,r,A5,r,r,r,r
711.5,349.3333,220,3.5,C6,r,A5,F5,A4,F4,F3,F2,r,r,r,r,r,F5,r,r,r,r
712.0,349.5833,221,1.0,B5,r,F5,D5,F4,D4,G3,G2,r,r,r,r,r,D5,r,r,G2,G1
712.5,349.8333,221,1.5,C6,r,F5,D5,F4,D4,G3,G2,r,r,r,r,r,D5,r,r,G2,G1
713.0,350.0833,221,2.0,D6,r,F5,D5,F4,D4,G3,G2,r,r,r,r,r,r,r,r,r,r
713.5,350.3333,221,2.5,G5,r,F5,D5,F4,D4,G3,G2,r,r,r,r,r,r,r,r,r,r
714.0,350.5833,221,3.0,A5,r,F5,D5,F4,D4,G3,G2,r,r,r,r,r,r,r,r,r,r
714.5,350.8333,221,3.5,B5,r,F5,D5,F4,D4,G3,G2,r,r,r,r,r,r,r,r,r,r
715.0,351.0833,222,1.0,C6,r,E5,C5,E4,C4,G3,G2,r,r,r,r,r,r,r,r,r,r
715.5,351.3333,222,1.5,B5,r,E5,C5,E4,C4,G3,G2,r,r,r,r,r,r,r,r,r,r
716.0,351.5833,222,2.0,C6,r,E5,C5,E4,C4,G3,G2,r,r,r,r,r,r,r,r,r,r
716.5,351.8333,222,2.5,D6,r,E5,C5,E4,C4,G3,G2,r,r,r,r,r,r,r,r,r,r
717.0,352.0833,222,3.0,E6,r,E5,C5,E4,C4,G3,G2,r,r,r,r,r,r,r,r,r,r
717.5,352.3333,222,3.5,F6,r,E5,C5,E4,C4,G3,G2,r,r,r,r,r,r,r,r,r,r
718.0,352.5833,223,1.0,G6,r,D5,B4,D4,B3,G3,G2,r,r,r,r,r,r,r,r,r,r
720.0,353.5833,223,3.0,F6,r,D5,B4,D4,B3,G3,G2,r,r,r,r,r,r,r,r,r,r
721.0,354.0833,224,1.0,E6,r,E5,C5,E4,C4,G3,G2,r,r,r,r,r,r,r,r,r,r
722.0,354.5833,224,2.0,C6,r,E5,C5,E4,C4,G3,G2,r,r,r,r,r,r,r,r,r,r
723.0,355.0833,224,3.0,E6,r,E5,C5,E4,C4,G3,G2,r,r,r,r,r,r,r,r,r,r
724.0,355.5833,225,1.0,G6,r,D5,B4,D4,B3,G3,G2,r,r,r,r,r,r,r,r,r,r
726.0,356.5833,225,3.0,F6,r,D5,B4,D4,B3,G3,G2,r,r,r,r,r,r,r,r,r,r
727.0,357.0833,226,1.0,E6,r,E5,C5,E4,C4,G3,G2,r,r,r,r,r,r,r,r,r,r
728.0,357.5833,226,2.0,C6,r,E5,C5,E4,C4,G3,G2,r,r,r,r,r,r,r,r,r,r
729.0,358.0833,226,3.0,E6,r,E5,C5,E4,C4,G3,G2,r,r,r,r,r,r,r,r,r,r
730.0,358.5833,227,1.0,G6,r,D5,B4,D4,B3,G3,G2,r,r,r,r,r,r,r,r,r,r
732.0,359.5833,227,3.0,F6,r,r,r,r,r,r,r,r,r,r,r,r,r,r,r,r,r
733.0,360.0833,228,1.0,D6,r,r,r,r,r,r,r,r,r,r,r,r,r,r,r,r,r
734.0,360.5833,228,2.0,B5,r,r,r,r,r,r,r,r,r,r,r,r,r,r,r,r,r
735.0,361.0833,228,3.0,G5,r,G5,r,r,r,r,r,r,r,r,r,r,r,r,r,r,r
736.0,361.5833,229,1.0,F5,r,F5,r,r,r,r,r,r,r,r,r,r,r,r,r,r,r
737.0,362.0833,229,2.0,r,r,D5,r,r,r,r,r,r,r,r,r,r,r,r,r,r,r
738.0,362.5833,229,3.0,r,r,B4,r,B4,r,r,r,r,r,r,r,r,r,r,r,r,r
739.0,363.0833,230,1.0,r,r,G4,r,G4,r,G4,r,r,r,r,r,r,r,r,r,r,r
740.0,363.5833,230,2.0,r,r,r,r,F4,r,F4,r,r,r,r,r,r,r,r,r,r,r
741.0,364.0833,230,3.0,r,r,r,r,D4,r,D4,r,r,r,r,r,r,r,r,r,r,r
742.0,364.5833,231,1.0,r,r,r,r,B3,r,B3,r,r,r,r,r,r,r,r,r,r,r
745.0,366.0833,232,1.0,r,r,r,r,G#3,r,G#3,r,r,r,r,r,r,r,r,r,r,r
748.0,367.5833,233,1.0,r,r,r,r,G3,r,G3,r,r,r,r,r,r,r,r,r,r,r
751.0,369.0833,234,1.0,r,r,r,r,r,r,r,r,r,r,r,r,r,r,r,r,F#3,F#2
754.0,370.5833,235,1.0,r,r,r,r,r,r,r,r,r,r,r,r,r,r,r,r,F3,F2
757.0,372.0833,236,1.0,r,r,r,r,r,r,r,r,r,r,r,r,r,r,r,r,E-3,E-2
760.0,373.5833,237,1.0,r,r,r,r,r,r,r,r,r,r,r,r,r,r,r,r,D3,D2
762.0,374.5833,237,3.0,r,r,r,r,r,r,r,r,r,r,r,r,r,r,r,r,G#3,G#2
763.0,375.0833,238,1.0,r,r,r,r,r,r,r,r,r,r,r,r,r,r,r,r,G3,G2
765.0,376.0833,238,3.0,r,r,r,r,r,r,r,r,r,r,r,r,r,r,r,r,G2,G1
766.0,376.5833,239,1.0,r,r,r,r,r,r,r,r,r,r,r,r,r,r,r,r,C3,C2
769.0,378.0833,240,1.0,r,r,r,r,r,r,r,r,r,r,r,r,r,r,r,r,C3,C2
770.0,378.5833,240,2.0,r,r,r,r,r,r,r,r,r,r,r,r,r,r,r,r,E-3,E-2
771.0,379.0833,240,3.0,r,r,r,r,r,r,r,r,r,r,r,r,r,r,r,r,G3,G2
772.0,379.5833,241,1.0,r,r,r,r,r,r,r,r,r,r,r,r,r,r,r,r,C4,C3
774.0,380.5833,241,3.0,r,r,r,r,r,r,r,r,r,r,r,r,r,r,r,r,E-4,E-3
775.0,381.0833,242,1.0,r,r,r,r,r,r,r,r,r,r,r,r,r,r,r,r,D4,D3
777.0,382.0833,242,3.0,r,r,r,r,r,r,r,r,r,r,r,r,r,r,r,r,F#3,F#2
778.0,382.5833,243,1.0,r,r,r,r,r,r,r,r,r,G3,r,r,r,r,r,r,G3,G2
781.0,384.0833,244,1.0,r,r,r,r,G4,D4,G3,G3,F4,G3,r,r,r,r,r,r,G3,G2
783.0,385.0833,244,3.0,r,r,r,r,B4,D4,B3,G3,F4,G3,r,r,r,r,r,r,G3,G2
784.0,385.5833,245,1.0,r,r,r,r,C5,C4,C4,G3,E-4,G3,r,r,r,r,r,r,C3,C2
786.0,386.5833,245,3.0,r,r,r,r,D5,B4,D4,B3,r,G3,r,r,r,r,r,r,C3,C2
787.0,387.0833,246,1.0,r,r,r,r,F5,D5,F4,D4,G3,G3,r,r,r,r,r,r,C3,C2
789.0,388.0833,246,3.0,r,r,r,r,E-5,C5,E-4,C4,G3,G3,r,r,r,r,r,r,C3,C2
790.0,388.5833,247,1.0,r,r,r,r,D5,B4,D4,r,G3,G3,r,r,r,r,r,r,G2,G1
792.0,389.5833,247,3.0,r,r,r,r,r,r,G2,G2,r,r,r,r,r,r,r,r,G2,r
793.0,390.0833,248,1.0,r,r,r,r,r,r,C3,C3,r,r,r,r,r,r,r,r,C3,r
794.0,390.5833,248,2.0,r,r,r,r,r,r,E-3,E-3,r,r,r,r,r,r,r,r,E-3,r
795.0,391.0833,248,3.0,r,r,r,r,r,r,G3,G3,r,r,r,r,r,r,r,r,G3,r
796.0,391.5833,249,1.0,r,r,r,r,r,r,C4,C4,r,r,r,r,r,r,r,r,C4,r
798.0,392.5833,249,3.0,r,r,r,r,r,r,E-4,E-4,r,r,r,r,r,r,r,r,E-4,r
799.0,393.0833,250,1.0,r,r,r,r,r,r,D4,D4,r,r,r,r,r,r,r,r,D4,r
801.0,394.0833,250,3.0,r,r,r,r,r,r,F#3,F#3,r,r,r,r,r,r,r,r,F#3,r
802.0,394.5833,251,1.0,r,r,r,r,r,r,G3,G3,r,r,r,r,r,r,r,r,G3,r
804.0,395.5833,251,3.0,r,r,r,r,r,r,C#3,C#3,r,r,r,r,r,r,r,r,C#3,r
805.0,396.0833,252,1.0,r,r,r,r,r,r,D3,D3,r,r,r,r,r,r,r,r,D3,r
807.0,397.0833,252,3.0,r,r,r,r,r,r,C#3,C#3,r,r,r,r,r,r,r,r,C#3,r
808.0,397.5833,253,1.0,r,r,r,r,r,r,D3,D3,r,r,r,r,r,r,r,r,D3,r
810.0,398.5833,253,3.0,r,r,r,r,r,r,C3,C3,r,r,r,r,r,r,r,r,C3,r
811.0,399.0833,254,1.0,r,r,r,r,r,r,B2,B2,r,r,r,r,r,G4,F4,D4,B2,r
813.0,400.0833,254,3.0,r,r,r,r,r,r,G2,G2,r,r,r,r,r,B4,D4,G3,G2,r
814.0,400.5833,255,1.0,r,r,r,r,r,r,C3,C3,r,r,r,r,r,C5,E-4,G3,C3,r
816.0,401.5833,255,3.0,r,r,r,r,r,r,B2,B2,r,r,r,r,r,D5,D4,G3,B2,r
817.0,402.0833,256,1.0,r,r,r,r,r,r,C3,C3,r,r,r,r,r,F5,D4,G3,C3,r
819.0,403.0833,256,3.0,r,r,r,r,r,r,F#2,F#2,r,r,r,r,r,E-5,C4,A3,F#2,r
820.0,403.5833,257,1.0,r,r,r,r,r,r,G2,G2,r,r,r,r,r,D5,B3,D3,G2,r
823.0,405.0833,258,1.0,r,r,r,r,G5,G5,r,r,r,r,r,r,r,G4,D4,B3,B3,r
824.0,405.5833,258,2.0,r,r,r,r,G5,G5,r,r,r,r,r,r,r,r,r,r,r,r
825.0,406.0833,258,3.0,r,r,r,r,G5,G5,r,r,r,r,r,r,r,r,r,r,r,r
826.0,406.5833,259,1.0,r,r,r,r,G5,G5,r,r,r,r,r,r,r,G4,E-4,C4,C4,r
829.0,408.0833,260,1.0,r,r,r,r,G5,G5,r,r,r,r,r,r,r,B4,F4,D4,D4,r
830.0,408.5833,260,2.0,r,r,r,r,G5,G5,r,r,r,r,r,r,r,r,r,r,r,r
831.0,409.0833,260,3.0,r,r,r,r,G5,G5,r,r,r,r,r,r,r,r,r,r,r,r
832.0,409.5833,261,1.0,r,r,r,r,G5,G5,r,r,r,r,r,r,r,C5,G4,E-4,E-4,r
835.0,411.0833,262,1.0,r,r,r,r,r,r,D4,D4,r,r,r,r,r,G4,F4,G3,B2,r
836.0,411.5833,262,2.0,r,r,r,r,r,r,r,r,r,r,r,r,r,G4,r,r,r,r
837.0,412.0833,262,3.0,r,r,r,r,r,r,r,r,r,r,r,r,r,G4,r,r,r,r
838.0,412.5833,263,1.0,r,r,r,r,r,r,C4,C4,r,r,r,r,r,G4,E-4,G3,C3,r
840.0,413.5833,263,3.0,r,r,r,r,r,r,r,r,r,r,r,r,r,r,r,r,B-2,r
841.0,414.0833,264,1.0,r,r,r,r,r,r,C4,C4,r,r,r,r,r,B-4,G4,G#3,G#2,r
842.0,414.5833,264,2.0,r,r,r,r,r,r,r,r,r,r,r,r,r,G#4,F4,r,r,r
843.0,415.0833,264,3.0,r,r,r,r,r,r,r,r,r,r,r,r,r,G4,E-4,r,G#2,r
844.0,415.5833,265,1.0,r,r,r,r,r,r,F3,F3,r,r,r,r,r,F4,D4,B-3,B-2,r
847.0,417.0833,266,1.0,r,r,C6,r,r,r,r,r,r,r,r,r,r,C5,G4,E4,C4,r
848.0,417.5833,266,2.0,r,r,C6,r,r,r,r,r,r,r,r,r,r,r,r,r,r,r
849.0,418.0833,266,3.0,r,r,C6,r,r,r,r,r,r,r,r,r,r,r,r,r,r,r
850.0,418.5833,267,1.0,r,r,C6,r,r,r,r,r,r,r,r,r,r,C5,G#4,F4,F4,r
853.0,420.0833,268,1.0,r,r,C6,r,r,r,r,r,r,r,r,r,r,C5,B-4,E4,G4,r
854.0,420.5833,268,2.0,r,r,C6,r,r,r,r,r,r,r,r,r,r,r,r,r,r,r
855.0,421.0833,268,3.0,r,r,C6,r,r,r,r,r,r,r,r,r,r,r,r,r,r,r
856.0,421.5833,269,1.0,r,r,C6,r,r,r,r,r,r,r,r,r,r,C5,G#4,F4,G#4,r
859.0,423.0833,270,1.0,r,r,r,r,r,r,C4,C4,r,r,r,r,r,C5,B-4,C4,E3,r
860.0,423.5833,270,2.0,r,r,r,r,r,r,r,r,r,r,r,r,r,C5,r,r,r,r
861.0,424.0833,270,3.0,r,r,r,r,r,r,r,r,r,r,r,r,r,C5,r,r,r,r
862.0,424.5833,271,1.0,r,r,r,r,r,r,F4,F4,r,r,r,r,r,C5,G#4,C4,G3,r
865.0,426.0833,272,1.0,r,r,r,r,r,r,F4,F4,r,r,r,r,r,E-5,C5,C#4,C#3,r
866.0,426.5833,272,2.0,r,r,r,r,r,r,r,r,r,r,r,r,r,C#5,B-4,r,r,r
867.0,427.0833,272,3.0,r,r,r,r,r,r,r,r,r,r,r,r,r,C5,G#4,r,C#3,r
868.0,427.5833,273,1.0,r,r,r,r,r,r,B-3,B-3,r,r,r,r,r,B-4,G4,B-3,E-3,r
871.0,429.0833,274,1.0,r,r,r,r,r,r,G#3,G#3,r,r,r,r,r,C5,G#4,C4,G#2,r
874.0,430.5833,275,1.0,r,r,r,r,r,r,C#4,C#4,r,r,r,r,r,G#4,F4,G#3,C#3,r
876.0,431.5833,275,3.0,r,r,r,r,r,r,r,r,r,r,r,r,r,r,r,r,C3,r
877.0,432.0833,276,1.0,r,r,r,r,r,r,B-3,B-3,r,r,r,r,r,C5,G#4,B-3,B-2,r
878.0,432.5833,276,2.0,r,r,r,r,r,r,r,r,r,r,r,r,r,B-4,G4,r,r,r
879.0,433.0833,276,3.0,r,r,r,r,r,r,r,r,r,r,r,r,r,G#4,F4,r,B-2,r
880.0,433.5833,277,1.0,r,r,r,r,r,r,C4,C4,r,r,r,r,r,G4,E4,G3,C3,r
882.0,434.5833,277,3.0,r,r,r,r,r,r,C#4,C#4,r,r,r,r,r,r,r,r,r,r
883.0,435.0833,278,1.0,r,r,r,r,r,r,C4,C4,r,r,r,r,r,r,r,r,r,r
885.0,436.0833,278,3.0,r,r,r,r,r,r,C4,C4,r,r,r,r,r,G#4,F4,C3,F2,r
886.0,436.5833,279,1.0,r,r,r,r,r,r,C4,C4,r,r,r,r,r,G4,E4,G3,C3,r
888.0,437.5833,279,3.0,r,r,r,r,r,r,C#4,C#4,r,r,r,r,r,r,r,r,r,r
889.0,438.0833,280,1.0,r,r,r,r,r,r,C4,C4,r,r,r,r,r,r,r,r,r,r
891.0,439.0833,280,3.0,r,r,r,r,r,r,C4,C4,r,r,r,r,r,G#4,F4,C3,F2,r
892.0,439.5833,281,1.0,r,r,r,r,r,r,C4,C4,r,r,r,r,r,G4,E4,G3,C3,r
894.0,440.5833,281,3.0,r,r,r,r,r,r,C4,C4,r,r,r,r,r,G#4,F4,r,F2,r
895.0,441.0833,282,1.0,r,r,r,r,r,r,C4,C4,r,r,r,r,r,G4,E4,G3,C3,r
897.0,442.0833,282,3.0,r,r,r,r,r,r,C4,C4,r,r,r,r,r,G#4,F4,r,F2,r
898.0,442.5833,283,1.0,r,r,r,r,r,r,C4,C4,r,r,r,r,r,G4,E4,G3,C3,r
900.0,443.5833,283,3.0,r,r,r,r,r,r,G2,G2,r,r,r,r,r,r,r,r,G2,r
901.0,444.0833,284,1.0,r,r,r,r,r,r,C3,C3,r,r,r,r,r,r,r,r,C3,r
902.0,444.5833,284,2.0,r,r,r,r,r,r,E-3,E-3,r,r,r,r,r,r,r,r,E-3,r
903.0,445.0833,284,3.0,r,r,r,r,r,r,G3,G3,r,r,r,r,r,r,r,r,G3,r
904.0,445.5833,285,1.0,r,r,r,r,r,r,C4,C4,r,r,r,r,r,r,r,r,C4,r
906.0,446.5833,285,3.0,r,r,r,r,r,r,E-4,E-4,r,r,r,r,r,r,r,r,E-4,r
907.0,447.0833,286,1.0,r,r,r,r,r,r,D4,D4,r,r,r,r,r,r,r,r,D4,r
909.0,448.0833,286,3.0,r,r,r,r,r,r,F#3,F#3,r,r,r,r,r,r,r,r,F#3,r
910.0,448.5833,287,1.0,r,r,r,r,r,r,G3,G3,r,r,r,r,r,r,r,r,G3,r
913.0,450.0833,288,1.0,r,r,r,r,r,r,G4,G4,r,r,r,r,r,G4,G4,D4,G3,r
915.0,451.0833,288,3.0,r,r,r,r,r,r,G4,r,r,r,r,r,r,B4,G4,r,G3,r
916.0,451.5833,289,1.0,r,r,r,r,r,r,G4,E-4,G4,r,r,r,r,C5,G4,E-4,G3,r
918.0,452.5833,289,3.0,r,r,r,r,r,r,F4,D4,G4,r,r,r,r,D5,B4,r,G3,r
919.0,453.0833,290,1.0,r,r,G5,r,r,r,E-4,C4,G4,r,r,r,r,F5,D5,E-4,G3,r
920.0,453.5833,290,2.0,r,r,G5,r,r,r,r,r,r,r,r,r,r,r,r,r,r,r
921.0,454.0833,290,3.0,r,r,G5,r,r,r,G4,E-4,G4,r,r,r,r,E-5,C5,r,G3,r
922.0,454.5833,291,1.0,r,r,G5,r,r,r,G4,G3,G4,r,r,r,r,D5,B4,D4,G3,r
924.0,455.5833,291,3.0,r,r,r,r,r,r,r,r,r,r,r,r,r,r,r,r,G2,r
925.0,456.0833,292,1.0,r,r,r,r,r,r,G4,G3,r,r,r,r,r,G4,G4,F4,G3,r
927.0,457.0833,292,3.0,r,r,r,r,r,r,F4,D4,r,r,r,r,r,B4,F4,r,G3,r
928.0,457.5833,293,1.0,r,r,r,r,r,r,G4,E-4,G4,r,r,r,r,C5,G4,E-4,G3,r
930.0,458.5833,293,3.0,r,r,r,r,r,r,E-4,C4,G4,r,r,r,r,E-5,C5,r,G3,r
931.0,459.0833,294,1.0,r,r,G5,r,r,r,C4,A3,G4,r,r,r,r,G5,E-5,C4,G3,r
932.0,459.5833,294,2.0,r,r,G5,r,r,r,r,r,r,r,r,r,r,r,r,r,r,r
933.0,460.0833,294,3.0,r,r,G5,r,r,r,D4,B3,G4,r,r,r,r,F5,D5,D4,G3,r
934.0,460.5833,295,1.0,r,r,G5,r,r,r,E-4,C4,G4,r,r,r,r,E-5,C5,E-4,G3,r
936.0,461.5833,295,3.0,r,r,r,r,r,r,r,r,r,r,r,r,r,r,r,r,G2,r
937.0,462.0833,296,1.0,r,r,r,r,r,r,r,r,r,r,r,r,r,C5,C5,E-4,G3,r
938.0,462.5833,296,2.0,r,r,r,r,r,r,G#4,r,r,r,r,r,r,r,r,r,r,r
939.0,463.0833,296,3.0,r,r,r,r,r,r,G4,r,r,r,r,r,r,E-5,C5,r,G3,r
940.0,463.5833,297,1.0,r,r,r,r,r,r,r,r,r,r,r,r,r,F5,D5,F4,G3,r
941.0,464.0833,297,2.0,r,r,r,r,r,r,G#4,F4,r,r,r,r,r,r,r,r,r,r
942.0,464.5833,297,3.0,r,r,r,r,r,r,G4,E-4,r,r,r,r,r,G5,E-5,r,G3,r
943.0,465.0833,298,1.0,r,r,r,r,r,r,r,r,G4,r,r,r,r,G#5,F5,G#4,G3,r
944.0,465.5833,298,2.0,r,r,r,r,r,r,F4,D4,G4,r,r,r,r,r,r,r,r,r
945.0,466.0833,298,3.0,r,r,r,r,r,r,G4,E-4,G4,r,r,r,r,G5,E-5,r,r,r
946.0,466.5833,299,1.0,r,r,r,r,r,r,r,r,G4,r,r,r,r,G5,E-5,F4,G3,r
947.0,467.0833,299,2.0,r,r,r,r,r,r,G4,E-4,r,r,r,r,r,r,r,r,r,r
948.0,467.5833,299,3.0,r,r,r,r,r,r,G#4,F4,r,r,r,r,r,F5,D5,r,G3,r
949.0,468.0833,300,1.0,r,r,r,r,r,r,r,r,G4,r,r,r,r,G#5,F5,G#4,G3,r
950.0,468.5833,300,2.0,r,r,r,r,r,r,F4,D4,G4,r,r,r,r,r,r,r,r,r
951.0,469.0833,300,3.0,r,r,r,r,r,r,G4,E-4,G4,r,r,r,r,G5,E-5,r,r,r
952.0,469.5833,301,1.0,r,r,r,r,r,r,G4,E-4,G4,r,r,r,r,G5,E-5,F4,G3,r
953.0,470.0833,301,2.0,r,r,r,r,r,r,F4,D4,r,r,r,r,r,F5,D5,r,r,r
954.0,470.5833,301,3.0,r,r,r,r,r,r,G#3,r,r,r,r,r,r,F5,D5,r,G#3,r
955.0,471.0833,302,1.0,r,r,r,r,r,r,G3,r,r,r,r,r,r,F5,D5,F4,G3,r
956.0,471.5833,302,2.0,r,r,r,r,r,r,r,r,r,r,r,r,r,F5,D4,r,r,r
957.0,472.0833,302,3.0,r,r,r,r,r,r,B3,r,r,r,r,r,r,G5,G4,r,B3,r
958.0,472.5833,303,1.0,r,r,r,r,r,r,C4,r,r,r,r,r,r,E-5,r,E-4,C4,r
959.0,473.0833,303,2.0,r,r,r,r,r,r,r,r,r,r,r,r,r,D5,C4,r,r,r
960.0,473.5833,303,3.0,r,r,r,r,r,r,G#3,r,r,r,r,r,r,C5,F4,r,G#3,r
961.0,474.0833,304,1.0,r,r,r,r,r,r,G3,r,r,r,r,r,r,B4,r,F4,G3,r
962.0,474.5833,304,2.0,r,r,r,r,r,r,r,r,r,r,r,r,r,C5,D4,r,r,r
963.0,475.0833,304,3.0,r,r,r,r,r,r,B2,r,r,r,r,r,r,D5,G4,r,B2,r
964.0,475.5833,305,1.0,r,r,r,r,r,r,C3,r,r,r,r,r,r,C5,r,E-4,C3,r
965.0,476.0833,305,2.0,r,r,r,r,r,r,r,r,r,r,r,r,r,E-5,C4,r,r,r
966.0,476.5833,305,3.0,r,r,r,r,r,r,G#3,r,r,r,r,r,r,F5,F4,r,G#3,r
967.0,477.0833,306,1.0,r,r,r,r,r,r,G3,r,r,r,r,r,r,F5,r,F4,G3,r
968.0,477.5833,306,2.0,r,r,r,r,r,r,r,r,r,r,r,r,r,F5,D4,r,r,r
969.0,478.0833,306,3.0,r,r,r,r,r,r,B3,r,r,r,r,r,r,G5,G4,r,B3,r
970.0,478.5833,307,1.0,r,r,r,r,r,r,C4,r,r,r,r,r,r,E-5,r,E-4,C4,r
971.0,479.0833,307,2.0,r,r,r,r,r,r,r,r,r,r,r,r,r,D5,C4,r,r,r
972.0,479.5833,307,3.0,r,r,r,r,r,r,G#3,r,r,r,r,r,r,C5,F4,r,G#3,r
973.0,480.0833,308,1.0,r,r,r,r,r,r,G3,r,r,r,r,r,r,B4,r,F4,G3,r
974.0,480.5833,308,2.0,r,r,r,r,r,r,r,r,r,r,r,r,r,C5,D4,r,r,r
975.0,481.0833,308,3.0,r,r,r,r,r,r,B2,r,r,r,r,r,r,D5,G4,r,B2,r
976.0,481.5833,309,1.0,r,r,r,r,r,r,C3,r,r,r,r,r,r,C5,r,E-4,C3,r
977.0,482.0833,309,2.0,r,r,r,r,r,r,r,r,r,r,r,r,r,E-5,C4,r,r,r
978.0,482.5833,309,3.0,r,r,r,r,r,r,G#3,r,r,r,r,r,r,F5,F4,r,G#3,r
979.0,483.0833,310,1.0,r,r,r,r,r,r,G3,r,r,r,r,r,r,F5,r,F4,G3,r
980.0,483.5833,310,2.0,r,r,r,r,r,r,r,r,r,r,r,r,r,F5,D4,r,r,r
981.0,484.0833,310,3.0,r,r,r,r,r,r,B3,r,r,r,r,r,r,G5,G4,r,B3,r
982.0,484.5833,311,1.0,r,r,r,r,r,r,C4,r,r,r,r,r,r,E-5,r,E-4,C4,r
983.0,485.0833,311,2.0,r,r,r,r,r,r,r,r,r,r,r,r,r,D5,C4,r,r,r
984.0,485.5833,311,3.0,r,r,r,r,r,r,B-3,r,r,r,r,r,r,C5,E-4,r,B-3,r
985.0,486.0833,312,1.0,r,r,r,r,r,r,G#3,r,r,r,r,r,r,F5,r,F4,G#3,r
986.0,486.5833,312,2.0,r,r,r,r,r,r,r,r,r,r,r,r,r,G5,C4,r,r,r
987.0,487.0833,312,3.0,r,r,r,r,r,r,F3,r,r,r,r,r,r,G#5,G#4,r,F3,r
988.0,487.5833,313,1.0,r,r,r,r,r,r,G3,r,r,r,r,r,r,B4,r,B3,G3,r
989.0,488.0833,313,2.0,r,r,r,r,r,r,r,r,r,r,r,r,r,A4,B3,r,r,r
990.0,488.5833,313,3.0,r,r,r,r,r,r,F3,r,r,r,r,r,r,G4,D4,r,F3,r
991.0,489.0833,314,1.0,r,r,r,r,r,r,E-3,r,r,r,r,r,r,G4,r,C4,E-3,r
992.0,489.5833,314,2.0,r,r,r,r,r,r,r,r,r,r,r,r,r,A4,G3,r,r,r
993.0,490.0833,314,3.0,r,r,r,r,r,r,D3,r,r,r,r,r,r,B4,F4,r,D3,r
994.0,490.5833,315,1.0,r,r,r,r,r,r,C3,r,r,r,r,r,r,C5,r,G3,C3,r
995.0,491.0833,315,2.0,r,r,r,r,r,r,r,r,r,r,r,r,r,D5,C4,r,r,r
996.0,491.5833,315,3.0,r,r,r,r,r,r,B-2,r,r,r,r,r,r,E-5,C5,r,B-2,r
997.0,492.0833,316,1.0,r,r,r,r,r,r,G#2,r,r,r,r,r,r,F5,r,G#3,G#2,r
998.0,492.5833,316,2.0,r,r,r,r,r,r,r,r,r,r,r,r,r,G5,C4,r,r,r
999.0,493.0833,316,3.0,r,r,r,r,r,r,G2,r,r,r,r,r,r,G#5,C5,r,G2,r
1000.0,493.5833,317,1.0,r,r,r,r,r,r,F2,r,r,r,r,r,r,G#5,r,G#3,F2,r
1001.0,494.0833,317,2.0,r,r,r,r,r,r,r,r,r,r,r,r,r,B-5,C4,r,r,r
1002.0,494.5833,317,3.0,r,r,r,r,r,r,F#2,r,r,r,r,r,r,C6,E-5,F#3,F#2,r
1003.0,495.0833,318,1.0,r,r,r,r,r,r,G2,r,r,r,r,r,r,C6,E-5,G3,G2,r
1004.0,495.5833,318,2.0,r,r,r,r,r,r,G2,r,r,r,r,r,r,C6,E-5,G4,G2,r
1005.0,496.0833,318,3.0,r,r,r,r,r,r,G2,r,r,r,r,r,r,B5,D5,F4,G2,r
1006.0,496.5833,319,1.0,r,r,r,r,r,r,C2,r,r,r,r,r,r,C6,C5,E-4,C2,r
1009.0,498.0833,320,1.0,r,r,r,r,r,r,r,r,r,r,r,r,r,G5,D5,G3,B2,r
1010.0,498.5833,320,2.0,r,r,r,r,r,r,r,r,r,r,r,r,r,G5,D5,r,B2,r
1011.0,499.0833,320,3.0,r,r,r,r,r,r,r,r,r,r,r,r,r,G5,D5,r,B2,r
1012.0,499.5833,321,1.0,r,r,r,r,r,r,G4,r,r,r,r,r,r,G5,E-5,G3,C3,r
1013.0,500.0833,321,2.0,r,r,r,r,r,r,G4,r,r,r,r,r,r,r,r,r,r,r
1014.0,500.5833,321,3.0,r,r,r,r,r,r,G4,r,r,r,r,r,r,r,r,r,r,r
1015.0,501.0833,322,1.0,r,r,r,r,r,r,r,r,r,r,r,r,r,G5,B4,B3,D3,r
1016.0,501.5833,322,2.0,r,r,r,r,r,r,r,r,r,r,r,r,r,G5,B4,r,D3,r
1017.0,502.0833,322,3.0,r,r,r,r,r,r,r,r,r,r,r,r,r,G5,B4,r,D3,r
1018.0,502.5833,323,1.0,r,r,r,r,r,r,G4,r,r,r,r,r,r,G5,C5,C4,E-3,r
1019.0,503.0833,323,2.0,r,r,r,r,r,r,G4,r,r,r,r,r,r,r,r,r,r,r
1020.0,503.5833,323,3.0,r,r,r,r,r,r,G4,r,r,r,r,r,r,r,r,r,r,r
1021.0,504.0833,324,1.0,r,r,r,r,r,r,C4,r,r,r,r,r,r,C5,B-4,C4,E2,r
1022.0,504.5833,324,2.0,r,r,r,r,r,r,C4,r,r,r,r,r,r,C5,B-4,r,E2,r
1023.0,505.0833,324,3.0,r,r,r,r,r,r,C4,r,r,r,r,r,r,C5,B-4,r,E2,r
1024.0,505.5833,325,1.0,r,r,r,r,r,r,C4,r,r,r,r,r,r,C5,G#4,C4,F2,r
1027.0,507.0833,326,1.0,r,r,r,r,r,r,G3,r,r,r,r,r,r,G4,D4,B3,G2,G1
1030.0,508.5833,327,1.0,r,r,r,r,r,r,C3,r,r,r,r,r,C3,C4,r,C3,G#2,G#1
1033.0,510.0833,328,1.0,r,r,r,r,r,r,r,r,r,r,r,r,C3,C4,r,C3,G#2,G#1
1034.0,510.5833,328,2.0,r,r,r,r,r,r,r,r,r,r,r,r,C3,C4,r,C3,G#2,G#1
1035.0,511.0833,328,3.0,r,r,r,r,r,r,r,r,r,r,r,r,C3,C4,r,C3,G#2,G#1
1036.0,511.5833,329,1.0,r,r,r,r,r,r,r,r,r,r,r,r,C3,C4,r,C3,G#2,G#1
1039.0,513.0833,330,1.0,r,r,r,r,r,r,r,r,r,r,r,r,C3,C4,r,C3,G#2,G#1
1040.0,513.5833,330,2.0,r,r,r,r,r,r,r,r,r,r,r,r,C3,C4,r,C3,G#2,G#1
1041.0,514.0833,330,3.0,r,r,r,r,r,r,r,r,r,r,r,r,C3,C4,r,C3,G#2,G#1
1042.0,514.5833,331,1.0,r,r,r,r,r,r,r,r,r,r,r,r,C3,C4,r,C3,G#2,G#1
1045.0,516.0833,332,1.0,r,r,r,r,r,r,r,r,r,r,r,r,C3,C4,r,C3,G#2,G#1
1048.0,517.5833,333,1.0,r,r,r,r,r,r,r,r,r,r,r,r,C3,C4,r,C3,G#2,G#1
1051.0,519.0833,334,1.0,r,r,r,r,r,r,r,r,r,r,r,r,C3,C4,r,C3,G#2,G#1
1054.0,520.5833,335,1.0,r,r,r,r,r,r,r,r,r,r,r,r,C3,C4,r,C3,G#2,G#1
1056.0,521.5833,335,3.0,r,r,r,r,r,r,r,r,r,r,r,r,C3,C4,r,C3,G#2,G#1
1057.0,522.0833,336,1.0,r,r,r,r,r,r,r,r,r,r,r,r,C3,C4,r,C3,G#2,G#1
1059.0,523.0833,336,3.0,r,r,r,r,r,r,r,r,r,r,r,r,C3,C4,r,C3,G#2,G#1
1060.0,523.5833,337,1.0,r,r,r,r,r,r,r,r,r,r,r,r,C3,C4,r,C3,G#2,G#1
1062.0,524.5833,337,3.0,r,r,r,r,r,r,r,r,r,r,r,r,C3,C4,r,C3,G#2,G#1
1063.0,525.0833,338,1.0,r,r,r,r,r,r,r,r,r,r,r,r,C3,C4,r,C3,G#2,G#1
1065.0,526.0833,338,3.0,r,r,r,r,r,r,r,r,r,r,r,r,C3,C4,r,C3,G#2,G#1
1066.0,526.5833,339,1.0,r,r,r,r,r,r,r,r,r,r,r,r,C3,C4,C4,C3,G#2,G#1
1067.0,527.0833,339,2.0,r,r,r,r,r,r,r,r,r,r,r,r,C3,C4,C4,C3,G#2,G#1
1068.0,527.5833,339,3.0,r,r,r,r,r,r,r,r,r,r,r,r,C3,C4,C4,C3,G#2,G#1
1069.0,528.0833,340,1.0,r,r,r,r,r,r,r,r,r,r,r,r,C3,C4,C4,C3,G#2,G#1
1070.0,528.5833,340,2.0,r,r,r,r,r,r,r,r,r,r,r,r,C3,C4,C4,C3,G#2,G#1
1071.0,529.0833,340,3.0,r,r,r,r,r,r,r,r,r,r,r,r,C3,C4,C4,C3,G#2,G#1
1072.0,529.5833,341,1.0,r,r,r,r,r,r,r,r,r,r,r,r,C3,C4,C4,C3,G#2,G#1
1073.0,530.0833,341,2.0,r,r,r,r,r,r,r,r,r,r,r,r,C3,C4,C4,C3,G#2,G#1
1074.0,530.5833,341,3.0,r,r,r,r,r,r,r,r,r,r,r,r,C3,C4,C4,C3,G#2,G#1
1075.0,531.0833,342,1.0,r,r,r,r,r,r,r,r,r,r,r,r,C3,C4,C4,C3,G#2,G#1
1076.0,531.5833,342,2.0,r,r,r,r,r,r,r,r,r,r,r,r,C3,E-4,C4,C3,G#2,G#1
1077.0,532.0833,342,3.0,r,r,r,r,r,r,r,r,r,r,r,r,C3,G#4,C4,C3,G#2,G#1
1078.0,532.5833,343,1.0,r,r,r,r,r,r,r,r,r,r,r,r,C3,C5,C4,C3,G#2,G#1
1079.0,533.0833,343,2.0,r,r,r,r,r,r,r,r,r,r,r,r,C3,C5,C4,C3,G#2,G#1
1080.0,533.5833,343,3.0,r,r,r,r,r,r,r,r,r,r,r,r,C3,E-5,C4,C3,G#2,G#1
1081.0,534.0833,344,1.0,r,r,r,r,r,r,r,r,r,r,r,r,C3,D5,C4,C3,G#2,G#1
1082.0,534.5833,344,2.0,r,r,r,r,r,r,r,r,r,r,r,r,C3,D5,C4,C3,r,r
1083.0,535.0833,344,3.0,r,r,r,r,r,r,r,r,r,r,r,r,C3,F#4,C4,C3,r,r
1084.0,535.5833,345,1.0,r,r,r,r,r,r,r,r,r,r,r,r,C3,r,C4,C3,r,r
1085.0,536.0833,345,2.0,r,r,r,r,r,r,r,r,r,r,r,r,C3,r,C4,C3,G2,G1
1086.0,536.5833,345,3.0,r,r,r,r,r,r,r,r,r,r,r,r,C3,E-5,C4,C3,G2,G1
1087.0,537.0833,346,1.0,r,r,r,r,r,r,r,r,r,r,r,r,C3,D5,C4,C3,G2,G1
1088.0,537.5833,346,2.0,r,r,r,r,r,r,r,r,r,r,r,r,C3,D5,C4,C3,r,r
1089.0,538.0833,346,3.0,r,r,r,r,r,r,r,r,r,r,r,r,C3,G4,C4,C3,r,r
1090.0,538.5833,347,1.0,r,r,r,r,r,r,r,r,r,r,r,r,C3,r,C4,C3,r,r
1091.0,539.0833,347,2.0,r,r,r,r,r,r,r,r,r,r,r,r,C3,r,C4,C3,F#2,F#1
1092.0,539.5833,347,3.0,r,r,r,r,r,r,r,r,r,r,r,r,C3,E-5,C4,C3,F#2,F#1
1093.0,540.0833,348,1.0,r,r,r,r,r,r,r,r,r,r,r,r,C3,D5,C4,C3,F#2,F#1
1094.0,540.5833,348,2.0,r,r,r,r,r,r,r,r,r,r,r,r,C3,D5,C4,C3,r,r
1095.0,541.0833,348,3.0,r,r,r,r,r,r,r,r,r,r,r,r,C3,A4,C4,C3,r,r
1096.0,541.5833,349,1.0,r,r,r,r,r,r,r,r,r,r,r,r,C3,r,C4,C3,r,r
1097.0,542.0833,349,2.0,r,r,r,r,r,r,r,r,r,r,r,r,C3,r,C4,C3,G2,G1
1098.0,542.5833,349,3.0,r,r,r,r,r,r,r,r,r,r,r,r,C3,E-5,C4,C3,G2,G1
1099.0,543.0833,350,1.0,r,r,r,r,r,r,r,r,r,r,r,r,C3,D5,C4,C3,G2,G1
1100.0,543.5833,350,2.0,r,r,r,r,r,r,r,r,r,r,r,r,C3,D5,C4,C3,r,r
1101.0,544.0833,350,3.0,r,r,r,r,r,r,r,r,r,r,r,r,C3,G4,C4,C3,r,r
1102.0,544.5833,351,1.0,r,r,r,r,r,r,r,r,r,r,r,r,C3,r,C4,C3,r,r
1103.0,545.0833,351,2.0,r,r,r,r,r,r,r,r,r,r,r,r,C3,r,C4,C3,G#2,G#1
1104.0,545.5833,351,3.0,r,r,r,r,r,r,r,r,r,r,r,r,C3,E-5,C4,C3,G#2,G#1
1105.0,546.0833,352,1.0,r,r,r,r,r,r,r,r,r,r,r,r,C3,D5,C4,C3,G#2,G#1
1106.0,546.5833,352,2.0,r,r,r,r,r,r,r,r,r,r,r,r,C3,D5,C4,C3,r,r
1107.0,547.0833,352,3.0,r,r,r,r,r,r,r,r,r,r,r,r,C3,F#4,C4,C3,r,r
1108.0,547.5833,353,1.0,r,r,r,r,r,r,r,r,r,r,r,r,C3,r,C4,C3,r,r
1109.0,548.0833,353,2.0,r,r,r,r,r,r,r,r,r,r,r,r,C3,r,C4,C3,G2,G1
1110.0,548.5833,353,3.0,r,r,r,r,r,r,r,r,r,r,r,r,C3,E-5,C4,C3,G2,G1
1111.0,549.0833,354,1.0,r,r,r,r,r,r,r,r,r,r,r,r,C3,D5,C4,C3,G2,G1
1112.0,549.5833,354,2.0,r,r,r,r,r,r,r,r,r,r,r,r,C3,D5,C4,C3,G2,G1
1113.0,550.0833,354,3.0,r,r,r,r,r,r,r,r,r,r,r,r,C3,G4,C4,C3,G2,G1
1114.0,550.5833,355,1.0,r,r,r,r,r,r,r,r,r,r,r,r,C3,E-5,C4,C3,G2,G1
1115.0,551.0833,355,2.0,r,r,r,r,r,r,r,r,r,r,r,r,C3,E-5,C4,C3,G2,G1
1116.0,551.5833,355,3.0,r,r,r,r,r,r,r,r,r,r,r,r,C3,D5,C4,C3,G2,G1
1117.0,552.0833,356,1.0,r,r,r,r,r,r,r,r,r,r,r,r,C3,G4,C4,C3,G2,G1
1118.0,552.5833,356,2.0,r,r,r,r,r,r,r,r,r,r,r,r,C3,G4,C4,C3,G2,G1
1119.0,553.0833,356,3.0,r,r,r,r,r,r,r,r,r,r,r,r,C3,E-5,C4,C3,G2,G1
1120.0,553.5833,357,1.0,r,r,r,r,r,r,r,r,r,r,r,r,C3,D5,C4,C3,G2,G1
1121.0,554.0833,357,2.0,r,r,r,r,r,r,r,r,r,r,r,r,C3,D5,C4,C3,G2,G1
1122.0,554.5833,357,3.0,r,r,r,r,r,r,r,r,r,r,r,r,C3,G4,C4,C3,G2,G1
1123.0,555.0833,358,1.0,r,r,r,r,r,r,r,r,r,r,r,r,C3,E5,C4,C3,G2,G1
1124.0,555.5833,358,2.0,r,r,r,r,r,r,r,r,r,r,r,r,C3,E5,C4,C3,G2,G1
1125.0,556.0833,358,3.0,r,r,r,r,r,r,r,r,r,r,r,r,C3,D5,C4,C3,G2,G1
1126.0,556.5833,359,1.0,r,r,r,r,r,r,r,r,r,r,r,r,C3,G4,C4,C3,G2,G1
1127.0,557.0833,359,2.0,r,r,r,r,r,r,r,r,r,r,r,r,C3,G4,C4,C3,G2,G1
1128.0,557.5833,359,3.0,r,r,r,r,r,r,r,r,r,r,r,r,C3,F5,C4,C3,G2,G1
1129.0,558.0833,360,1.0,r,r,r,r,r,r,r,r,r,r,r,r,C3,E5,C4,C3,G2,G1
1130.0,558.5833,360,2.0,r,r,r,r,r,r,r,r,r,r,r,r,C3,E5,C4,C3,G2,G1
1131.0,559.0833,360,3.0,r,r,r,r,r,r,r,r,r,r,r,r,C3,A4,C4,C3,G2,G1
1132.0,559.5833,361,1.0,r,r,r,r,r,r,r,r,r,r,r,r,C3,G5,C4,C3,G2,G1
1133.0,560.0833,361,2.0,r,r,r,r,r,r,r,r,r,r,r,r,C3,G5,C4,C3,G2,G1
1134.0,560.5833,361,3.0,r,r,r,r,r,r,r,r,r,r,r,r,C3,F5,C4,C3,G2,G1
1135.0,561.0833,362,1.0,r,r,r,r,r,r,r,r,r,r,r,r,C3,A4,C4,C3,G2,G1
1136.0,561.5833,362,2.0,r,r,r,r,r,r,r,r,r,r,r,r,C3,A4,C4,C3,G2,G1
1137.0,562.0833,362,3.0,r,r,r,r,r,r,r,r,r,r,r,r,C3,A5,C4,C3,G2,G1
1138.0,562.5833,363,1.0,r,r,r,r,r,r,r,r,r,r,r,r,C3,G5,C4,C3,G2,G1
1139.0,563.0833,363,2.0,r,r,r,r,r,r,r,r,r,r,r,r,C3,G5,C4,C3,G2,G1
1140.0,563.5833,363,3.0,r,r,r,r,r,r,r,r,r,r,r,r,C3,B4,C4,C3,G2,G1
1141.0,564.0833,364,1.0,r,r,r,r,r,r,r,r,r,r,r,r,C3,B5,C4,C3,G2,G1
1142.0,564.5833,364,2.0,r,r,r,r,r,r,r,r,r,r,r,r,C3,B5,C4,C3,G2,G1
1143.0,565.0833,364,3.0,r,r,r,r,r,r,r,r,r,r,r,r,C3,A5,C4,C3,G2,G1
1144.0,565.5833,365,1.0,r,r,r,r,r,r,r,r,r,r,r,r,C3,C5,C4,C3,G2,G1
1145.0,566.0833,365,2.0,r,r,r,r,r,r,r,r,r,r,r,r,C3,C5,C4,C3,G2,G1
1146.0,566.5833,365,3.0,r,r,r,r,r,r,r,r,r,r,r,r,C3,C6,C4,C3,G2,G1
1147.0,567.0833,366,1.0,r,r,r,r,r,r,r,r,r,r,r,r,C3,B5,C4,C3,G2,G1
1148.0,567.5833,366,2.0,r,r,r,r,r,r,r,r,r,r,r,r,C3,B5,C4,C3,G2,G1
1149.0,568.0833,366,3.0,r,r,r,r,r,r,r,r,r,r,r,r,C3,D5,C4,C3,G2,G1
1150.0,568.5833,367,1.0,r,r,r,r,r,r,r,r,r,r,r,r,C3,D6,C4,C3,G2,G1
1151.0,569.0833,367,2.0,r,r,r,r,r,r,r,r,r,r,r,r,C3,D6,C4,C3,G2,G1
1152.0,569.5833,367,3.0,r,r,r,r,r,r,r,r,r,r,r,r,C3,C6,C4,C3,G2,G1
1153.0,570.0833,368,1.0,r,r,r,r,r,r,r,r,r,r,r,r,C3,E5,C4,C3,G2,G1
1154.0,570.5833,368,2.0,r,r,r,r,r,r,r,r,r,r,r,r,C3,E5,C4,C3,G2,G1
1155.0,571.0833,368,3.0,r,r,r,r,r,r,r,r,r,r,r,r,C3,E6,C4,C3,G2,G1
1156.0,571.5833,369,1.0,r,r,r,r,r,r,C4,C3,r,r,r,r,C3,D6,C4,C3,G2,G1
1158.0,572.5833,369,3.0,r,r,r,r,r,r,C4,C3,r,r,r,r,C3,F5,C4,C3,G2,G1
1159.0,573.0833,370,1.0,r,r,F5,A4,r,r,C4,C3,r,r,r,r,C3,F6,A5,C4,G2,G1
1162.0,574.5833,371,1.0,r,r,F5,A4,r,r,C4,C3,r,r,r,r,C3,F6,A5,C4,G2,G1
1165.0,576.0833,372,1.0,r,r,F5,A4,r,r,C4,C3,r,r,r,r,C3,F6,A5,C4,G2,G1
1168.0,577.5833,373,1.0,D6,B5,F5,B4,r,r,C4,C3,D4,G3,D5,G4,C3,F6,B5,D4,G2,G1
1171.0,579.0833,374,1.0,D6,B5,F5,B4,r,r,C4,C3,D4,G3,D5,G4,C3,F6,B5,D4,G2,G1
1174.0,580.5833,375,1.0,D6,B5,F5,B4,r,r,C4,C3,D4,G3,D5,G4,C3,F6,B5,D4,G2,G1
1177.0,582.0833,376,1.0,D6,B5,F5,B4,r,r,C4,C3,D4,G3,D5,G4,C3,F6,B5,D4,G2,G1
