qstamp,tstamp,measure,beat,Flute 1,Flute 2,Oboe 1,Oboe 2,C Clarinet 1,C Clarinet 2,Bassoon 1,Bassoon 2,F Horn 1,F Horn 2,C Trumpet 1,C Trumpet 2,Timpani,Violin 1,Violin 2,Viola,Violoncello,Contrabass
0.0,0.0,1,1.6667,r,r,r,r,r,r,r,r,r,r,r,r,r,r,C4,r,r,r
0.5,0.5,2,1.0,r,r,r,r,r,r,r,r,r,r,r,r,r,r,F4,r,r,r
1.0,1.0,2,1.3333,r,r,r,r,r,r,r,r,r,r,r,r,r,r,F4,r,r,r
1.5,1.5,2,1.6667,r,r,r,r,r,r,r,r,r,r,r,r,r,r,F4,r,r,r
2.0,2.0,3,1.0,r,r,r,r,r,r,r,r,r,r,r,r,r,r,A4,r,r,r
2.5,2.5,3,1.3333,r,r,r,r,r,r,r,r,r,r,r,r,r,r,A4,r,r,r
3.0,3.0,3,1.6667,r,r,r,r,r,r,r,r,r,r,r,r,r,r,A4,r,r,r
3.5,3.5,4,1.0,r,r,r,r,r,r,r,r,r,r,r,r,r,r,B-4,r,r,r
4.0,4.0,4,1.3333,r,r,r,r,r,r,r,r,r,r,r,r,r,r,B-4,r,r,r
4.375,4.375,4,1.5833,r,r,r,r,r,r,r,r,r,r,r,r,r,r,A4,r,r,r
4.5,4.5,4,1.6667,r,r,r,r,r,r,r,r,r,r,r,r,r,r,G4,r,r,r
4.875,4.875,4,1.9167,r,r,r,r,r,r,r,r,r,r,r,r,r,r,F4,r,r,r
5.0,5.0,5,1.0,r,r,r,r,r,r,r,r,r,r,r,r,r,r,E4,r,r,r
5.5,5.5,5,1.3333,r,r,r,r,r,r,r,r,r,r,r,r,r,r,E4,r,r,r
6.0,6.0,5,1.6667,r,r,r,r,r,r,r,r,r,r,r,r,r,r,E4,r,r,r
6.5,6.5,6,1.0,r,r,r,r,r,r,r,r,r,r,r,r,r,r,F4,r,r,r
7.0,7.0,6,1.3333,r,r,r,r,r,r,r,r,r,r,r,r,r,r,G4,r,r,r
7.5,7.5,6,1.6667,r,r,r,r,r,r,r,r,r,r,r,r,r,r,A4,r,r,r
8.0,8.0,7,1.0,r,r,r,r,r,r,r,r,r,r,r,r,r,r,B-4,r,r,r
8.75,8.75,7,1.5,r,r,r,r,r,r,r,r,r,r,r,r,r,r,C5,r,r,r
9.0,9.0,7,1.6667,r,r,r,r,r,r,r,r,r,r,r,r,r,r,A4,F3,F3,r
9.5,9.5,8,1.0,r,r,r,r,r,r,r,r,r,r,r,r,r,r,G4,C4,C4,r
10.0,10.0,8,1.3333,r,r,r,r,r,r,r,r,r,r,r,r,r,r,r,C4,C4,r
10.5,10.5,8,1.6667,r,r,r,r,r,r,r,r,r,r,r,r,r,r,G4,C4,C4,r
11.0,11.0,9,1.0,r,r,r,r,r,r,r,r,r,r,r,r,r,r,G4,E4,E4,r
11.5,11.5,9,1.3333,r,r,r,r,r,r,r,r,r,r,r,r,r,r,C5,E4,E4,r
12.0,12.0,9,1.6667,r,r,r,r,r,r,r,r,r,r,r,r,r,r,C5,E4,E4,r
12.5,12.5,10,1.0,r,r,r,r,r,r,r,r,r,r,r,r,r,r,C5,F4,F4,r
13.0,13.0,10,1.3333,r,r,r,r,r,r,r,r,r,r,r,r,r,r,B4,F4,F4,r
13.375,13.375,10,1.5833,r,r,r,r,r,r,r,r,r,r,r,r,r,r,C5,E4,E4,r
13.5,13.5,10,1.6667,r,r,r,r,r,r,r,r,r,r,r,r,r,r,D5,D4,D4,r
13.875,13.875,10,1.9167,r,r,r,r,r,r,r,r,r,r,r,r,r,r,E5,C4,C4,r
14.0,14.0,11,1.0,r,r,r,r,r,r,r,r,r,r,r,r,r,r,F5,B3,B3,r
14.5,14.5,11,1.3333,r,r,r,r,r,r,r,r,r,r,r,r,r,r,r,B3,B3,r
15.0,15.0,11,1.6667,r,r,r,r,r,r,G2,G2,r,r,r,r,r,r,F4,B3,B3,G1
15.5,15.5,12,1.0,r,r,r,r,r,r,C3,C3,C4,C3,r,r,r,r,E4,C4,C4,C2
16.0,16.0,12,1.3333,r,r,r,r,r,r,C3,C3,C4,C3,r,r,r,r,E4,C4,C4,C2
16.375,16.375,12,1.5833,r,r,r,r,r,r,C3,C3,C4,C3,r,r,r,r,E4,B3,B3,C2
16.5,16.5,12,1.6667,r,r,r,r,r,r,C3,C3,C4,C3,r,r,r,r,E4,C4,C4,C2
16.875,16.875,12,1.9167,r,r,r,r,r,r,C3,C3,C4,C3,r,r,r,r,E4,D4,D4,C2
17.0,17.0,13,1.0,r,r,r,r,r,r,E3,E3,C4,C3,r,r,r,r,C5,B-3,B-3,E2
17.5,17.5,13,1.3333,r,r,r,r,r,r,E3,E3,C4,C3,r,r,r,r,C5,B-3,B-3,E2
17.875,17.875,13,1.5833,r,r,r,r,r,r,E3,E3,C4,C3,r,r,r,r,C5,A3,A3,E2
18.0,18.0,13,1.6667,C5,r,C5,C5,r,r,G3,G3,C4,C3,r,r,r,C5,E4,B-3,B-3,G2
18.375,18.375,13,1.9167,C5,r,C5,C5,r,r,G3,G3,C4,C3,r,r,r,C5,E4,C4,C4,G2
18.5,18.5,14,1.0,F5,r,F5,A4,r,r,F3,F3,F4,F3,r,r,r,F5,F4,A3,A3,F2
19.0,19.0,14,1.3333,F5,r,F5,A4,F4,A3,A3,F3,F4,A3,r,r,r,F5,F4,A3,F2,F1
19.5,19.5,14,1.6667,F5,r,F5,A4,A4,C4,C4,A3,F4,A3,r,r,r,F5,A4,C4,r,r
20.0,20.0,15,1.0,A5,r,A5,F5,r,r,r,r,A4,F4,r,r,r,A5,r,r,F3,F2
20.5,20.5,15,1.3333,A5,r,A5,F5,A4,F4,C4,A3,A4,F4,r,r,r,A5,A4,F4,F2,F1
21.0,21.0,15,1.6667,A5,r,A5,F5,C5,A4,F4,A3,F4,F3,r,r,r,A5,C5,A4,r,r
21.5,21.5,16,1.0,B-5,r,B-5,E5,B-4,G4,E4,B-3,C4,C3,r,r,r,B-5,B-4,C4,C3,C2
22.0,22.0,16,1.3333,B-5,r,B-5,B-4,B-4,G4,E4,B-3,C4,C3,r,r,r,B-5,B-4,C4,E3,E2
22.375,22.375,16,1.5833,A5,r,A5,B-4,B-4,G4,E4,B-3,C4,C3,r,r,r,A5,A4,C4,E3,E2
22.5,22.5,16,1.6667,G5,r,G5,B-4,B-4,G4,E4,B-3,C4,C3,r,r,r,G5,G4,C4,G3,G2
22.875,22.875,16,1.9167,F5,r,F5,B-4,B-4,G4,E4,B-3,C4,C3,r,r,r,F5,F4,C4,G3,G2
23.0,23.0,17,1.0,E5,r,E5,B-4,B-4,G4,E4,B-3,C4,C3,r,r,r,E5,E4,G4,C4,C3
23.5,23.5,17,1.3333,C6,r,E5,G4,B-4,G4,E4,B-3,C4,C3,r,r,r,E5,G4,E4,C4,C3
24.0,24.0,17,1.6667,C6,r,E5,C5,G4,E4,C4,B-3,C4,C3,r,r,r,E5,C5,G4,B-3,B-2
24.5,24.5,18,1.0,C6,r,F5,C5,F4,C4,C4,A3,C4,C3,r,r,r,F5,C5,C4,A3,A2
24.75,24.75,18,1.1667,C6,r,F5,C5,F4,C4,C4,A3,C4,C3,r,r,r,F5,C5,C4,A3,A2
25.0,25.0,18,1.3333,C6,r,G5,E5,G4,E4,E4,G3,C4,C3,r,r,r,G5,C5,C4,G3,G2
25.25,25.25,18,1.5,C6,r,G5,E5,G4,E4,E4,G3,C4,C3,r,r,r,G5,C5,C4,G3,G2
25.5,25.5,18,1.6667,C6,r,A5,F5,A4,F4,F4,F3,C4,C3,r,r,r,A5,C5,C4,F3,F2
25.75,25.75,18,1.8333,C6,r,A5,F5,A4,F4,F4,F3,C4,C3,r,r,r,A5,C5,C4,F3,F2
26.0,26.0,19,1.0,C6,r,B-5,G5,B-4,G4,B-3,G3,C4,C3,r,r,r,B-5,C5,C4,E3,E2
26.25,26.25,19,1.1667,C6,r,B-5,G5,B-4,G4,B-3,G3,C4,C3,r,r,r,B-5,C5,C4,E3,E2
26.5,26.5,19,1.3333,C6,r,B-5,E5,B-4,E4,B-3,G3,C4,C3,r,r,r,B-5,C5,E4,C3,C2
26.75,26.75,19,1.5,C6,r,C6,E5,C5,E4,B-3,G3,C4,C3,r,r,r,C6,C5,C4,C3,C2
27.0,27.0,19,1.6667,C6,r,A5,F5,A4,F4,A3,F3,C4,C3,r,r,r,A5,C5,F4,F3,F2
27.25,27.25,19,1.8333,C6,r,A5,F5,A4,F4,A3,F3,C4,C3,r,r,r,A5,C5,C4,F3,F2
27.5,27.5,20,1.0,C6,r,G5,E5,G4,E4,G3,E3,C4,C3,r,r,r,G5,C5,C4,C3,C2
27.75,27.75,20,1.1667,C6,r,G5,E5,G4,E4,G3,E3,C4,C3,r,r,r,G5,C5,C4,C3,C2
28.0,28.0,20,1.3333,r,r,r,r,r,r,r,r,C4,C3,r,r,r,r,r,C4,r,r
28.25,28.25,20,1.5,r,r,r,r,r,r,r,r,C4,C3,r,r,r,r,r,C4,r,r
28.5,28.5,20,1.6667,G5,r,G5,E5,G4,E4,G3,E3,C4,C3,r,r,r,G5,G4,E4,B-3,B-2
28.75,28.75,20,1.8333,G5,r,G5,E5,G4,E4,G3,E3,C4,C3,r,r,r,G5,G4,C4,B-3,B-2
29.0,29.0,21,1.0,A5,r,A5,F5,A4,F4,A3,F3,C4,C3,r,r,r,A5,A4,F4,A3,A2
29.25,29.25,21,1.1667,A5,r,A5,F5,A4,F4,A3,F3,C4,C3,r,r,r,A5,A4,C4,A3,A2
29.5,29.5,21,1.3333,A5,r,r,r,r,r,r,r,C4,C3,r,r,r,A5,A4,F4,r,r
29.75,29.75,21,1.5,A5,r,r,r,r,r,r,r,C4,C3,r,r,r,A5,A4,C4,r,r
29.875,29.875,21,1.5833,F5,r,r,r,r,r,r,r,C4,C3,r,r,r,F5,F4,C4,r,r
30.0,30.0,21,1.6667,C6,r,A5,F5,A4,F4,A3,F3,C4,C3,r,r,r,C6,C5,F4,F3,F2
30.25,30.25,21,1.8333,C6,r,A5,F5,A4,F4,A3,F3,C4,C3,r,r,r,C6,C5,C4,F3,F2
30.375,30.375,21,1.9167,A5,r,A5,F5,A4,F4,A3,F3,C4,C3,r,r,r,A5,A4,C4,F3,F2
30.5,30.5,22,1.0,G5,r,G5,E5,G4,E4,G3,E3,C4,C3,r,r,r,G5,G4,E4,C3,C2
30.75,30.75,22,1.1667,G5,r,G5,E5,G4,E4,G3,E3,C4,C3,r,r,r,G5,G4,C4,C3,C2
31.0,31.0,22,1.3333,r,r,r,r,r,r,r,r,C4,C3,r,r,r,r,r,C4,r,r
31.25,31.25,22,1.5,r,r,r,r,r,r,r,r,C4,C3,r,r,r,r,r,C4,r,r
31.5,31.5,22,1.6667,G5,r,G5,E5,G4,E4,G3,E3,C4,C3,r,r,r,G5,G4,E4,B-3,B-2
31.75,31.75,22,1.8333,G5,r,G5,E5,G4,E4,G3,E3,C4,C3,r,r,r,G5,G4,C4,B-3,B-2
32.0,32.0,23,1.0,A5,r,A5,F5,A4,F4,A3,F3,C4,C3,r,r,r,A5,A4,F4,A3,A2
32.25,32.25,23,1.1667,A5,r,A5,F5,A4,F4,A3,F3,C4,C3,r,r,r,A5,A4,C4,A3,A2
32.5,32.5,23,1.3333,A5,r,r,r,r,r,r,r,C4,C3,r,r,r,A5,A4,F4,r,r
32.75,32.75,23,1.5,A5,r,r,r,r,r,r,r,C4,C3,r,r,r,A5,A4,C4,r,r
32.875,32.875,23,1.5833,F5,r,r,r,r,r,r,r,C4,C3,r,r,r,F5,F4,C4,r,r
33.0,33.0,23,1.6667,C6,r,A5,F5,A4,F4,A3,F3,C4,C3,r,r,r,C6,C5,F4,F3,F2
33.25,33.25,23,1.8333,C6,r,A5,F5,A4,F4,A3,F3,C4,C3,r,r,r,C6,C5,C4,F3,F2
33.375,33.375,23,1.9167,A5,r,A5,F5,A4,F4,A3,F3,C4,C3,r,r,r,A5,A4,C4,F3,F2
33.5,33.5,24,1.0,G5,r,G5,E5,G4,E4,G3,E3,C4,C3,r,r,r,G5,G4,E4,C3,C2
33.75,33.75,24,1.1667,G5,r,G5,E5,G4,E4,G3,E3,C5,C4,r,r,r,G5,G4,C4,C3,C2
34.0,34.0,24,1.3333,C6,r,r,r,G4,E4,G3,E3,C5,C4,r,r,r,C6,C5,E4,r,r
34.25,34.25,24,1.5,C6,r,r,r,G4,E4,G3,E3,C5,C4,r,r,r,C6,C5,C4,r,r
34.5,34.5,24,1.6667,C6,r,C6,A5,A4,F4,A3,F3,A4,A3,r,r,r,C6,C5,F4,F3,F2
34.75,34.75,24,1.8333,A5,r,C6,A5,A4,F4,A3,F3,F4,F3,r,r,r,A5,A4,C4,F3,F2
34.875,34.875,24,1.9167,A5,r,A5,F5,A4,F4,A3,F3,F4,F3,r,r,r,A5,A4,C4,F3,F2
35.0,35.0,25,1.0,G5,r,G5,E5,G4,E4,G3,E3,C4,C3,r,r,r,G5,G4,E4,C3,C2
35.25,35.25,25,1.1667,G5,r,G5,E5,G4,E4,G3,E3,C5,C4,r,r,r,G5,G4,C4,C3,C2
35.5,35.5,25,1.3333,C6,r,r,r,G4,E4,G3,E3,C5,C4,r,r,r,C6,C5,E4,r,r
35.75,35.75,25,1.5,B5,r,r,r,G4,E4,G3,E3,C5,C4,r,r,r,B5,B4,C4,r,r
36.0,36.0,25,1.6667,C6,r,C6,A5,A4,F4,A3,F3,A4,A3,r,r,r,C6,C5,F4,F3,F2
36.25,36.25,25,1.8333,A5,r,C6,A5,A4,F4,A3,F3,F4,F3,r,r,r,A5,A4,C4,F3,F2
36.375,36.375,25,1.9167,A5,r,A5,F5,A4,F4,A3,F3,F4,F3,r,r,r,A5,A4,C4,F3,F2
36.5,36.5,26,1.0,G5,r,G5,E5,G4,E4,G3,E3,C4,C3,r,r,r,G5,G4,C4,C3,C2
37.0,37.0,26,1.3333,G5,r,G5,E5,G4,E4,C4,C3,G4,C4,r,r,r,G4,E4,C3,C3,C2
37.5,37.5,26,1.6667,G5,r,G5,E5,G4,E4,C4,C3,G4,C4,r,r,r,G4,E4,C3,C3,C2
38.0,38.0,27,1.0,G5,r,G5,E5,G4,E4,C3,C3,G4,C4,r,r,r,G4,E4,C3,C3,C2
39.0,39.0,27,1.6667,r,r,r,r,r,r,r,r,r,r,r,r,r,G4,r,r,r,r
39.5,39.5,28,1.0,r,r,r,r,r,r,r,r,r,r,r,r,r,E5,r,r,r,r
40.0,40.0,28,1.3333,r,r,r,r,r,r,r,r,r,r,r,r,r,r,r,r,C#4,r
40.5,40.5,28,1.6667,r,r,r,r,r,r,r,r,r,r,r,r,r,E5,C#5,G4,A3,r
41.0,41.0,29,1.0,r,r,r,r,r,r,r,r,r,r,r,r,r,F5,D5,F4,D4,r
41.5,41.5,29,1.3333,r,r,r,r,r,r,r,r,r,r,r,r,r,r,r,r,D3,r
42.0,42.0,29,1.6667,r,r,r,r,r,r,r,r,r,r,r,r,r,A5,A4,r,r,r
42.375,42.375,29,1.9167,r,r,r,r,r,r,r,r,r,r,r,r,r,F5,F4,r,r,r
42.5,42.5,30,1.0,r,r,r,r,r,r,r,r,r,r,r,r,r,D5,D4,r,r,r
43.0,43.0,30,1.3333,r,r,r,r,r,r,r,r,r,r,r,r,r,r,r,r,B3,r
43.5,43.5,30,1.6667,r,r,r,r,r,r,r,r,r,r,r,r,r,D5,B4,F4,G3,r
44.0,44.0,31,1.0,r,r,r,r,r,r,r,r,r,r,r,r,r,E5,C5,E4,C4,r
44.5,44.5,31,1.3333,r,r,r,r,r,r,r,r,r,r,r,r,r,r,r,r,C3,r
45.0,45.0,31,1.6667,r,r,r,r,r,r,r,r,r,r,r,r,r,G5,G4,r,r,r
45.375,45.375,31,1.9167,r,r,r,r,r,r,r,r,r,r,r,r,r,E5,E4,r,r,r
45.5,45.5,32,1.0,r,r,r,r,r,r,E3,E3,r,r,r,r,r,C5,C4,G3,E3,r
46.0,46.0,32,1.3333,r,r,r,r,r,r,E4,E4,r,r,r,r,r,C5,G4,G4,E4,r
46.5,46.5,32,1.6667,r,r,r,r,r,r,E4,E4,r,r,r,r,r,C5,G4,G4,E4,r
47.0,47.0,33,1.0,r,r,r,r,r,r,E4,E4,r,r,r,r,r,C5,G4,G4,E4,r
47.5,47.5,33,1.3333,r,r,r,r,r,r,D4,D4,r,r,r,r,r,B4,G4,F4,D4,r
48.0,48.0,33,1.6667,r,r,r,r,r,r,C4,C4,r,r,r,r,r,C5,G4,E4,C4,r
48.5,48.5,34,1.0,r,r,r,r,r,r,B3,B3,G4,G4,r,r,r,D5,G4,D4,B3,r
49.0,49.0,34,1.3333,r,r,r,r,r,r,G3,G3,G4,G4,r,r,r,F5,D5,B3,G3,r
49.5,49.5,34,1.6667,r,r,r,r,r,r,C4,C4,G4,G4,r,r,r,F5,D5,C4,C4,r
49.625,49.625,34,1.75,r,r,r,r,r,r,C4,C4,G4,G4,r,r,r,E5,C5,C4,C4,r
49.75,49.75,34,1.8333,r,r,r,r,r,r,C4,C4,G4,G4,r,r,r,D5,B4,C4,C4,r
49.875,49.875,34,1.9167,r,r,r,r,r,r,C4,C4,G4,G4,r,r,r,E5,C5,C4,C4,r
50.0,50.0,35,1.0,r,r,r,r,r,r,G3,G3,G4,G4,r,r,r,D5,B4,G4,G3,r
50.5,50.5,35,1.3333,r,r,r,r,r,r,G4,G4,r,r,r,r,r,r,r,r,G4,r
51.0,51.0,35,1.6667,G5,r,G4,r,r,r,r,r,r,r,r,r,r,r,G4,r,r,r
51.5,51.5,36,1.0,E6,r,E5,r,r,r,r,r,r,r,r,r,r,G5,E5,r,r,r
51.75,51.75,36,1.1667,E6,r,E5,r,r,r,r,r,r,r,r,r,r,E5,E5,r,r,r
52.0,52.0,36,1.3333,r,r,r,r,r,r,r,r,r,r,r,r,r,C#5,r,r,C#4,C#3
52.25,52.25,36,1.5,r,r,r,r,r,r,r,r,r,r,r,r,r,A4,r,r,C#4,C#3
52.5,52.5,36,1.6667,E6,r,E5,C#5,r,r,G4,E4,r,r,r,r,r,G4,E5,r,A3,A2
52.75,52.75,36,1.8333,E6,r,E5,C#5,r,r,G4,E4,r,r,r,r,r,E4,E5,r,A3,A2
53.0,53.0,37,1.0,F6,r,F5,D5,r,r,F4,D4,r,r,r,r,r,F4,F5,r,D4,D3
53.25,53.25,37,1.1667,F6,r,F5,D5,r,r,F4,D4,r,r,r,r,r,D4,F5,r,D4,D3
53.5,53.5,37,1.3333,r,r,A5,A5,r,r,r,r,r,r,r,r,r,A4,A5,F4,D3,D2
53.75,53.75,37,1.5,r,r,G#5,G#5,r,r,r,r,r,r,r,r,r,G#4,G#5,F4,D3,D2
54.0,54.0,37,1.6667,r,r,A5,A5,r,r,r,r,r,r,r,r,r,A4,A5,D4,r,r
54.25,54.25,37,1.8333,r,r,F5,F5,r,r,r,r,r,r,r,r,r,F4,F5,D4,r,r
54.5,54.5,38,1.0,D6,r,D5,B4,r,r,r,r,r,r,r,r,r,F5,D5,G4,r,r
54.75,54.75,38,1.1667,D6,r,D5,B4,r,r,r,r,r,r,r,r,r,D5,D5,G4,r,r
55.0,55.0,38,1.3333,r,r,r,r,r,r,r,r,r,r,r,r,r,B4,r,G3,B3,B2
55.25,55.25,38,1.5,r,r,r,r,r,r,r,r,r,r,r,r,r,G4,r,G3,B3,B2
55.5,55.5,38,1.6667,D6,r,D5,B4,r,r,F4,D4,r,r,r,r,r,F4,D5,r,G3,G2
55.75,55.75,38,1.8333,D6,r,D5,B4,r,r,F4,D4,r,r,r,r,r,D4,D5,r,G3,G2
56.0,56.0,39,1.0,E6,r,E5,C5,r,r,E4,C4,r,r,r,r,r,E4,E5,r,C4,C3
56.25,56.25,39,1.1667,E6,r,E5,C5,r,r,E4,C4,r,r,r,r,r,C4,E5,r,C4,C3
56.5,56.5,39,1.3333,G6,r,r,r,G5,r,G4,G4,r,r,r,r,r,G4,r,E4,C3,C2
56.75,56.75,39,1.5,F#6,r,r,r,F#5,r,F#4,F#4,r,r,r,r,r,F#4,r,E4,C3,C2
57.0,57.0,39,1.6667,G6,r,r,r,G5,r,G4,G4,r,r,r,r,r,G4,r,C4,r,r
57.25,57.25,39,1.8333,E6,r,r,r,E5,r,E4,E4,r,r,r,r,r,E4,r,C4,r,r
57.5,57.5,40,1.0,C6,r,r,r,C5,G4,C4,G3,r,r,r,r,r,C4,G4,G3,E3,E2
57.75,57.75,40,1.1667,C6,r,r,r,C5,G4,C4,G3,r,r,r,r,r,C4,B-4,G3,E3,E2
58.0,58.0,40,1.3333,C6,r,r,r,C5,G4,C4,G3,r,r,r,r,r,C5,G4,E4,E3,E2
58.25,58.25,40,1.5,C6,r,r,r,C5,G4,C4,G3,r,r,r,r,r,C5,B-4,E4,E3,E2
58.5,58.5,40,1.6667,C#6,r,r,r,C#5,B-4,C#4,B-3,r,r,r,r,r,C#5,G4,E4,E3,E2
58.75,58.75,40,1.8333,C#6,r,r,r,C#5,B-4,C#4,B-3,r,r,r,r,r,C#5,B-4,E4,E3,E2
59.0,59.0,41,1.0,D6,r,r,r,D5,A4,D4,A3,r,r,r,r,r,D5,D4,F4,F3,F2
59.25,59.25,41,1.1667,D6,r,r,r,D5,A4,D4,A3,r,r,r,r,r,E5,E4,F4,F3,F2
59.5,59.5,41,1.3333,r,r,r,r,r,r,r,r,r,r,r,r,r,F5,F4,r,r,r
59.75,59.75,41,1.5,r,r,r,r,r,r,r,r,r,r,r,r,r,G5,G4,r,r,r
60.0,60.0,41,1.6667,r,r,r,r,r,r,r,r,r,r,r,r,r,G#5,G#4,r,r,r
60.25,60.25,41,1.8333,r,r,r,r,r,r,r,r,r,r,r,r,r,A5,A4,r,r,r
60.5,60.5,42,1.0,C6,r,r,r,C5,E4,r,r,r,r,r,r,r,C5,E4,r,r,r
60.75,60.75,42,1.1667,C6,r,r,r,C5,E4,r,r,r,r,r,r,r,C5,G4,r,r,r
61.0,61.0,42,1.3333,C6,r,r,r,C5,E4,C4,G3,G4,G4,r,r,r,C5,E4,G4,G3,G2
61.25,61.25,42,1.5,C6,r,r,r,C5,E4,C4,G3,G4,G4,r,r,r,C5,G4,G4,G3,G2
61.5,61.5,42,1.6667,D6,r,r,r,B4,F4,D4,G3,G4,G4,r,r,r,D5,F4,G3,G2,G1
61.75,61.75,42,1.8333,D6,r,r,r,B4,F4,D4,G3,G4,G4,r,r,r,D5,G4,G3,G2,G1
61.875,61.875,42,1.9167,B5,r,r,r,B4,F4,D4,G3,G4,G4,r,r,r,B4,G4,G3,G2,G1
62.0,62.0,43,1.0,C6,r,r,r,C5,E4,C4,C3,G4,C4,r,r,r,C5,E4,C4,C3,C2
62.375,62.375,43,1.25,C6,r,r,r,C5,E4,C4,C3,G4,C4,r,r,r,G5,E4,C4,C3,C2
62.5,62.5,43,1.3333,r,r,r,r,r,r,r,r,r,r,r,r,r,G5,r,r,r,r
62.875,62.875,43,1.5833,r,r,r,r,r,r,r,r,r,r,r,r,r,G5,D5,B4,F4,r
63.0,63.0,43,1.6667,r,r,r,r,r,r,r,r,r,r,r,r,r,G5,E5,C5,E4,r
63.375,63.375,43,1.9167,r,r,r,r,r,r,r,r,r,r,r,r,r,G5,F5,D5,B3,r
63.5,63.5,44,1.0,r,r,r,r,r,r,r,r,r,r,r,r,r,G5,E5,C5,C4,r
63.875,63.875,44,1.25,r,r,r,r,r,r,r,r,r,r,r,r,r,E5,E5,C5,C4,r
64.0,64.0,44,1.3333,r,r,r,r,r,r,r,r,r,r,r,r,r,E5,r,r,r,r
64.375,64.375,44,1.5833,r,r,r,r,r,r,r,r,r,r,r,r,r,E5,B4,G#4,D4,r
64.5,64.5,44,1.6667,r,r,r,r,r,r,r,r,r,r,r,r,r,E5,C5,A4,C4,r
64.875,64.875,44,1.9167,r,r,r,r,r,r,r,r,r,r,r,r,r,E5,D5,B4,G#3,r
65.0,65.0,45,1.0,r,r,r,r,r,r,r,r,r,r,r,r,r,E5,C5,A4,A3,r
65.375,65.375,45,1.25,r,r,r,r,r,r,r,r,r,r,r,r,r,C5,C5,A4,A3,r
65.5,65.5,45,1.3333,r,r,r,r,r,r,r,r,r,r,r,r,r,C5,r,r,r,r
65.875,65.875,45,1.5833,r,r,r,r,r,r,r,r,r,r,r,r,r,C5,G4,E4,B-3,r
66.0,66.0,45,1.6667,r,r,r,r,r,r,r,r,r,r,r,r,r,C5,A4,F4,A3,r
66.25,66.25,45,1.8333,r,r,r,r,r,r,r,r,r,r,r,r,r,C#5,A4,F4,A3,r
66.375,66.375,45,1.9167,r,r,r,r,r,r,r,r,r,r,r,r,r,C#5,B-4,G4,E3,r
66.5,66.5,46,1.0,r,r,r,r,r,r,r,r,r,r,r,r,r,D5,A4,F4,F3,r
66.6667,66.6667,46,1.1111,r,r,r,r,r,r,r,r,r,r,r,r,r,F5,A4,F4,F3,r
66.8333,66.8333,46,1.2222,r,r,r,r,r,r,r,r,r,r,r,r,r,F5,A4,F4,F3,r
66.875,66.875,46,1.25,r,r,r,r,r,r,r,r,r,r,r,r,r,r,F4,D4,D3,r
67.0,67.0,46,1.3333,r,r,r,r,r,r,r,r,r,r,r,r,r,C5,E4,G4,G3,r
67.5,67.5,46,1.6667,r,r,r,r,r,r,r,r,r,r,r,r,r,B4,F4,G3,G2,r
68.0,68.0,47,1.0,r,r,C5,C4,r,r,C4,C3,r,r,r,r,r,C5,E4,C4,C3,r
68.375,68.375,47,1.25,r,r,G5,G4,r,r,G4,G3,r,r,r,r,r,C5,E4,C4,C3,r
68.5,68.5,47,1.3333,r,r,G5,G4,r,r,G4,G3,r,r,r,r,r,r,r,r,r,r
68.875,68.875,47,1.5833,r,r,G5,G4,r,r,G4,G3,r,r,r,r,r,D5,B4,G4,F3,F2
69.0,69.0,47,1.6667,r,r,G5,G4,r,r,G4,G3,r,r,r,r,r,E5,C5,G4,E3,E2
69.375,69.375,47,1.9167,r,r,G5,G4,r,r,G4,G3,r,r,r,r,r,F5,D5,G4,B2,B1
69.5,69.5,48,1.0,r,r,G5,G4,r,r,G4,G3,r,r,r,r,r,E5,C5,G4,C3,C2
69.875,69.875,48,1.25,r,r,E5,E4,r,r,E4,E3,r,r,r,r,r,E5,C5,G4,C3,C2
70.0,70.0,48,1.3333,r,r,E5,E4,r,r,E4,E3,r,r,r,r,r,r,r,r,r,r
70.375,70.375,48,1.5833,r,r,E5,E4,r,r,E4,E3,r,r,r,r,r,B4,G#4,E4,D4,D3
70.5,70.5,48,1.6667,r,r,E5,E4,r,r,E4,E3,r,r,r,r,r,C5,A4,E4,C4,C3
70.875,70.875,48,1.9167,r,r,E5,E4,r,r,E4,E3,r,r,r,r,r,D5,B4,E4,G#3,G#2
71.0,71.0,49,1.0,r,r,E5,E4,r,r,E4,E3,r,r,r,r,r,C5,A4,E4,A3,A2
71.375,71.375,49,1.25,E6,r,E5,E4,E5,E4,E4,E3,r,r,r,r,r,C5,A4,E4,A3,A2
71.5,71.5,49,1.3333,E6,r,E5,E4,E5,E4,E4,E3,r,r,r,r,r,r,r,r,r,r
71.875,71.875,49,1.5833,E6,r,E5,E4,E5,E4,E4,E3,r,r,r,r,r,G#5,B4,E4,D4,D3
72.0,72.0,49,1.6667,E6,r,E5,E4,E5,E4,E4,E3,r,r,r,r,r,A5,C5,E4,C4,C3
72.375,72.375,49,1.9167,E6,r,E5,E4,E5,E4,E4,E3,r,r,r,r,r,B5,D5,E4,G#3,G#2
72.5,72.5,50,1.0,E6,r,E5,E4,E5,E4,E4,E3,r,r,r,r,r,A5,C5,E4,A3,A2
73.0,73.0,50,1.3333,E6,r,E5,E4,B-4,C4,C4,B-3,r,r,r,r,r,E5,B-4,C4,G3,G2
74.0,74.0,51,1.0,F6,r,F5,F4,A4,C4,C4,A3,r,r,r,r,r,F5,A4,C4,F3,F2
74.5,74.5,51,1.3333,F#6,r,F#5,F#4,C5,A4,D4,C4,r,r,r,r,r,F#5,C5,A4,D3,D2
75.5,75.5,52,1.0,G6,r,G5,G4,B4,G4,D4,B3,r,r,r,r,r,G5,B4,D4,G3,G2
76.0,76.0,52,1.3333,G#5,r,G#5,G#4,D5,B4,D4,B3,r,r,r,r,r,G#5,D5,B4,E3,E2
77.0,77.0,53,1.0,A5,r,A5,A4,D5,A4,D4,A3,r,r,r,r,r,A5,D5,A4,F3,F2
77.1667,77.1667,53,1.1111,F6,r,A5,A4,D5,A4,D4,A3,r,r,r,r,r,F5,A4,F4,F3,F2
77.3333,77.3333,53,1.2222,F6,r,A5,A4,D5,A4,D4,A3,r,r,r,r,r,F5,A4,F4,F3,F2
77.5,77.5,53,1.3333,C6,r,C5,G4,G4,E4,C4,G3,G4,G4,r,r,r,C5,E4,G4,G3,G2
78.0,78.0,53,1.6667,B5,r,B4,G4,G4,F4,D4,G3,G4,G4,r,r,r,B4,F4,D4,G2,G1
78.5,78.5,54,1.0,C6,r,C5,G4,G4,E4,C4,C3,G4,C4,r,r,C3,C5,E4,C4,C3,C2
78.875,78.875,54,1.25,C6,r,C5,G4,G4,E4,C4,C3,G4,C4,r,r,G2,C5,E4,C4,C3,C2
79.0,79.0,54,1.3333,r,r,r,r,r,r,r,r,r,r,G4,G3,G2,r,r,r,r,r
79.375,79.375,54,1.5833,r,r,r,r,r,r,r,r,r,r,G4,G3,G2,r,r,r,r,r
79.5,79.5,54,1.6667,r,r,r,r,r,r,r,r,r,r,G4,G3,G2,r,r,r,r,r
79.875,79.875,54,1.9167,r,r,r,r,r,r,r,r,r,r,G4,G3,G2,r,r,r,r,r
80.0,80.0,55,1.0,r,r,r,r,r,r,r,r,r,r,G4,G3,G2,F5,F4,D4,G3,G2
80.1667,80.1667,55,1.1111,r,r,r,r,r,r,r,r,r,r,G4,G3,G2,A5,F4,D4,G3,G2
80.3333,80.3333,55,1.2222,r,r,r,r,r,r,r,r,r,r,G4,G3,G2,A5,F4,D4,G3,G2
80.375,80.375,55,1.25,r,r,r,r,r,r,r,r,r,r,G4,G3,G2,r,F4,D4,G3,G2
80.5,80.5,55,1.3333,r,r,F5,D5,F4,D4,B3,G3,G4,G4,G4,G3,G2,F5,r,r,r,r
80.6667,80.6667,55,1.4444,r,r,F5,D5,F4,D4,B3,G3,G4,G4,G4,G3,G2,E5,r,r,r,r
80.8333,80.8333,55,1.5556,r,r,F5,D5,F4,D4,B3,G3,G4,G4,G4,G3,G2,E5,r,r,r,r
80.875,80.875,55,1.5833,r,r,F5,D5,F4,D4,B3,G3,G4,G4,G4,G3,G2,r,r,r,r,r
81.0,81.0,55,1.6667,r,r,r,r,r,r,r,r,r,r,G4,G3,G2,C5,F4,D4,G3,G2
81.1667,81.1667,55,1.7778,r,r,r,r,r,r,r,r,r,r,G4,G3,G2,B4,F4,D4,G3,G2
81.3333,81.3333,55,1.8889,r,r,r,r,r,r,r,r,r,r,G4,G3,G2,B4,F4,D4,G3,G2
81.375,81.375,55,1.9167,r,r,r,r,r,r,r,r,r,r,G4,G3,G2,r,F4,D4,G3,G2
81.5,81.5,56,1.0,C6,r,E5,C5,E4,C4,C4,G3,G4,G4,G4,G3,G2,C5,r,r,r,r
81.6667,81.6667,56,1.1111,E6,r,E5,C5,E4,C4,C4,G3,G4,G4,G4,G3,G2,E5,r,r,r,r
81.8333,81.8333,56,1.2222,E6,r,E5,C5,E4,C4,C4,G3,G4,G4,G4,G3,G2,E5,r,r,r,r
81.875,81.875,56,1.25,r,r,E5,C5,E4,C4,C4,G3,G4,G4,G4,G3,G2,r,r,r,r,r
82.0,82.0,56,1.3333,C6,r,r,r,r,r,r,r,r,r,G4,G3,G2,C5,E4,C4,G3,G2
82.1667,82.1667,56,1.4444,B5,r,r,r,r,r,r,r,r,r,G4,G3,G2,B4,E4,C4,G3,G2
82.3333,82.3333,56,1.5556,B5,r,r,r,r,r,r,r,r,r,G4,G3,G2,B4,E4,C4,G3,G2
82.375,82.375,56,1.5833,r,r,r,r,r,r,r,r,r,r,G4,G3,G2,r,E4,C4,G3,G2
82.5,82.5,56,1.6667,G5,r,E5,C5,E4,C4,C4,G3,G4,G4,G4,G3,G2,G4,r,r,r,r
82.6667,82.6667,56,1.7778,F#5,r,E5,C5,E4,C4,C4,G3,G4,G4,G4,G3,G2,F#4,r,r,r,r
82.8333,82.8333,56,1.8889,F#5,r,E5,C5,E4,C4,C4,G3,G4,G4,G4,G3,G2,F#4,r,r,r,r
82.875,82.875,56,1.9167,r,r,E5,C5,E4,C4,C4,G3,G4,G4,G4,G3,G2,r,r,r,r,r
83.0,83.0,57,1.0,G5,r,r,r,r,r,r,r,r,r,G4,G3,G2,G4,D4,B3,G3,G2
83.1667,83.1667,57,1.1111,F#5,r,r,r,r,r,r,r,r,r,G4,G3,G2,F#4,D4,B3,G3,G2
83.3333,83.3333,57,1.2222,F#5,r,r,r,r,r,r,r,r,r,G4,G3,G2,F#4,D4,B3,G3,G2
83.375,83.375,57,1.25,r,r,r,r,r,r,r,r,r,r,G4,G3,G2,r,D4,B3,G3,G2
83.5,83.5,57,1.3333,G5,r,B5,F5,B4,F4,D4,G3,G4,G4,G4,G3,G2,G4,r,r,r,r
83.6667,83.6667,57,1.4444,A5,r,B5,F5,B4,F4,D4,G3,G4,G4,G4,G3,G2,A4,r,r,r,r
83.8333,83.8333,57,1.5556,A5,r,B5,F5,B4,F4,D4,G3,G4,G4,G4,G3,G2,A4,r,r,r,r
83.875,83.875,57,1.5833,r,r,B5,F5,B4,F4,D4,G3,G4,G4,G4,G3,G2,r,r,r,r,r
84.0,84.0,57,1.6667,F5,r,r,r,r,r,r,r,r,r,G4,G3,G2,F4,D4,B3,G3,G2
84.1667,84.1667,57,1.7778,E5,r,r,r,r,r,r,r,r,r,G4,G3,G2,E4,D4,B3,G3,G2
84.3333,84.3333,57,1.8889,E5,r,r,r,r,r,r,r,r,r,G4,G3,G2,E4,D4,B3,G3,G2
84.375,84.375,57,1.9167,r,r,r,r,r,r,r,r,r,r,G4,G3,G2,r,D4,B3,G3,G2
84.5,84.5,58,1.0,C5,r,C6,E5,C5,E4,C4,G3,G4,G4,G4,G3,G2,C4,r,r,r,r
84.6667,84.6667,58,1.1111,E5,r,C6,E5,C5,E4,C4,G3,G4,G4,G4,G3,G2,E4,r,r,r,r
84.8333,84.8333,58,1.2222,E5,r,C6,E5,C5,E4,C4,G3,G4,G4,G4,G3,G2,E4,r,r,r,r
84.875,84.875,58,1.25,r,r,C6,E5,C5,E4,C4,G3,G4,G4,G4,G3,G2,r,r,r,r,r
85.0,85.0,58,1.3333,G5,r,r,r,r,r,r,r,r,r,G4,G3,G2,G4,E4,C4,G3,G2
85.1667,85.1667,58,1.4444,A5,r,r,r,r,r,r,r,r,r,G4,G3,G2,A4,E4,C4,G3,G2
85.3333,85.3333,58,1.5556,A5,r,r,r,r,r,r,r,r,r,G4,G3,G2,A4,E4,C4,G3,G2
85.375,85.375,58,1.5833,r,r,r,r,r,r,r,r,r,r,G4,G3,G2,r,E4,C4,G3,G2
85.5,85.5,58,1.6667,C6,r,E5,C5,C5,E4,C4,G3,G4,G4,G4,G3,G2,C5,r,r,r,r
85.6667,85.6667,58,1.7778,D6,r,E5,C5,C5,E4,C4,G3,G4,G4,G4,G3,G2,D5,r,r,r,r
85.8333,85.8333,58,1.8889,D6,r,E5,C5,C5,E4,C4,G3,G4,G4,G4,G3,G2,D5,r,r,r,r
85.875,85.875,58,1.9167,r,r,E5,C5,C5,E4,C4,G3,G4,G4,G4,G3,G2,r,r,r,r,r
86.0,86.0,59,1.0,F6,r,r,r,r,r,r,r,r,r,G4,G3,G2,F5,F4,D4,G3,G2
86.1667,86.1667,59,1.1111,F6,r,r,r,r,r,r,r,r,r,G4,G3,G2,F5,F4,D4,G3,G2
86.3333,86.3333,59,1.2222,F6,r,r,r,r,r,r,r,r,r,G4,G3,G2,F5,F4,D4,G3,G2
86.375,86.375,59,1.25,r,r,r,r,r,r,r,r,r,r,G4,G3,G2,r,F4,D4,G3,G2
86.5,86.5,59,1.3333,F6,r,G5,B4,F4,D4,B3,G3,G4,G4,G4,G3,G2,F5,r,r,r,r
86.6667,86.6667,59,1.4444,E6,r,G5,B4,F4,D4,B3,G3,G4,G4,G4,G3,G2,E5,r,r,r,r
86.8333,86.8333,59,1.5556,E6,r,G5,B4,F4,D4,B3,G3,G4,G4,G4,G3,G2,E5,r,r,r,r
86.875,86.875,59,1.5833,r,r,G5,B4,F4,D4,B3,G3,G4,G4,G4,G3,G2,r,r,r,r,r
87.0,87.0,59,1.6667,C6,r,r,r,r,r,r,r,r,r,G4,G3,G2,C5,F4,D4,G3,G2
87.1667,87.1667,59,1.7778,B5,r,r,r,r,r,r,r,r,r,G4,G3,G2,B4,F4,D4,G3,G2
87.3333,87.3333,59,1.8889,B5,r,r,r,r,r,r,r,r,r,G4,G3,G2,B4,F4,D4,G3,G2
87.375,87.375,59,1.9167,r,r,r,r,r,r,r,r,r,r,G4,G3,G2,r,F4,D4,G3,G2
87.5,87.5,60,1.0,C6,r,E5,C5,E4,C4,C4,G3,G4,G4,G4,G3,G2,C5,r,r,r,r
87.6667,87.6667,60,1.1111,C6,r,E5,C5,E4,C4,C4,G3,G4,G4,G4,G3,G2,C5,r,r,r,r
87.8333,87.8333,60,1.2222,C6,r,E5,C5,E4,C4,C4,G3,G4,G4,G4,G3,G2,C5,r,r,r,r
87.875,87.875,60,1.25,r,r,E5,C5,E4,C4,C4,G3,G4,G4,G4,G3,G2,r,r,r,r,r
88.0,88.0,60,1.3333,C6,r,r,r,r,r,r,r,r,r,G4,G3,G2,C5,E4,C4,G3,G2
88.1667,88.1667,60,1.4444,B5,r,r,r,r,r,r,r,r,r,G4,G3,G2,B4,E4,C4,G3,G2
88.3333,88.3333,60,1.5556,B5,r,r,r,r,r,r,r,r,r,G4,G3,G2,B4,E4,C4,G3,G2
88.375,88.375,60,1.5833,r,r,r,r,r,r,r,r,r,r,G4,G3,G2,r,E4,C4,G3,G2
88.5,88.5,60,1.6667,G5,r,E5,C5,E4,C4,C4,G3,G4,G4,G4,G3,G2,G4,r,r,r,r
88.6667,88.6667,60,1.7778,F#5,r,E5,C5,E4,C4,C4,G3,G4,G4,G4,G3,G2,F#4,r,r,r,r
88.8333,88.8333,60,1.8889,F#5,r,E5,C5,E4,C4,C4,G3,G4,G4,G4,G3,G2,F#4,r,r,r,r
88.875,88.875,60,1.9167,r,r,E5,C5,E4,C4,C4,G3,G4,G4,G4,G3,G2,r,r,r,r,r
89.0,89.0,61,1.0,G5,r,r,r,r,r,r,r,r,r,G4,G3,G2,G4,F4,D4,G3,G2
89.1667,89.1667,61,1.1111,F#5,r,r,r,r,r,r,r,r,r,G4,G3,G2,F#4,F4,D4,G3,G2
89.3333,89.3333,61,1.2222,F#5,r,r,r,r,r,r,r,r,r,G4,G3,G2,F#4,F4,D4,G3,G2
89.375,89.375,61,1.25,r,r,r,r,r,r,r,r,r,r,G4,G3,G2,r,F4,D4,G3,G2
89.5,89.5,61,1.3333,G5,r,B5,F5,B4,F4,D4,G3,G4,G4,G4,G3,G2,G4,F4,D4,G3,G2
89.6667,89.6667,61,1.4444,A5,r,B5,F5,B4,F4,D4,G3,G4,G4,G4,G3,G2,A4,F4,D4,G3,G2
89.8333,89.8333,61,1.5556,A5,r,B5,F5,B4,F4,D4,G3,G4,G4,G4,G3,G2,A4,F4,D4,G3,G2
89.875,89.875,61,1.5833,r,r,B5,F5,B4,F4,D4,G3,G4,G4,G4,G3,G2,r,F4,D4,G3,G2
90.0,90.0,61,1.6667,F5,r,B5,F5,B4,F4,D4,G3,G4,G4,G4,G3,G2,F4,F4,D4,G3,G2
90.1667,90.1667,61,1.7778,E5,r,B5,F5,B4,F4,D4,G3,G4,G4,G4,G3,G2,E4,F4,D4,G3,G2
90.3333,90.3333,61,1.8889,E5,r,B5,F5,B4,F4,D4,G3,G4,G4,G4,G3,G2,E4,F4,D4,G3,G2
90.375,90.375,61,1.9167,r,r,B5,F5,B4,F4,D4,G3,G4,G4,G4,G3,G2,r,F4,D4,G3,G2
90.5,90.5,62,1.0,C5,r,C6,E5,C5,E4,C4,C3,G4,G4,G4,G3,C3,C4,E4,C4,C3,C2
91.5,91.5,62,1.6667,G5,r,r,r,r,r,r,r,r,r,r,r,r,G4,r,r,r,r
92.0,92.0,63,1.0,C6,r,r,r,r,r,r,r,r,r,r,r,r,C5,r,r,r,r
93.0,93.0,63,1.6667,G5,r,G4,G4,G4,G4,G3,G2,r,r,r,r,r,G3,G3,G3,G3,G2
93.5,93.5,64,1.0,C6,r,C5,C5,C5,C5,C4,C3,r,r,r,r,r,C4,C4,C4,C4,C3
94.0,94.0,64,1.3333,C5,r,G4,E4,G4,E4,G3,E3,C4,C3,r,r,C3,C4,G3,E3,C3,C2
94.5,94.5,64,1.6667,C5,r,G4,E4,G4,E4,G3,E3,C4,C3,r,r,C3,C4,G3,E3,C3,C2
95.0,95.0,65,1.0,C5,r,G4,E4,E4,C4,E3,C3,C4,C3,r,r,C3,C4,G3,E3,C3,C2
96.0,96.0,65,1.6667,r,r,r,r,r,r,r,r,r,r,r,r,r,C4,r,r,r,r
96.5,96.5,66,1.0,r,r,C5,r,r,r,r,r,r,r,r,r,r,E-4,r,r,r,r
97.5,97.5,66,1.6667,r,r,C5,r,r,r,r,r,r,r,r,r,r,G4,r,r,r,r
98.0,98.0,67,1.0,r,r,C5,r,r,r,r,r,r,r,r,r,r,C5,r,r,r,r
99.0,99.0,67,1.6667,r,r,C5,r,r,r,r,r,r,r,r,r,r,E-4,C4,r,r,r
99.5,99.5,68,1.0,r,r,E-5,C5,r,r,r,r,r,r,r,r,r,G4,E-4,r,r,r
100.5,100.5,68,1.6667,r,r,E-5,C5,r,r,r,r,r,r,r,r,r,C5,G4,r,r,r
101.0,101.0,69,1.0,r,r,E-5,C5,r,r,r,r,r,r,r,r,r,E-5,C5,r,r,r
102.0,102.0,69,1.6667,r,r,E-5,C5,r,r,r,r,r,r,r,r,r,F#4,E-4,C4,G#3,G#2
102.5,102.5,70,1.0,r,r,F#5,C5,r,r,E-4,C4,r,r,r,r,r,C5,F#4,E-4,E-3,E-2
103.5,103.5,70,1.6667,r,r,F#5,C5,r,r,E-4,C4,r,r,r,r,r,E-5,C5,F#4,C3,C2
104.0,104.0,71,1.0,r,r,F#5,C5,r,r,E-4,C4,r,r,r,r,r,F#5,E-5,C5,G#2,G#1
105.0,105.0,71,1.6667,C6,r,F#5,C5,r,r,F#3,E-3,r,r,r,r,r,C4,C4,F#3,G#2,G#1
105.5,105.5,72,1.0,C#6,r,F5,C#5,r,r,F3,C#3,r,r,r,r,r,C#4,C#4,F3,C#3,C#2
105.875,105.875,72,1.25,C#6,r,F5,C#5,r,r,F3,C#3,r,r,r,r,r,F4,C#4,C#4,C#3,C#2
106.0,106.0,72,1.3333,r,r,r,r,r,r,r,r,r,r,r,r,r,F4,C#4,C#4,C#3,C#2
106.375,106.375,72,1.5833,r,r,r,r,r,r,r,r,r,r,r,r,r,F4,C#4,C#4,C#3,C#2
106.5,106.5,72,1.6667,r,r,r,r,r,r,r,r,r,r,r,r,r,F4,C#4,C#4,C#3,C#2
106.875,106.875,72,1.9167,r,r,r,r,r,r,r,r,r,r,r,r,r,F4,C#4,C#4,C#3,C#2
107.0,107.0,73,1.0,r,r,r,r,r,r,r,C#3,r,r,r,r,r,F4,C#4,C#4,C#3,C#2
107.375,107.375,73,1.25,r,r,r,r,r,r,r,C#3,r,r,r,r,r,F4,C#4,C#4,C#3,C#2
107.5,107.5,73,1.3333,r,r,r,r,r,r,r,C#3,r,r,r,r,r,F4,C#4,C#4,C#3,C#2
107.875,107.875,73,1.5833,r,r,r,r,r,r,r,C#3,r,r,r,r,r,F4,C#4,C#4,C#3,C#2
108.0,108.0,73,1.6667,r,r,G#4,r,r,r,G#3,C#3,r,r,r,r,r,F4,C#4,C#4,C#3,C#2
108.375,108.375,73,1.9167,r,r,G#4,r,r,r,G#3,C#3,r,r,r,r,r,F4,C#4,C#4,C#3,C#2
108.5,108.5,74,1.0,r,r,F#5,r,r,r,F#4,C3,r,r,r,r,r,F#4,E-4,C4,C3,C2
108.875,108.875,74,1.25,r,r,F#5,r,r,r,F#4,C3,r,r,r,r,r,F#4,E-4,C4,C3,C2
109.0,109.0,74,1.3333,r,r,F#5,r,r,r,F#4,C3,r,r,r,r,r,F#4,E-4,C4,C3,C2
109.375,109.375,74,1.5833,r,r,F#5,r,r,r,F#4,C3,r,r,r,r,r,F#4,E-4,C4,C3,C2
109.5,109.5,74,1.6667,G#5,r,F#5,r,r,r,F#4,C3,r,r,r,r,r,F#4,E-4,C4,C3,C2
109.875,109.875,74,1.9167,G#5,r,F#5,r,r,r,F#4,C3,r,r,r,r,r,F#4,E-4,C4,C3,C2
110.0,110.0,75,1.0,F#6,r,r,r,r,r,r,C3,r,r,r,r,r,F#4,E-4,C4,C3,C2
110.375,110.375,75,1.25,F#6,r,r,r,r,r,r,C3,r,r,r,r,r,F#4,E-4,C4,C3,C2
110.5,110.5,75,1.3333,F#6,r,r,r,r,r,r,C3,r,r,r,r,r,F#4,E-4,C4,C3,C2
110.875,110.875,75,1.5833,F#6,r,r,r,r,r,r,C3,r,r,r,r,r,F#4,E-4,C4,C3,C2
111.0,111.0,75,1.6667,F#6,r,G#4,r,r,r,G#3,C3,r,r,r,r,r,F#4,E-4,C4,C3,C2
111.375,111.375,75,1.9167,F#6,r,G#4,r,r,r,G#3,C3,r,r,r,r,r,F#4,E-4,C4,C3,C2
111.5,111.5,76,1.0,r,r,F5,r,r,r,F4,C#3,F4,F3,r,r,r,F4,C#4,C#4,C#3,C#2
111.875,111.875,76,1.25,r,r,F5,r,r,r,F4,C#3,F4,F3,r,r,r,F4,C#4,C#4,C#3,C#2
112.0,112.0,76,1.3333,r,r,F5,r,r,r,F4,C#3,F4,F3,r,r,r,F4,C#4,C#4,C#3,C#2
112.375,112.375,76,1.5833,r,r,F5,r,r,r,F4,C#3,F4,F3,r,r,r,F4,C#4,C#4,C#3,C#2
112.5,112.5,76,1.6667,G#5,r,F5,r,r,r,F4,C#3,F4,F3,r,r,r,F4,C#4,C#4,C#3,C#2
112.875,112.875,76,1.9167,G#5,r,F5,r,r,r,F4,C#3,F4,F3,r,r,r,F4,C#4,C#4,C#3,C#2
113.0,113.0,77,1.0,F6,r,r,r,r,r,r,C#3,r,r,r,r,r,F4,C#4,C#4,C#3,C#2
113.375,113.375,77,1.25,F6,r,r,r,r,r,r,C#3,r,r,r,r,r,F4,C#4,C#4,C#3,C#2
113.5,113.5,77,1.3333,F6,r,r,r,r,r,r,C#3,r,r,r,r,r,F4,C#4,C#4,C#3,C#2
113.875,113.875,77,1.5833,F6,r,r,r,r,r,r,C#3,r,r,r,r,r,F4,C#4,C#4,C#3,C#2
114.0,114.0,77,1.6667,F6,r,F4,r,r,r,F3,C#3,r,r,r,r,r,F4,C#4,C#4,C#3,C#2
114.375,114.375,77,1.9167,F6,r,F4,r,r,r,F3,C#3,r,r,r,r,r,F4,C#4,C#4,C#3,C#2
114.5,114.5,78,1.0,r,r,E-5,r,r,r,E-4,C3,F4,F3,r,r,r,F4,E-4,C4,C3,C2
114.875,114.875,78,1.25,r,r,E-5,r,r,r,E-4,C3,F4,F3,r,r,r,F4,E-4,C4,C3,C2
115.0,115.0,78,1.3333,r,r,E-5,r,r,r,E-4,C3,F4,F3,r,r,r,F4,E-4,C4,C3,C2
115.375,115.375,78,1.5833,r,r,E-5,r,r,r,E-4,C3,F4,F3,r,r,r,F4,E-4,C4,C3,C2
115.5,115.5,78,1.6667,F5,r,E-5,r,r,r,E-4,C3,F4,F3,r,r,r,F4,E-4,C4,C3,C2
115.875,115.875,78,1.9167,F5,r,E-5,r,r,r,E-4,C3,F4,F3,r,r,r,F4,E-4,C4,C3,C2
116.0,116.0,79,1.0,E-6,r,r,r,r,r,r,r,r,r,r,r,r,F4,E-4,C4,C3,C2
116.375,116.375,79,1.25,E-6,r,r,r,r,r,r,r,r,r,r,r,r,F4,E-4,C4,C3,C2
116.5,116.5,79,1.3333,E-6,r,r,r,r,r,r,r,r,r,r,r,r,F4,E-4,C4,C3,C2
116.875,116.875,79,1.5833,E-6,r,r,r,r,r,r,r,r,r,r,r,r,F4,E-4,C4,C3,C2
117.0,117.0,79,1.6667,F5,r,F4,F4,r,r,F3,F3,r,r,r,r,r,F4,E-4,C4,C3,C2
117.375,117.375,79,1.9167,F5,r,F4,F4,r,r,F3,F3,r,r,r,r,r,F4,E-4,C4,C3,C2
117.5,117.5,80,1.0,C#6,r,C#5,C#5,r,r,C#4,B-3,F4,F3,r,r,r,F4,C#4,B-3,B-2,B-1
117.875,117.875,80,1.25,C#6,r,C#5,C#5,r,r,C#4,B-3,F4,F3,r,r,r,F4,C#4,B-3,B-2,B-1
118.0,118.0,80,1.3333,F6,r,F5,r,F5,F4,F4,r,F4,F3,r,r,r,F4,C#4,B-3,B-2,B-1
118.375,118.375,80,1.5833,F6,r,F5,r,F5,F4,F4,r,F4,F3,r,r,r,F4,C#4,B-3,B-2,B-1
118.5,118.5,80,1.6667,F6,r,F5,C#5,F5,F4,F4,C#4,F4,F3,r,r,r,F4,C#4,B-3,B-2,B-1
118.875,118.875,80,1.9167,F6,r,F5,C#5,F5,F4,F4,C#4,F4,F3,r,r,r,F4,C#4,B-3,B-2,B-1
119.0,119.0,81,1.0,F6,r,F5,B-4,F5,F4,F4,B3,F4,F3,r,r,r,F4,B3,F3,C#3,C#2
119.375,119.375,81,1.25,F6,r,F5,B-4,F5,F4,F4,B3,F4,F3,r,r,r,F4,B3,F3,C#3,C#2
119.5,119.5,81,1.3333,F6,r,r,F5,F5,F4,F4,r,F4,F3,r,r,r,F4,B3,F3,C#3,C#2
119.875,119.875,81,1.5833,F6,r,r,F5,F5,F4,F4,r,F4,F3,r,r,r,F4,B3,F3,C#3,C#2
120.0,120.0,81,1.6667,F6,r,B5,F5,F5,F4,F4,B3,F4,F3,r,r,r,F4,B3,F3,C#3,C#2
120.375,120.375,81,1.9167,F6,r,B5,F5,F5,F4,F4,B3,F4,F3,r,r,r,F4,B3,F3,C#3,C#2
120.5,120.5,82,1.0,E6,r,C6,E5,E5,E4,E4,C4,C4,C3,r,r,C3,E4,C4,G3,C3,C2
120.875,120.875,82,1.25,E6,r,C6,E5,E5,E4,E4,C4,C4,C3,r,r,C3,E4,C4,G3,C3,C2
121.0,121.0,82,1.3333,r,r,r,r,r,r,r,r,C4,C3,r,r,C3,r,r,r,r,r
121.375,121.375,82,1.5833,r,r,r,r,r,r,r,r,C4,C3,r,r,C3,r,r,r,r,r
121.5,121.5,82,1.6667,r,r,r,r,G4,E4,G3,E3,C4,C3,r,r,C3,r,r,r,r,r
121.875,121.875,82,1.9167,r,r,r,r,G4,E4,G3,E3,C4,C3,r,r,C3,r,r,r,r,r
122.0,122.0,83,1.0,r,r,r,r,G#4,F4,G#3,F3,C4,C3,r,r,C3,r,r,r,r,r
122.375,122.375,83,1.25,r,r,r,r,G#4,F4,G#3,F3,C4,C3,r,r,C3,r,r,r,r,r
122.5,122.5,83,1.3333,r,r,r,r,G#4,F4,G#3,F3,C4,C3,r,r,C3,r,r,r,r,r
122.875,122.875,83,1.5833,r,r,r,r,G#4,F4,G#3,F3,C4,C3,r,r,C3,r,r,r,r,r
123.0,123.0,83,1.6667,B5,r,G#5,D5,B4,D4,F4,F3,F4,F3,C5,C4,C3,B5,G#5,F4,F3,F2
123.375,123.375,83,1.9167,B5,r,G#5,D5,B4,D4,F4,F3,F4,F3,C5,C4,C3,B5,G#5,F4,F3,F2
123.5,123.5,84,1.0,C6,r,G5,E5,C5,E4,C4,C3,C4,C3,C5,C4,C3,C6,G5,E4,C3,C2
123.875,123.875,84,1.25,C6,r,G5,E5,C5,E4,C4,C3,C4,C3,C5,C4,C3,C6,G5,E4,C3,C2
124.0,124.0,84,1.3333,C6,r,G5,E5,C5,E4,C4,C3,C4,C3,C5,C4,C3,C6,G5,E4,C3,C2
124.375,124.375,84,1.5833,C6,r,G5,E5,C5,E4,C4,C3,C4,C3,C5,C4,C3,C6,G5,E4,C3,C2
124.5,124.5,84,1.6667,r,r,r,r,G4,E4,G3,E3,C4,C3,r,r,C3,r,r,r,r,r
124.875,124.875,84,1.9167,r,r,r,r,G4,E4,G3,E3,C4,C3,r,r,C3,r,r,r,r,r
125.0,125.0,85,1.0,r,r,r,r,G#4,F4,G#3,F3,C4,C3,r,r,C3,r,r,r,r,r
125.375,125.375,85,1.25,r,r,r,r,G#4,F4,G#3,F3,C4,C3,r,r,C3,r,r,r,r,r
125.5,125.5,85,1.3333,r,r,r,r,G#4,F4,G#3,F3,C4,C3,r,r,C3,r,r,r,r,r
125.875,125.875,85,1.5833,r,r,r,r,G#4,F4,G#3,F3,C4,C3,r,r,C3,r,r,r,r,r
126.0,126.0,85,1.6667,B5,r,G#5,D5,G#4,E4,F4,F3,F4,F3,C5,C4,C3,B5,G#5,F4,F3,F2
126.375,126.375,85,1.9167,B5,r,G#5,D5,G#4,E4,F4,F3,F4,F3,C5,C4,C3,B5,G#5,F4,F3,F2
126.5,126.5,86,1.0,C6,r,G5,E5,G4,E4,C4,C3,C4,C3,C5,C4,C3,C6,G5,E4,C3,C2
126.875,126.875,86,1.25,C6,r,G5,E5,G4,E4,C4,C3,C4,C3,C5,C4,C3,C6,G5,E4,C3,C2
127.0,127.0,86,1.3333,r,r,r,r,r,r,r,r,r,r,r,r,C3,A5,E5,C5,r,r
127.375,127.375,86,1.5833,r,r,r,r,r,r,r,r,r,r,r,r,C3,A5,E5,C5,r,r
127.5,127.5,86,1.6667,r,r,r,r,r,r,r,r,r,r,r,r,C3,B-5,F5,D5,r,r
127.875,127.875,86,1.9167,r,r,r,r,r,r,r,r,r,r,r,r,C3,B-5,F5,D5,r,r
128.0,128.0,87,1.0,F6,r,G#5,G#5,D5,B4,D4,B3,C4,C3,r,r,C3,r,r,r,r,r
128.375,128.375,87,1.25,F6,r,G#5,G#5,D5,B4,D4,B3,C4,C3,r,r,C3,r,r,r,r,r
128.5,128.5,87,1.3333,E6,r,A5,A5,E5,C5,E4,C4,C4,C3,r,r,C3,r,r,r,C4,C3
128.875,128.875,87,1.5833,E6,r,A5,A5,E5,C5,E4,C4,C4,C3,r,r,C3,r,r,r,C4,C3
129.0,129.0,87,1.6667,r,r,r,r,r,r,r,r,r,r,r,r,C3,F#5,C5,A4,C4,C3
129.375,129.375,87,1.9167,r,r,r,r,r,r,r,r,r,r,r,r,C3,F#5,C5,A4,C4,C3
129.5,129.5,88,1.0,r,r,r,r,r,r,r,r,r,r,r,r,C3,G5,D5,B-4,C3,C2
129.875,129.875,88,1.25,r,r,r,r,r,r,r,r,r,r,r,r,C3,G5,D5,B-4,C3,C2
130.0,130.0,88,1.3333,C#6,r,E5,E5,B-4,G4,B-3,G3,C4,C3,r,r,C3,r,r,r,r,r
130.375,130.375,88,1.5833,C#6,r,E5,E5,B-4,G4,B-3,G3,C4,C3,r,r,C3,r,r,r,r,r
130.5,130.5,88,1.6667,C6,r,F5,F5,C5,A4,C4,A3,C4,C3,r,r,C3,r,r,r,r,r
130.875,130.875,88,1.9167,C6,r,F5,F5,C5,A4,C4,A3,C4,C3,r,r,C3,r,r,r,r,r
131.0,131.0,89,1.0,r,r,r,r,r,r,r,r,r,r,r,r,C3,E-5,A4,F#4,r,r
131.375,131.375,89,1.25,r,r,r,r,r,r,r,r,r,r,r,r,C3,E-5,A4,F#4,r,r
131.5,131.5,89,1.3333,r,r,r,r,r,r,r,r,r,r,r,r,C3,E5,B-4,G4,C4,C3
131.875,131.875,89,1.5833,r,r,r,r,r,r,r,r,r,r,r,r,C3,E5,B-4,G4,C4,C3
132.0,132.0,89,1.6667,B-5,r,C#5,C#5,G4,E4,G3,E3,C4,C3,r,r,C3,r,r,r,C4,C3
132.375,132.375,89,1.9167,B-5,r,C#5,C#5,G4,E4,G3,E3,C4,C3,r,r,C3,r,r,r,C4,C3
132.5,132.5,90,1.0,A5,r,D5,D5,A4,F4,A3,F3,C4,C3,r,r,C3,r,r,r,C3,C2
133.0,133.0,90,1.3333,B5,r,F5,D5,D5,B4,G#4,F4,C4,C3,r,r,C3,B4,F4,D4,r,r
133.5,133.5,90,1.6667,C6,r,E5,C5,E5,C5,G4,E4,C4,C3,r,r,C3,C5,G4,E4,r,r
134.0,134.0,91,1.0,A5,r,E-5,A4,C5,A4,F#4,E-4,C4,C3,r,r,C3,A4,E-4,C4,r,r
134.5,134.5,91,1.3333,B-5,r,D5,B-4,D5,B-4,F4,D4,C4,C3,r,r,C3,B-4,F4,D4,C4,C3
135.0,135.0,91,1.6667,G#5,r,G#5,F5,D5,B-4,F4,D4,C4,C3,r,r,C3,G#4,F4,B3,C4,C3
135.5,135.5,92,1.0,A5,r,A5,F5,C5,A4,F4,C4,C4,C3,r,r,C3,A4,F4,C4,C4,C3
135.75,135.75,92,1.1667,A5,r,A5,F5,C5,A4,F4,C4,C4,C3,r,r,C3,A4,F4,C4,C4,C3
136.0,136.0,92,1.3333,C6,r,F#5,F#4,F#5,F#4,A3,A3,C4,C3,C5,C4,C3,F#5,F#4,C4,A3,A2
136.25,136.25,92,1.5,C6,r,F#5,F#4,F#5,F#4,A3,A3,C4,C3,C5,C4,C3,F#5,F#4,C4,A3,A2
136.375,136.375,92,1.5833,C6,r,F#5,F#4,F#5,F#4,A3,A3,C4,C3,C5,C4,C3,F#5,F#4,C4,A3,A2
136.5,136.5,92,1.6667,C6,r,G5,G4,G5,G4,B-3,B-3,C4,C3,C5,C4,C3,G5,G4,C4,B-3,B-2
136.75,136.75,92,1.8333,C6,r,G5,G4,G5,G4,B-3,B-3,C4,C3,C5,C4,C3,G5,G4,C4,B-3,B-2
136.875,136.875,92,1.9167,C6,r,G5,G4,G5,G4,B-3,B-3,C4,C3,C5,C4,C3,G5,G4,C4,B-3,B-2
137.0,137.0,93,1.0,C6,r,E5,E4,E5,E4,G3,G3,C4,C3,C5,C4,C3,E5,E4,C4,G3,G2
137.375,137.375,93,1.25,C6,r,E5,E4,E5,E4,G3,G3,C4,C3,C5,C4,C3,E5,E4,C4,G3,G2
137.5,137.5,93,1.3333,C6,r,F5,F4,F5,F4,G#3,G#3,C4,C3,C5,C4,C3,F5,F4,C4,G#3,G#2
137.875,137.875,93,1.5833,C6,r,F5,F4,F5,F4,G#3,G#3,C4,C3,C5,C4,C3,F5,F4,C4,G#3,G#2
138.0,138.0,93,1.6667,C6,r,F#5,F#4,F#5,F#4,A3,A3,C4,C3,C5,C4,C3,F#5,F#4,C4,A3,A2
138.375,138.375,93,1.9167,C6,r,F#5,F#4,F#5,F#4,A3,A3,C4,C3,C5,C4,C3,F#5,F#4,C4,A3,A2
138.5,138.5,94,1.0,C6,r,G5,G4,G5,G4,B-3,B-3,C4,C3,C5,C4,C3,G5,G5,C4,B-3,B-2
140.0,140.0,95,1.0,r,r,r,r,r,r,r,r,r,r,r,r,r,G5,r,r,r,r
140.375,140.375,95,1.25,r,r,r,r,r,r,r,r,r,r,r,r,r,F#5,r,r,r,r
140.5,140.5,95,1.3333,r,r,r,r,r,r,r,r,r,r,r,r,r,G5,r,r,r,r
140.875,140.875,95,1.5833,r,r,r,r,r,r,r,r,r,r,r,r,r,F#5,r,r,r,r
141.0,141.0,95,1.6667,r,r,r,r,r,r,r,r,r,r,r,r,r,G5,r,r,r,r
141.375,141.375,95,1.9167,r,r,r,r,r,r,r,r,r,r,r,r,r,A5,r,r,r,r
141.5,141.5,96,1.0,B-5,r,B-5,G5,G5,B-4,C3,C3,G4,C4,C5,C4,C3,B-5,B-5,E4,C3,C2
143.0,143.0,97,1.0,r,r,r,r,r,r,r,r,r,r,r,r,r,B-5,r,r,r,r
143.375,143.375,97,1.25,r,r,r,r,r,r,r,r,r,r,r,r,r,A5,r,r,r,r
143.5,143.5,97,1.3333,r,r,r,r,r,r,r,r,r,r,r,r,r,G5,r,r,r,r
143.875,143.875,97,1.5833,r,r,r,r,r,r,r,r,r,r,r,r,r,F5,r,r,r,r
144.0,144.0,97,1.6667,r,r,r,r,r,r,r,r,r,r,r,r,r,E5,r,r,r,r
144.375,144.375,97,1.9167,r,r,r,r,r,r,r,r,r,r,r,r,r,D5,r,r,r,r
144.5,144.5,98,1.0,r,r,r,r,r,r,r,r,r,r,r,r,r,C5,r,r,r,r
145.5,145.5,98,1.6667,r,r,G5,r,r,r,E4,r,r,r,r,r,r,C5,r,r,r,r
146.0,146.0,99,1.0,r,r,B-5,r,r,r,G4,r,r,r,r,r,r,C5,r,r,r,r
146.375,146.375,99,1.25,r,r,B-5,r,r,r,G4,r,r,r,r,r,r,B4,r,r,r,r
146.5,146.5,99,1.3333,r,r,r,r,r,r,r,r,r,r,r,r,r,C5,r,r,r,r
146.875,146.875,99,1.5833,r,r,r,r,r,r,r,r,r,r,r,r,r,B4,r,r,r,r
147.0,147.0,99,1.6667,r,r,G5,r,r,r,E4,r,r,r,r,r,r,C5,r,r,r,r
147.375,147.375,99,1.9167,r,r,G5,r,r,r,E4,r,r,r,r,r,r,B4,r,r,r,r
147.5,147.5,100,1.0,r,r,B-5,r,r,r,G4,r,r,r,r,r,r,C5,r,r,r,r
148.5,148.5,100,1.6667,r,r,r,r,r,r,r,r,r,r,r,r,r,C#5,r,r,r,r
149.0,149.0,101,1.0,r,r,r,r,r,r,r,r,r,r,r,r,r,E5,r,r,r,r
149.25,149.25,101,1.1667,r,r,r,r,r,r,r,r,r,r,r,r,r,D5,r,r,r,r
149.5,149.5,101,1.3333,r,r,r,r,r,r,r,r,r,r,r,r,r,C5,r,r,r,r
149.75,149.75,101,1.5,r,r,r,r,r,r,r,r,r,r,r,r,r,B-4,r,r,r,r
150.0,150.0,101,1.6667,r,r,r,r,r,r,r,r,r,r,r,r,r,A4,C4,r,r,r
150.25,150.25,101,1.8333,r,r,r,r,r,r,r,r,r,r,r,r,r,G4,C4,r,r,r
150.5,150.5,102,1.0,r,r,r,r,r,r,r,r,r,r,r,r,r,F4,F4,r,r,r
150.75,150.75,102,1.1667,r,r,r,r,r,r,r,r,r,r,r,r,r,F4,F4,r,A3,r
150.875,150.875,102,1.25,r,r,r,r,r,r,r,r,r,r,r,r,r,F4,F4,r,B-3,r
151.0,151.0,102,1.3333,r,r,r,r,r,r,r,r,r,r,r,r,r,r,F4,r,C4,r
151.25,151.25,102,1.5,r,r,r,r,r,r,r,r,r,r,r,r,r,r,F4,r,B-3,r
151.5,151.5,102,1.6667,r,r,r,r,r,r,r,r,r,r,r,r,r,r,F4,r,A3,r
151.75,151.75,102,1.8333,r,r,r,r,r,r,r,r,r,r,r,r,r,r,F4,r,G3,r
152.0,152.0,103,1.0,r,r,r,r,r,r,r,r,r,r,r,r,r,r,A4,r,F3,r
152.25,152.25,103,1.1667,r,r,r,r,r,r,r,r,r,r,r,r,r,r,A4,r,E3,r
152.5,152.5,103,1.3333,r,r,r,r,r,r,r,r,r,r,r,r,r,r,A4,r,D3,r
152.75,152.75,103,1.5,r,r,r,r,r,r,r,r,r,r,r,r,r,r,A4,r,C3,r
153.0,153.0,103,1.6667,r,r,r,r,r,r,r,r,r,r,r,r,r,r,A4,r,B-2,r
153.25,153.25,103,1.8333,r,r,r,r,r,r,r,r,r,r,r,r,r,r,A4,r,A2,r
153.5,153.5,104,1.0,r,r,r,r,r,r,r,r,r,r,r,r,r,r,B-4,r,G2,r
153.75,153.75,104,1.1667,r,r,r,r,r,r,r,r,r,r,r,r,r,r,B-4,r,F#2,r
154.0,154.0,104,1.3333,r,r,r,r,r,r,r,r,r,r,r,r,r,r,B-4,r,G2,r
154.25,154.25,104,1.5,r,r,r,r,r,r,r,r,r,r,r,r,r,r,B-4,r,A2,r
154.375,154.375,104,1.5833,r,r,r,r,r,r,r,r,r,r,r,r,r,r,A4,r,A2,r
154.5,154.5,104,1.6667,r,r,r,r,r,r,r,r,r,r,r,r,r,r,G4,r,B-2,r
154.75,154.75,104,1.8333,r,r,r,r,r,r,r,r,r,r,r,r,r,r,G4,r,B2,r
154.875,154.875,104,1.9167,r,r,r,r,r,r,r,r,r,r,r,r,r,r,F4,r,B2,r
155.0,155.0,105,1.0,r,r,r,r,r,r,r,r,r,r,r,r,r,r,E4,r,C3,r
155.25,155.25,105,1.1667,r,r,r,r,r,r,r,r,r,r,r,r,r,r,E4,r,G3,r
155.5,155.5,105,1.3333,r,r,r,r,r,r,r,r,r,r,r,r,r,r,E4,r,A3,r
155.75,155.75,105,1.5,r,r,r,r,r,r,r,r,r,r,r,r,r,r,E4,r,B3,r
156.0,156.0,105,1.6667,r,r,r,r,r,r,r,r,r,r,r,r,r,r,E4,r,C4,r
156.25,156.25,105,1.8333,r,r,r,r,r,r,r,r,r,r,r,r,r,r,E4,r,B-3,r
156.5,156.5,106,1.0,r,r,r,r,r,r,C4,r,r,r,r,r,r,r,F4,r,A3,r
156.75,156.75,106,1.1667,r,r,r,r,r,r,C4,r,r,r,r,r,r,r,F4,r,C3,r
157.0,157.0,106,1.3333,r,r,r,r,r,r,C4,r,r,r,r,r,r,r,G4,r,G3,r
157.25,157.25,106,1.5,r,r,r,r,r,r,C4,r,r,r,r,r,r,r,G4,r,C3,r
157.5,157.5,106,1.6667,r,r,r,r,r,r,C4,r,r,r,r,r,r,r,A4,r,F3,r
157.75,157.75,106,1.8333,r,r,r,r,r,r,C4,r,r,r,r,r,r,r,A4,r,C3,r
158.0,158.0,107,1.0,r,r,r,r,r,r,C4,r,r,r,r,r,r,r,B-4,r,E3,r
158.25,158.25,107,1.1667,r,r,r,r,r,r,C4,r,r,r,r,r,r,r,B-4,r,C3,r
158.5,158.5,107,1.3333,r,r,r,r,r,r,C4,r,r,r,r,r,r,r,B-4,r,E3,r
158.75,158.75,107,1.5,r,r,r,r,r,r,C4,r,r,r,r,r,r,r,C5,r,C3,r
159.0,159.0,107,1.6667,r,r,r,r,r,r,B3,r,r,r,r,r,r,r,A4,F3,F3,r
159.25,159.25,107,1.8333,r,r,r,r,r,r,B3,r,r,r,r,r,r,r,A4,F3,C3,r
159.5,159.5,108,1.0,r,r,r,r,r,r,C4,r,r,r,r,r,r,r,G4,C4,E3,r
159.75,159.75,108,1.1667,r,r,r,r,r,r,C4,r,r,r,r,r,r,E5,C5,C4,C3,r
159.875,159.875,108,1.25,r,r,r,r,r,r,C4,r,r,r,r,r,r,F5,D5,C4,C3,r
160.0,160.0,108,1.3333,r,r,r,r,r,r,C4,r,r,r,r,r,r,G5,E5,C4,E3,C2
160.25,160.25,108,1.5,r,r,r,r,r,r,C4,r,r,r,r,r,r,F5,D5,C4,G3,C2
160.5,160.5,108,1.6667,r,r,r,r,r,r,C4,r,r,r,r,r,r,E5,C5,C4,C4,r
160.75,160.75,108,1.8333,r,r,r,r,r,r,C4,r,r,r,r,r,r,D5,B4,C4,C4,r
161.0,161.0,109,1.0,r,r,r,r,r,r,E4,r,r,r,r,r,r,C5,A4,E4,r,r
161.25,161.25,109,1.1667,r,r,r,r,r,r,E4,r,r,r,r,r,r,B4,G4,E4,r,r
161.5,161.5,109,1.3333,r,r,r,r,r,r,E4,r,r,r,r,r,r,A4,F4,E4,C4,C3
161.75,161.75,109,1.5,r,r,r,r,r,r,E4,r,r,r,r,r,r,G4,E4,E4,C4,C3
162.0,162.0,109,1.6667,r,r,r,r,r,r,E4,r,r,r,r,r,r,F4,D4,E4,r,r
162.25,162.25,109,1.8333,r,r,r,r,r,r,E4,r,r,r,r,r,r,E4,C4,E4,r,r
162.5,162.5,110,1.0,r,r,r,r,r,r,F4,r,r,r,r,r,r,D4,B3,F4,r,r
162.75,162.75,110,1.1667,r,r,r,r,r,r,F4,r,r,r,r,r,r,B4,G4,F4,r,r
163.0,163.0,110,1.3333,r,r,r,r,r,r,F4,r,r,r,r,r,r,B4,G4,F4,G2,G1
163.25,163.25,110,1.5,r,r,r,r,r,r,F4,r,r,r,r,r,r,C5,A4,F4,G2,G1
163.375,163.375,110,1.5833,r,r,r,r,r,r,E4,r,r,r,r,r,r,C5,A4,E4,G2,G1
163.5,163.5,110,1.6667,r,r,r,r,r,r,D4,r,r,r,r,r,r,D5,B4,D4,r,r
163.75,163.75,110,1.8333,r,r,r,r,r,r,D4,r,r,r,r,r,r,E5,C5,D4,r,r
163.875,163.875,110,1.9167,r,r,r,r,r,r,C4,r,r,r,r,r,r,E5,C5,C4,r,r
164.0,164.0,111,1.0,r,r,r,r,r,r,B3,r,r,r,r,r,r,F5,D5,B3,G2,G1
164.25,164.25,111,1.1667,r,r,r,r,r,r,B3,r,r,r,r,r,r,E5,C#5,B3,G2,G1
164.5,164.5,111,1.3333,r,r,r,r,r,r,B3,r,r,r,r,r,r,F5,D5,B3,r,r
164.75,164.75,111,1.5,r,r,r,r,r,r,B3,r,r,r,r,r,r,E5,C#5,B3,r,r
165.0,165.0,111,1.6667,r,r,r,r,r,r,B3,G2,r,r,r,r,r,F5,D5,B3,G2,G1
165.25,165.25,111,1.8333,r,r,r,r,r,r,B3,G2,r,r,r,r,r,G5,E5,B3,G2,G1
165.5,165.5,112,1.0,r,r,G5,r,r,r,C4,C3,r,r,r,r,r,E5,C5,C4,C3,C2
165.75,165.75,112,1.1667,r,r,G5,r,r,r,C4,C3,r,r,r,r,r,E5,C5,C4,C3,C2
165.875,165.875,112,1.25,r,r,G5,r,r,r,C4,C3,r,r,r,r,r,F5,C5,C4,C3,C2
166.0,166.0,112,1.3333,r,r,G5,r,r,r,C4,C3,r,r,r,r,r,G5,r,C4,C3,C2
166.25,166.25,112,1.5,r,r,G5,r,r,r,C4,C3,r,r,r,r,r,E5,E4,C4,C3,C2
166.375,166.375,112,1.5833,r,r,G5,r,r,r,B3,C3,r,r,r,r,r,E5,F4,B-3,C3,C2
166.5,166.5,112,1.6667,r,r,G5,r,r,r,C4,C3,r,r,r,r,r,C5,G4,C4,C3,C2
166.75,166.75,112,1.8333,r,r,G5,r,r,r,C4,C3,r,r,r,r,r,C5,E4,C4,C3,C2
166.875,166.875,112,1.9167,r,r,G5,r,r,r,D4,C3,r,r,r,r,r,C5,E4,D4,C3,C2
167.0,167.0,113,1.0,r,r,G5,r,r,r,B-3,E3,r,r,r,r,r,r,C4,B-3,E3,E2
167.25,167.25,113,1.1667,r,r,G5,r,r,r,B-3,E3,r,r,r,r,r,G5,C4,B-3,E3,E2
167.375,167.375,113,1.25,r,r,G5,r,r,r,B-3,E3,r,r,r,r,r,A5,C4,B-3,E3,E2
167.5,167.5,113,1.3333,r,r,E5,r,r,r,B-3,E3,r,r,r,r,r,B-5,r,B-3,E3,E2
167.75,167.75,113,1.5,r,r,E5,r,r,r,B-3,E3,r,r,r,r,r,G5,C4,B-3,E3,E2
167.875,167.875,113,1.5833,r,r,E5,r,r,r,A3,E3,r,r,r,r,r,G5,C4,A3,E3,E2
168.0,168.0,113,1.6667,r,r,C5,C5,r,r,B-3,G3,C4,C4,r,r,r,E5,C5,B-3,G3,G2
168.25,168.25,113,1.8333,r,r,C5,C5,r,r,B-3,G3,C4,C4,r,r,r,E5,E4,B-3,G3,G2
168.375,168.375,113,1.9167,r,r,C5,C5,r,r,C4,G3,C4,C4,r,r,r,E5,E4,C4,G3,G2
168.5,168.5,114,1.0,r,r,F5,A4,r,r,A3,F3,F4,A3,r,r,r,F4,F4,A3,F3,F2
168.75,168.75,114,1.1667,r,r,F5,A4,r,r,A3,A3,F4,A3,r,r,r,F4,F4,A4,A3,A2
168.875,168.875,114,1.25,r,r,F5,A4,r,r,A3,B-3,F4,A3,r,r,r,F4,F4,B-4,B-3,B-2
169.0,169.0,114,1.3333,r,r,F5,A4,r,r,r,C4,F4,A3,r,r,r,F5,A4,C5,C4,C3
169.25,169.25,114,1.5,r,r,F5,A4,r,r,r,B-3,F4,A3,r,r,r,F5,A4,B-4,B-3,B-2
169.5,169.5,114,1.6667,C6,r,F5,A4,F4,C4,r,A3,F4,A3,r,r,r,r,r,A4,A3,A2
169.75,169.75,114,1.8333,C6,r,F5,A4,F4,C4,r,G3,F4,A3,r,r,r,r,r,G4,G3,G2
170.0,170.0,115,1.0,F6,r,A5,F5,A4,F4,C4,F3,A4,F4,r,r,r,r,r,F4,F3,F2
170.25,170.25,115,1.1667,F6,r,A5,F5,A4,F4,C4,E3,A4,F4,r,r,r,r,r,E4,E3,E2
170.5,170.5,115,1.3333,F6,r,A5,F5,A4,F4,C4,D3,A4,F4,r,r,r,A5,F5,D4,D3,D2
170.75,170.75,115,1.5,F6,r,A5,F5,A4,F4,C4,C3,A4,F4,r,r,r,A5,F5,C4,C3,C2
171.0,171.0,115,1.6667,F6,r,A5,F5,A4,F4,C4,B-2,C4,C3,r,r,r,r,r,B-3,B-2,B-1
171.25,171.25,115,1.8333,F6,r,A5,F5,A4,F4,C4,A2,C4,C3,r,r,r,r,r,A3,A2,A1
171.5,171.5,116,1.0,E6,r,B-5,E5,B-4,E4,B-3,G2,C4,C3,r,r,r,r,r,G3,G2,G1
171.75,171.75,116,1.1667,E6,r,B-5,E5,B-4,E4,B-3,F#2,C4,C3,r,r,r,r,r,F#3,F#2,F#1
172.0,172.0,116,1.3333,B-5,r,B-5,B-4,E4,B-3,G3,G2,C4,C3,r,r,r,B-5,E5,G3,G2,G1
172.25,172.25,116,1.5,B-5,r,B-5,B-4,E4,B-3,G3,A2,C4,C3,r,r,r,B-5,E5,A3,A2,A1
172.375,172.375,116,1.5833,A5,r,A5,B-4,E4,B-3,G3,A2,C4,C3,r,r,r,B-5,E5,A3,A2,A1
172.5,172.5,116,1.6667,G5,r,G5,B-4,E4,B-3,G3,B-2,C4,C3,r,r,r,r,r,B-3,B-2,B-1
172.75,172.75,116,1.8333,G5,r,G5,B-4,E4,B-3,G3,B2,C4,C3,r,r,r,r,r,B3,B2,B1
172.875,172.875,116,1.9167,F5,r,F5,B-4,E4,B-3,G3,B2,C4,C3,r,r,r,r,r,B3,B2,B1
173.0,173.0,117,1.0,E5,r,E5,B-4,E4,B-3,G3,C3,C4,C3,r,r,r,r,r,C4,C3,C2
173.25,173.25,117,1.1667,E5,r,E5,B-4,E4,B-3,G3,G3,C4,C3,r,r,r,r,r,G4,G3,G2
173.5,173.5,117,1.3333,E5,r,E5,G4,E4,G3,r,A3,C4,C3,r,r,r,E5,C5,A4,A3,A2
173.75,173.75,117,1.5,E5,r,E5,G4,E4,G3,r,B3,C4,C3,r,r,r,E5,C5,B4,B3,B2
174.0,174.0,117,1.6667,E5,r,E5,G4,E4,C4,C4,C4,C4,C3,r,r,r,r,r,C5,C4,C3
174.25,174.25,117,1.8333,E5,r,E5,G4,E4,C4,C4,B-3,C4,C3,r,r,r,r,r,B-4,B-3,B-2
174.5,174.5,118,1.0,F5,r,F5,C5,F4,C4,C4,A3,C4,C3,r,r,r,r,r,A4,A3,A2
174.75,174.75,118,1.1667,F5,r,F5,C5,F4,C4,C4,C3,C4,C3,r,r,r,C6,C5,C4,C3,C2
175.0,175.0,118,1.3333,G5,r,G5,E5,G4,E4,B-3,G3,C4,C3,r,r,r,C6,C5,G4,G3,G2
175.25,175.25,118,1.5,G5,r,G5,E5,G4,E4,B-3,C3,C4,C3,r,r,r,C6,C5,C4,C3,C2
175.5,175.5,118,1.6667,A5,r,A5,F5,A4,F4,A3,F3,C4,C3,r,r,r,C6,C5,F4,F3,F2
175.75,175.75,118,1.8333,A5,r,A5,F5,A4,F4,A3,C3,C4,C3,r,r,r,C6,C5,C4,C3,C2
176.0,176.0,119,1.0,B-5,r,B-5,G5,B-4,G4,B-3,G3,C4,C3,r,r,r,C6,C5,E4,E3,E2
176.25,176.25,119,1.1667,B-5,r,B-5,G5,B-4,G4,B-3,G3,C4,C3,r,r,r,C6,C5,G4,G3,G2
176.5,176.5,119,1.3333,B-5,r,B-5,G5,B-4,G4,G4,B-3,C4,C3,r,r,r,C6,C5,E4,E3,E2
176.75,176.75,119,1.5,C6,r,C6,G5,C5,G4,G4,B-3,C4,C3,r,r,r,C6,C5,C4,C3,C2
177.0,177.0,119,1.6667,A5,r,A5,F5,A4,F4,F4,A3,C4,C3,r,r,r,C6,C5,F4,F3,F2
177.25,177.25,119,1.8333,A5,r,A5,F5,A4,F4,F4,A3,C4,C3,r,r,r,C6,C5,A4,A3,A2
177.5,177.5,120,1.0,G5,r,G5,E5,G4,E4,E4,G3,C4,C3,r,r,r,C6,C5,C4,C3,C2
177.75,177.75,120,1.1667,G5,r,G5,E5,G4,E4,E4,G3,C4,C3,r,r,r,C6,C5,C4,C4,C3
178.0,178.0,120,1.3333,r,r,r,r,C5,C4,C4,C3,r,r,r,r,r,r,r,E4,C4,C3
178.25,178.25,120,1.5,r,r,r,r,C5,C4,C4,C3,r,r,r,r,r,r,r,C4,C4,C3
178.5,178.5,120,1.6667,G5,r,G5,E5,C5,C4,C4,C3,G4,C4,r,r,r,G5,G4,E4,B-3,B-2
178.75,178.75,120,1.8333,G5,r,G5,E5,C5,C4,C4,C3,G4,C4,r,r,r,G5,G4,C4,C4,C3
179.0,179.0,121,1.0,A5,r,A5,F5,C5,C4,C4,C3,A4,F4,r,r,r,A5,A4,F4,A3,A2
179.25,179.25,121,1.1667,A5,r,A5,F5,C5,C4,C4,C3,A4,F4,r,r,r,A5,A4,C4,C4,C3
179.5,179.5,121,1.3333,A5,r,r,r,C5,C4,C4,C3,r,r,r,r,r,A5,A4,F4,C4,C3
179.75,179.75,121,1.5,A5,r,r,r,C5,C4,C4,C3,r,r,r,r,r,A5,A4,C4,C4,C3
179.875,179.875,121,1.5833,F5,r,r,r,C5,C4,C4,C3,r,r,r,r,r,F5,F4,C4,C4,C3
180.0,180.0,121,1.6667,C6,r,A5,F5,C5,C4,C4,C3,A4,F4,r,r,r,C6,C5,F4,A3,A2
180.25,180.25,121,1.8333,C6,r,A5,F5,C5,C4,C4,C3,A4,F4,r,r,r,C6,C5,C4,F3,F2
180.375,180.375,121,1.9167,A5,r,A5,F5,C5,C4,C4,C3,A4,F4,r,r,r,A5,A4,C4,F3,F2
180.5,180.5,122,1.0,G5,r,G5,E5,C5,C4,C4,C3,G4,C4,r,r,r,G5,G4,E4,C3,C2
180.75,180.75,122,1.1667,G5,r,G5,E5,C5,C4,C4,C3,G4,C4,r,r,r,G5,G4,C4,C4,C3
181.0,181.0,122,1.3333,r,r,r,r,C5,C4,C4,C3,r,r,r,r,r,r,r,C4,C4,C3
181.25,181.25,122,1.5,r,r,r,r,C5,C4,C4,C3,r,r,r,r,r,r,r,C4,C4,C3
181.5,181.5,122,1.6667,G5,r,G5,E5,C5,C4,C4,C3,G4,C4,r,r,r,G5,G4,E4,B-3,B-2
181.75,181.75,122,1.8333,G5,r,G5,E5,C5,C4,C4,C3,G4,C4,r,r,r,G5,G4,C4,C4,C3
182.0,182.0,123,1.0,A5,r,A5,F5,C5,C4,C4,C3,A4,F4,r,r,r,A5,A4,F4,A3,A2
182.25,182.25,123,1.1667,A5,r,A5,F5,C5,C4,C4,C3,A4,F4,r,r,r,A5,A4,C4,C4,C3
182.5,182.5,123,1.3333,A5,r,r,r,C5,C4,C4,C3,r,r,r,r,r,A5,A4,F4,C4,C3
182.75,182.75,123,1.5,A5,r,r,r,C5,C4,C4,C3,r,r,r,r,r,A5,A4,C4,C4,C3
182.875,182.875,123,1.5833,F5,r,r,r,C5,C4,C4,C3,r,r,r,r,r,F5,F4,C4,C4,C3
183.0,183.0,123,1.6667,C6,r,A5,F5,C5,C4,C4,C3,A4,F4,r,r,r,C6,C5,F4,A3,A2
183.25,183.25,123,1.8333,C6,r,A5,F5,C5,C4,C4,C3,A4,F4,r,r,r,C6,C5,C4,F3,F2
183.375,183.375,123,1.9167,A5,r,A5,F5,C5,C4,C4,C3,A4,F4,r,r,r,A5,A4,C4,F3,F2
183.5,183.5,124,1.0,G5,r,G5,E5,C5,C4,C4,C3,G4,C4,r,r,r,G5,G4,E4,C3,C2
183.75,183.75,124,1.1667,G5,r,G5,E5,C5,C4,C4,C3,G4,C4,r,r,r,G5,G4,C4,C3,C2
184.0,184.0,124,1.3333,C6,r,r,r,C5,C4,C4,C3,r,r,r,r,r,C6,C5,E4,E3,E2
184.25,184.25,124,1.5,C6,r,r,r,C5,C4,C4,C3,r,r,r,r,r,C6,C5,C4,C3,C2
184.5,184.5,124,1.6667,C6,r,A5,F5,C5,C4,C4,C3,A4,F4,r,r,r,C6,C5,F4,F3,F2
184.75,184.75,124,1.8333,A5,r,A5,F5,C5,C4,C4,C3,A4,F4,r,r,r,A5,A4,A4,A3,A2
185.0,185.0,125,1.0,G5,r,G5,E5,C5,C4,C4,C3,G4,C4,r,r,r,G5,G4,C5,C4,C3
185.25,185.25,125,1.1667,G5,r,G5,E5,C5,C4,C4,C3,G4,C4,r,r,r,G5,G4,C4,C3,C2
185.5,185.5,125,1.3333,D6,r,D6,B-5,D5,B-4,D4,B-3,r,r,r,r,r,B-4,B-4,C4,C3,C2
185.75,185.75,125,1.5,C6,r,C6,A5,C5,A4,C4,A3,r,r,r,r,r,A4,A4,C4,C3,C2
186.0,186.0,125,1.6667,B-5,r,B-5,G5,B-4,G4,B-3,G3,A4,F4,r,r,r,G4,G4,F4,F3,F2
186.25,186.25,125,1.8333,A5,r,A5,F5,A4,F4,A3,F3,A4,F4,r,r,r,F4,F4,A4,A3,A2
186.5,186.5,126,1.0,G5,r,G5,E5,G4,E4,G3,E3,G4,C4,r,r,r,G4,E4,C5,C4,C3
187.0,187.0,126,1.3333,G5,r,G5,E5,G4,E4,G3,E3,G4,C4,r,r,r,G4,E4,C4,C3,C2
187.5,187.5,126,1.6667,G5,r,G5,E5,G4,E4,G3,E3,G4,C4,r,r,r,G4,E4,C4,C3,C2
188.0,188.0,127,1.0,G5,r,G5,E5,G4,E4,G3,E3,G4,C4,r,r,r,G4,E4,C4,C3,C2
189.0,189.0,127,1.6667,r,r,r,r,r,r,r,r,r,r,r,r,r,C5,r,r,r,r
189.5,189.5,128,1.0,r,r,r,r,r,r,r,r,r,r,r,r,r,A5,r,r,r,r
190.0,190.0,128,1.3333,r,r,r,r,r,r,r,r,r,r,r,r,r,r,r,r,F#4,r
190.5,190.5,128,1.6667,r,r,r,r,r,r,r,r,r,r,r,r,r,A5,F#5,C5,D4,r
191.0,191.0,129,1.0,r,r,r,r,r,r,r,r,r,r,r,r,r,B-5,G5,B-4,G4,r
191.5,191.5,129,1.3333,r,r,r,r,r,r,r,r,r,r,r,r,r,r,r,r,G3,r
192.0,192.0,129,1.6667,D6,r,r,r,r,r,r,r,r,r,r,r,r,D5,r,r,r,r
192.375,192.375,129,1.9167,B-5,r,r,r,r,r,r,r,r,r,r,r,r,B-4,r,r,r,r
192.5,192.5,130,1.0,G5,r,r,r,r,r,r,r,r,r,r,r,r,G4,r,r,r,r
193.0,193.0,130,1.3333,r,r,r,r,r,r,r,r,r,r,r,r,r,r,r,r,E4,r
193.5,193.5,130,1.6667,r,r,r,r,r,r,r,r,r,r,r,r,r,G5,E5,B-4,C4,r
194.0,194.0,131,1.0,r,r,r,r,r,r,r,r,r,r,r,r,r,A5,F5,A4,F4,r
194.5,194.5,131,1.3333,r,r,r,r,r,r,r,r,r,r,r,r,r,r,r,r,F3,r
195.0,195.0,131,1.6667,C6,r,r,r,r,r,r,r,r,r,r,r,r,C5,r,r,r,r
195.375,195.375,131,1.9167,A5,r,r,r,r,r,r,r,r,r,r,r,r,A4,r,r,r,r
195.5,195.5,132,1.0,F5,r,r,r,r,r,r,r,r,r,r,r,r,F4,C4,A3,A3,r
196.0,196.0,132,1.3333,r,r,r,r,r,r,r,r,r,r,r,r,r,F5,C5,A4,A4,r
196.5,196.5,132,1.6667,r,r,r,r,r,r,r,r,r,r,r,r,r,F5,C5,A4,A4,r
197.0,197.0,133,1.0,r,r,r,r,r,r,r,r,r,r,r,r,r,F5,C5,A4,A4,r
197.5,197.5,133,1.3333,r,r,r,r,r,r,r,r,r,r,r,r,r,E5,B-4,G4,G4,r
198.0,198.0,133,1.6667,r,r,r,r,r,r,r,r,r,r,r,r,r,F5,A4,F4,F4,r
198.5,198.5,134,1.0,r,r,r,r,r,r,r,r,r,r,r,r,r,G5,C5,E4,E4,r
199.0,199.0,134,1.3333,r,r,r,r,r,r,r,r,r,r,r,r,r,B-5,G5,C4,C4,r
199.5,199.5,134,1.6667,r,r,r,r,r,r,r,r,r,r,r,r,r,B-5,G5,F4,F4,r
199.625,199.625,134,1.75,r,r,r,r,r,r,r,r,r,r,r,r,r,A5,F5,F4,F4,r
199.75,199.75,134,1.8333,r,r,r,r,r,r,r,r,r,r,r,r,r,G5,E5,F4,F4,r
199.875,199.875,134,1.9167,r,r,r,r,r,r,r,r,r,r,r,r,r,A5,F5,F4,F4,r
200.0,200.0,135,1.0,r,r,r,r,r,r,r,r,r,r,r,r,r,G5,E5,C4,C4,r
200.5,200.5,135,1.3333,r,r,r,r,r,r,r,r,r,r,r,r,r,r,r,C3,C3,r
201.0,201.0,135,1.6667,C5,r,r,r,r,r,r,r,r,r,r,r,r,r,C4,r,r,r
201.5,201.5,136,1.0,A5,r,r,r,r,r,r,r,r,r,r,r,r,C6,A4,r,r,r
201.75,201.75,136,1.1667,A5,r,r,r,r,r,r,r,r,r,r,r,r,A5,A4,r,r,r
202.0,202.0,136,1.3333,r,r,r,r,r,r,r,r,r,r,r,r,r,F#5,r,r,F#3,F#2
202.25,202.25,136,1.5,r,r,r,r,r,r,r,r,r,r,r,r,r,D5,r,r,F#3,F#2
202.5,202.5,136,1.6667,A5,r,F#5,r,r,r,D4,C4,r,r,r,r,r,C5,A4,r,D3,D2
202.75,202.75,136,1.8333,A5,r,F#5,r,r,r,D4,C4,r,r,r,r,r,A4,A4,r,D3,D2
203.0,203.0,137,1.0,B-5,r,G5,r,r,r,D4,B-3,r,r,r,r,r,B-4,B-4,r,G3,G2
203.25,203.25,137,1.1667,B-5,r,G5,r,r,r,D4,B-3,r,r,r,r,r,G4,B-4,r,G3,G2
203.5,203.5,137,1.3333,D6,r,D5,r,r,r,r,r,r,r,r,r,r,D5,r,B-3,G2,G1
203.75,203.75,137,1.5,C#6,r,C#5,r,r,r,r,r,r,r,r,r,r,C#5,r,B-3,G2,G1
204.0,204.0,137,1.6667,D6,r,D5,r,r,r,r,r,r,r,r,r,r,D5,r,G3,r,r
204.25,204.25,137,1.8333,B-5,r,B-4,r,r,r,r,r,r,r,r,r,r,B-4,r,G3,r,r
204.5,204.5,138,1.0,G5,r,G4,E4,G4,E4,r,r,G4,C4,r,r,r,B-5,G4,C4,r,r
204.75,204.75,138,1.1667,G5,r,G4,E4,G4,E4,r,r,G4,C4,r,r,r,G5,G4,C4,r,r
205.0,205.0,138,1.3333,r,r,r,r,r,r,r,r,r,r,r,r,r,E5,r,C3,E3,E2
205.25,205.25,138,1.5,r,r,r,r,r,r,r,r,r,r,r,r,r,C5,r,C3,E3,E2
205.5,205.5,138,1.6667,G5,r,E5,G4,G4,E4,C4,B-3,G4,C4,r,r,r,B-4,G4,r,C3,C2
205.75,205.75,138,1.8333,G5,r,E5,G4,G4,E4,C4,B-3,G4,C4,r,r,r,G4,G4,r,C3,C2
206.0,206.0,139,1.0,A5,r,F5,A4,A4,F4,C4,A3,A4,F4,r,r,r,A4,A4,r,F3,F2
206.25,206.25,139,1.1667,A5,r,F5,A4,A4,F4,C4,A3,A4,F4,r,r,r,F4,A4,r,F3,F2
206.5,206.5,139,1.3333,C6,r,r,r,C5,r,C4,r,r,r,r,r,r,C5,r,F4,F2,F1
206.75,206.75,139,1.5,B5,r,r,r,B4,r,B3,r,r,r,r,r,r,B4,r,F4,F2,F1
207.0,207.0,139,1.6667,C6,r,r,r,C5,r,C4,r,r,r,r,r,r,C5,r,C4,r,r
207.25,207.25,139,1.8333,A5,r,r,r,A4,r,A3,r,r,r,r,r,r,A4,r,C4,r,r
207.5,207.5,140,1.0,F5,r,r,r,F4,F4,F3,r,r,r,r,r,r,F4,C4,A3,A2,A1
207.75,207.75,140,1.1667,F5,r,r,r,F4,F4,F3,r,r,r,r,r,r,F4,E-4,A3,A2,A1
208.0,208.0,140,1.3333,F5,r,r,r,C5,C5,F4,r,r,r,r,r,r,F5,C4,A3,A3,A2
208.25,208.25,140,1.5,F5,r,r,r,C5,C5,F4,r,r,r,r,r,r,F5,E-4,A3,A3,A2
208.5,208.5,140,1.6667,F#5,r,r,r,E-5,C5,F#4,C4,r,r,r,r,r,F#5,C4,A3,A3,A2
208.75,208.75,140,1.8333,F#5,r,r,r,E-5,C5,F#4,C4,r,r,r,r,r,F#5,E-4,A3,A3,A2
209.0,209.0,141,1.0,G5,r,r,r,D5,B-4,G4,D4,r,r,r,r,r,G5,D4,B-3,B-3,B-2
209.25,209.25,141,1.1667,A5,r,r,r,D5,B-4,G4,D4,r,r,r,r,r,A5,A4,B-3,B-3,B-2
209.5,209.5,141,1.3333,B-5,r,r,r,r,r,r,r,r,r,r,r,r,B-5,B-4,B-3,B-3,B-2
209.75,209.75,141,1.5,C6,r,r,r,r,r,r,r,r,r,r,r,r,C6,C5,B-3,B-3,B-2
210.0,210.0,141,1.6667,C#6,r,r,r,r,r,r,r,r,r,r,r,r,C#6,C#5,r,r,r
210.25,210.25,141,1.8333,D6,r,r,r,r,r,r,r,r,r,r,r,r,D6,D5,r,r,r
210.5,210.5,142,1.0,F5,r,r,r,r,r,r,r,F4,A3,r,r,r,F5,A4,r,r,r
210.75,210.75,142,1.1667,F5,r,r,r,r,r,r,r,F4,A3,r,r,r,F5,F4,r,r,r
211.0,211.0,142,1.3333,F5,r,r,r,A4,F4,C4,A3,F4,A3,r,r,r,F5,C4,C4,C4,C3
211.25,211.25,142,1.5,F5,r,r,r,A4,F4,C4,A3,F4,A3,r,r,r,F5,A3,C4,C4,C3
211.5,211.5,142,1.6667,G5,r,r,r,B-4,E4,C4,B-3,G4,C4,r,r,r,G5,B-3,C3,C3,C2
211.75,211.75,142,1.8333,G5,r,r,r,B-4,E4,C4,B-3,G4,C4,r,r,r,G5,C4,C3,C3,C2
211.875,211.875,142,1.9167,E5,r,r,r,B-4,E4,C4,B-3,G4,C4,r,r,r,E5,C4,C3,C3,C2
212.0,212.0,143,1.0,F5,r,r,r,A4,F4,C4,A3,F4,A3,r,r,r,F5,A3,F3,F3,F2
212.375,212.375,143,1.25,F5,r,r,r,A4,F4,C4,A3,F4,A3,r,r,r,C6,A3,F3,F3,F2
212.5,212.5,143,1.3333,r,r,r,r,r,r,r,r,r,r,r,r,r,C6,r,r,r,r
212.875,212.875,143,1.5833,r,r,r,r,r,r,r,r,r,r,r,r,r,C6,E5,G4,B-3,r
213.0,213.0,143,1.6667,r,r,r,r,r,r,r,r,r,r,r,r,r,C6,F5,A4,A3,r
213.375,213.375,143,1.9167,r,r,r,r,r,r,r,r,r,r,r,r,r,C6,G5,B-4,E3,r
213.5,213.5,144,1.0,r,r,r,r,r,r,r,r,r,r,r,r,r,C6,F5,A4,F3,r
213.875,213.875,144,1.25,r,r,r,r,r,r,r,r,r,r,r,r,r,A5,F5,A4,F3,r
214.0,214.0,144,1.3333,r,r,r,r,r,r,r,r,r,r,r,r,r,A5,r,r,r,r
214.375,214.375,144,1.5833,r,r,r,r,r,r,r,r,r,r,r,r,r,A5,E5,C#5,G4,r
214.5,214.5,144,1.6667,r,r,r,r,r,r,r,r,r,r,r,r,r,A5,F5,D5,F4,r
214.875,214.875,144,1.9167,r,r,r,r,r,r,r,r,r,r,r,r,r,A5,G5,E5,C#4,r
215.0,215.0,145,1.0,r,r,r,r,r,r,r,r,r,r,r,r,r,A5,F5,D5,D4,r
215.375,215.375,145,1.25,r,r,r,r,r,r,r,r,r,r,r,r,r,F5,F5,D5,D4,r
215.5,215.5,145,1.3333,r,r,r,r,r,r,r,r,r,r,r,r,r,F5,r,r,r,r
215.875,215.875,145,1.5833,r,r,r,r,r,r,r,r,r,r,r,r,r,F5,C5,A4,E-4,r
216.0,216.0,145,1.6667,r,r,r,r,r,r,r,r,r,r,r,r,r,F5,D5,B-4,D4,r
216.25,216.25,145,1.8333,r,r,r,r,r,r,r,r,r,r,r,r,r,F#5,D5,B-4,D4,r
216.375,216.375,145,1.9167,r,r,r,r,r,r,r,r,r,r,r,r,r,F#5,E-5,C5,A3,r
216.5,216.5,146,1.0,r,r,r,r,r,r,r,r,r,r,r,r,r,G5,D5,B-4,B-3,r
216.6667,216.6667,146,1.1111,r,r,r,r,r,r,r,r,r,r,r,r,r,B-5,D5,B-4,B-3,r
216.8333,216.8333,146,1.2222,r,r,r,r,r,r,r,r,r,r,r,r,r,B-5,D5,B-4,B-3,r
216.875,216.875,146,1.25,r,r,r,r,r,r,r,r,r,r,r,r,r,r,B-4,G4,G3,r
217.0,217.0,146,1.3333,r,r,r,r,r,r,r,r,r,r,r,r,r,F5,A4,F4,C4,r
217.5,217.5,146,1.6667,r,r,r,r,r,r,r,r,r,r,r,r,r,E5,B-4,G4,C3,r
218.0,218.0,147,1.0,F5,r,F5,F4,F4,F4,F3,F3,F4,F3,r,r,r,F5,A4,F4,F3,r
218.375,218.375,147,1.25,C6,r,C6,C5,C5,C4,C4,C3,C5,C4,r,r,r,F5,A4,F4,F3,r
218.5,218.5,147,1.3333,C6,r,C6,C5,C5,C4,C4,C3,C5,C4,r,r,r,r,r,r,r,r
218.875,218.875,147,1.5833,C6,r,C6,C5,C5,C4,C4,C3,C5,C4,r,r,r,G5,E4,C4,B-3,B-2
219.0,219.0,147,1.6667,C6,r,C6,C5,C5,C4,C4,C3,C5,C4,r,r,r,A5,F4,C4,A3,A2
219.375,219.375,147,1.9167,C6,r,C6,C5,C5,C4,C4,C3,C5,C4,r,r,r,B-5,G4,C4,E3,E2
219.5,219.5,148,1.0,C6,r,C6,C5,C5,C4,C4,C3,C5,C4,r,r,r,A5,F4,C4,F3,F2
219.875,219.875,148,1.25,A5,r,A5,A4,A4,A3,C4,C3,A4,A3,r,r,r,A5,F4,C4,F3,F2
220.0,220.0,148,1.3333,A5,r,A5,A4,A4,A3,r,r,A4,A3,r,r,r,r,r,r,r,r
220.375,220.375,148,1.5833,A5,r,A5,A4,A4,A3,E4,C#4,A4,A3,r,r,r,E5,C#4,A3,G3,G2
220.5,220.5,148,1.6667,A5,r,A5,A4,A4,A3,F4,D4,A4,A3,r,r,r,F5,D4,A4,F3,F2
220.875,220.875,148,1.9167,A5,r,A5,A4,A4,A3,G4,E4,A4,A3,r,r,r,G5,E4,A4,C#3,C#2
221.0,221.0,149,1.0,A5,r,A5,A4,A4,A3,F4,D4,A4,A3,r,r,r,F5,D4,A4,D3,D2
221.375,221.375,149,1.25,A5,r,A5,A4,A4,A3,F4,D4,A4,A3,r,r,r,F5,D4,A4,D3,D2
221.5,221.5,149,1.3333,A5,r,A5,A4,A4,A3,r,r,A4,A3,r,r,r,r,r,r,r,r
221.875,221.875,149,1.5833,A5,r,A5,A4,A4,A3,E4,C#4,A4,A3,r,r,r,E5,C#5,A4,G3,G2
222.0,222.0,149,1.6667,A5,r,A5,A4,A4,A3,F4,D4,A4,A3,r,r,r,F5,D5,A4,F3,F2
222.375,222.375,149,1.9167,A5,r,A5,A4,A4,A3,G4,E4,A4,A3,r,r,r,G5,E5,A4,C#3,C#2
222.5,222.5,150,1.0,A5,r,A5,A4,A4,A3,F4,D4,A4,A3,r,r,r,F5,D5,A4,D3,D2
223.0,223.0,150,1.3333,A5,r,E-5,A4,C5,A4,F4,E-4,F4,F3,r,r,r,A5,E-5,F4,C4,C3
224.0,224.0,151,1.0,B-5,r,D5,B-4,D5,B-4,F4,D4,F4,F3,r,r,r,B-5,D5,F4,B-3,B-2
224.5,224.5,151,1.3333,B5,r,F5,B4,D5,B4,F4,G3,r,r,r,r,r,B5,F5,D5,G3,G2
225.5,225.5,152,1.0,C6,r,E5,C5,E5,C5,E4,C4,r,r,r,r,r,C6,E5,G4,C4,C3
226.0,226.0,152,1.3333,C#6,r,G5,C#5,E5,C#5,G4,A3,r,r,r,r,r,C#6,G5,E4,A3,A2
227.0,227.0,153,1.0,D6,r,G5,D5,D5,D5,G4,B-3,r,r,r,r,r,D6,G5,D4,B-3,B-2
227.1667,227.1667,153,1.1111,B-5,r,G5,D5,D5,D5,G4,B-3,r,r,r,r,r,B-5,D5,G4,B-3,B-2
227.3333,227.3333,153,1.2222,B-5,r,G5,D5,D5,D5,G4,B-3,r,r,r,r,r,B-5,D5,G4,B-3,B-2
227.5,227.5,153,1.3333,F5,r,C5,A4,A4,F4,C4,C4,F4,A3,r,r,r,F5,A4,C5,C4,C3
228.0,228.0,153,1.6667,E5,r,C5,B-4,B-4,G4,C3,C3,G4,C4,r,r,r,E5,B-4,C4,C3,C2
228.5,228.5,154,1.0,F5,r,C5,A4,A4,F4,F3,F3,F4,A3,r,r,C3,F5,A4,C4,F3,F2
228.875,228.875,154,1.25,F5,r,C5,A4,A4,F4,F3,F3,F4,A3,r,r,C3,F5,A4,C4,F3,F2
229.0,229.0,154,1.3333,r,r,r,r,r,r,r,r,C4,C3,C5,C4,C3,r,r,r,r,r
229.375,229.375,154,1.5833,r,r,r,r,r,r,r,r,C4,C3,C5,C4,C3,r,r,r,r,r
229.5,229.5,154,1.6667,r,r,r,r,r,r,r,r,C4,C3,C5,C4,C3,r,r,r,r,r
229.875,229.875,154,1.9167,r,r,r,r,r,r,r,r,C4,C3,C5,C4,C3,r,r,r,r,r
230.0,230.0,155,1.0,r,r,r,r,r,r,r,r,C4,C3,C5,C4,C3,B-5,E4,B-3,C3,C2
230.1667,230.1667,155,1.1111,r,r,r,r,r,r,r,r,C4,C3,C5,C4,C3,D6,E4,B-3,C3,C2
230.3333,230.3333,155,1.2222,r,r,r,r,r,r,r,r,C4,C3,C5,C4,C3,D6,E4,B-3,C3,C2
230.375,230.375,155,1.25,r,r,r,r,r,r,r,r,C4,C3,C5,C4,C3,r,E4,B-3,C3,C2
230.5,230.5,155,1.3333,r,r,B-5,E5,E5,B-4,G4,C4,C4,C3,C5,C4,C3,B-5,r,r,r,r
230.6667,230.6667,155,1.4444,r,r,B-5,E5,E5,B-4,G4,C4,C4,C3,C5,C4,C3,A5,r,r,r,r
230.8333,230.8333,155,1.5556,r,r,B-5,E5,E5,B-4,G4,C4,C4,C3,C5,C4,C3,A5,r,r,r,r
230.875,230.875,155,1.5833,r,r,B-5,E5,E5,B-4,G4,C4,C4,C3,C5,C4,C3,r,r,r,r,r
231.0,231.0,155,1.6667,r,r,r,r,r,r,r,r,r,r,C5,C4,C3,F5,E4,B-3,C3,C2
231.1667,231.1667,155,1.7778,r,r,r,r,r,r,r,r,r,r,C5,C4,C3,E5,E4,B-3,C3,C2
231.3333,231.3333,155,1.8889,r,r,r,r,r,r,r,r,r,r,C5,C4,C3,E5,E4,B-3,C3,C2
231.375,231.375,155,1.9167,r,r,r,r,r,r,r,r,r,r,C5,C4,C3,r,E4,B-3,C3,C2
231.5,231.5,156,1.0,r,r,A5,F5,F5,A4,F4,C4,C4,C3,C5,C4,C3,F5,r,r,r,r
231.6667,231.6667,156,1.1111,r,r,A5,F5,F5,A4,F4,C4,C4,C3,C5,C4,C3,A5,r,r,r,r
231.8333,231.8333,156,1.2222,r,r,A5,F5,F5,A4,F4,C4,C4,C3,C5,C4,C3,A5,r,r,r,r
231.875,231.875,156,1.25,r,r,A5,F5,F5,A4,F4,C4,C4,C3,C5,C4,C3,r,r,r,r,r
232.0,232.0,156,1.3333,F6,r,r,r,r,r,r,r,r,r,C5,C4,C3,F5,F4,C4,C3,C2
232.1667,232.1667,156,1.4444,E6,r,r,r,r,r,r,r,r,r,C5,C4,C3,E5,F4,C4,C3,C2
232.3333,232.3333,156,1.5556,E6,r,r,r,r,r,r,r,r,r,C5,C4,C3,E5,F4,C4,C3,C2
232.375,232.375,156,1.5833,r,r,r,r,r,r,r,r,r,r,C5,C4,C3,r,F4,C4,C3,C2
232.5,232.5,156,1.6667,C6,r,A5,F5,F5,A4,F4,C4,C4,C3,C5,C4,C3,C5,r,r,r,r
232.6667,232.6667,156,1.7778,B5,r,A5,F5,F5,A4,F4,C4,C4,C3,C5,C4,C3,B4,r,r,r,r
232.8333,232.8333,156,1.8889,B5,r,A5,F5,F5,A4,F4,C4,C4,C3,C5,C4,C3,B4,r,r,r,r
232.875,232.875,156,1.9167,r,r,A5,F5,F5,A4,F4,C4,C4,C3,C5,C4,C3,r,r,r,r,r
233.0,233.0,157,1.0,C6,r,r,r,r,r,r,r,r,r,C5,C4,C3,C5,G4,E4,C3,C2
233.1667,233.1667,157,1.1111,B5,r,r,r,r,r,r,r,r,r,C5,C4,C3,B4,G4,E4,C3,C2
233.3333,233.3333,157,1.2222,B5,r,r,r,r,r,r,r,r,r,C5,C4,C3,B4,G4,E4,C3,C2
233.375,233.375,157,1.25,r,r,r,r,r,r,r,r,r,r,C5,C4,C3,r,G4,E4,C3,C2
233.5,233.5,157,1.3333,C6,r,E5,C5,C5,G4,E4,B-3,C4,C3,C5,C4,C3,C5,r,r,r,r
233.6667,233.6667,157,1.4444,D6,r,E5,C5,C5,G4,E4,B-3,C4,C3,C5,C4,C3,D5,r,r,r,r
233.8333,233.8333,157,1.5556,D6,r,E5,C5,C5,G4,E4,B-3,C4,C3,C5,C4,C3,D5,r,r,r,r
233.875,233.875,157,1.5833,r,r,E5,C5,C5,G4,E4,B-3,C4,C3,C5,C4,C3,r,r,r,r,r
234.0,234.0,157,1.6667,B-5,r,r,r,r,r,r,r,r,r,C5,C4,C3,B-4,G4,E4,C3,C2
234.1667,234.1667,157,1.7778,A5,r,r,r,r,r,r,r,r,r,C5,C4,C3,A4,G4,E4,C3,C2
234.3333,234.3333,157,1.8889,A5,r,r,r,r,r,r,r,r,r,C5,C4,C3,A4,G4,E4,C3,C2
234.375,234.375,157,1.9167,r,r,r,r,r,r,r,r,r,r,C5,C4,C3,r,G4,E4,C3,C2
234.5,234.5,158,1.0,F5,r,F5,A4,C5,F4,F4,A3,C4,C3,C5,C4,C3,F4,r,r,r,r
234.6667,234.6667,158,1.1111,A5,r,F5,A4,C5,F4,F4,A3,C4,C3,C5,C4,C3,A4,r,r,r,r
234.8333,234.8333,158,1.2222,A5,r,F5,A4,C5,F4,F4,A3,C4,C3,C5,C4,C3,A4,r,r,r,r
234.875,234.875,158,1.25,r,r,F5,A4,C5,F4,F4,A3,C4,C3,C5,C4,C3,r,r,r,r,r
235.0,235.0,158,1.3333,C6,r,r,r,r,r,r,r,r,r,C5,C4,C3,C5,A4,F4,C3,C2
235.1667,235.1667,158,1.4444,D6,r,r,r,r,r,r,r,r,r,C5,C4,C3,D5,A4,F4,C3,C2
235.3333,235.3333,158,1.5556,D6,r,r,r,r,r,r,r,r,r,C5,C4,C3,D5,A4,F4,C3,C2
235.375,235.375,158,1.5833,r,r,r,r,r,r,r,r,r,r,C5,C4,C3,r,A4,F4,C3,C2
235.5,235.5,158,1.6667,F6,r,F5,A4,C5,F4,F4,A3,C4,C3,C5,C4,C3,F5,r,r,r,r
235.6667,235.6667,158,1.7778,F6,r,F5,A4,C5,F4,F4,A3,C4,C3,C5,C4,C3,G5,r,r,r,r
235.8333,235.8333,158,1.8889,F6,r,F5,A4,C5,F4,F4,A3,C4,C3,C5,C4,C3,G5,r,r,r,r
235.875,235.875,158,1.9167,F6,r,F5,A4,C5,F4,F4,A3,C4,C3,C5,C4,C3,r,r,r,r,r
236.0,236.0,159,1.0,r,r,r,r,r,r,r,r,r,r,C5,C4,C3,B-5,E4,B-3,C3,C2
236.1667,236.1667,159,1.1111,r,r,r,r,r,r,r,r,r,r,C5,C4,C3,B-5,E4,B-3,C3,C2
236.3333,236.3333,159,1.2222,r,r,r,r,r,r,r,r,r,r,C5,C4,C3,B-5,E4,B-3,C3,C2
236.375,236.375,159,1.25,r,r,r,r,r,r,r,r,r,r,C5,C4,C3,r,E4,B-3,C3,C2
236.5,236.5,159,1.3333,r,r,B-5,E5,E5,B-4,G4,C4,C4,C3,C5,C4,C3,B-5,r,r,r,r
236.6667,236.6667,159,1.4444,r,r,B-5,E5,E5,B-4,G4,C4,C4,C3,C5,C4,C3,A5,r,r,r,r
236.8333,236.8333,159,1.5556,r,r,B-5,E5,E5,B-4,G4,C4,C4,C3,C5,C4,C3,A5,r,r,r,r
236.875,236.875,159,1.5833,r,r,B-5,E5,E5,B-4,G4,C4,C4,C3,C5,C4,C3,r,r,r,r,r
237.0,237.0,159,1.6667,r,r,r,r,r,r,r,r,r,r,C5,C4,C3,F5,E4,B-3,C3,C2
237.1667,237.1667,159,1.7778,r,r,r,r,r,r,r,r,r,r,C5,C4,C3,E5,E4,B-3,C3,C2
237.3333,237.3333,159,1.8889,r,r,r,r,r,r,r,r,r,r,C5,C4,C3,E5,E4,B-3,C3,C2
237.375,237.375,159,1.9167,r,r,r,r,r,r,r,r,r,r,C5,C4,C3,r,E4,B-3,C3,C2
237.5,237.5,160,1.0,F6,r,A5,F5,F5,A4,F4,C4,C4,C3,C5,C4,C3,F5,r,r,r,r
237.6667,237.6667,160,1.1111,F6,r,A5,F5,F5,A4,F4,C4,C4,C3,C5,C4,C3,F5,r,r,r,r
237.8333,237.8333,160,1.2222,F6,r,A5,F5,F5,A4,F4,C4,C4,C3,C5,C4,C3,F5,r,r,r,r
237.875,237.875,160,1.25,r,r,A5,F5,F5,A4,F4,C4,C4,C3,C5,C4,C3,r,r,r,r,r
238.0,238.0,160,1.3333,F6,r,r,r,r,r,r,r,r,r,C5,C4,C3,F5,F4,C4,C3,C2
238.1667,238.1667,160,1.4444,E6,r,r,r,r,r,r,r,r,r,C5,C4,C3,E5,F4,C4,C3,C2
238.3333,238.3333,160,1.5556,E6,r,r,r,r,r,r,r,r,r,C5,C4,C3,E5,F4,C4,C3,C2
238.375,238.375,160,1.5833,r,r,r,r,r,r,r,r,r,r,C5,C4,C3,r,F4,C4,C3,C2
238.5,238.5,160,1.6667,C6,r,A5,F5,F5,A4,F4,C4,C4,C3,C5,C4,C3,C5,r,r,r,r
238.6667,238.6667,160,1.7778,B5,r,A5,F5,F5,A4,F4,C4,C4,C3,C5,C4,C3,B4,r,r,r,r
238.8333,238.8333,160,1.8889,B5,r,A5,F5,F5,A4,F4,C4,C4,C3,C5,C4,C3,B4,r,r,r,r
238.875,238.875,160,1.9167,r,r,A5,F5,F5,A4,F4,C4,C4,C3,C5,C4,C3,r,r,r,r,r
239.0,239.0,161,1.0,C6,r,r,r,r,r,r,r,r,r,C5,C4,C3,C5,G4,E4,C3,C2
239.1667,239.1667,161,1.1111,B5,r,r,r,r,r,r,r,r,r,C5,C4,C3,B4,G4,E4,C3,C2
239.3333,239.3333,161,1.2222,B5,r,r,r,r,r,r,r,r,r,C5,C4,C3,B4,G4,E4,C3,C2
239.375,239.375,161,1.25,r,r,r,r,r,r,r,r,r,r,C5,C4,C3,r,G4,E4,C3,C2
239.5,239.5,161,1.3333,C6,r,E5,B-4,B-4,G4,E4,B-3,C4,C3,C5,C4,C3,C5,E4,B-3,C3,C2
239.6667,239.6667,161,1.4444,D6,r,E5,B-4,B-4,G4,E4,B-3,C4,C3,C5,C4,C3,D5,E4,B-3,C3,C2
239.8333,239.8333,161,1.5556,D6,r,E5,B-4,B-4,G4,E4,B-3,C4,C3,C5,C4,C3,D5,E4,B-3,C3,C2
239.875,239.875,161,1.5833,r,r,E5,B-4,B-4,G4,E4,B-3,C4,C3,C5,C4,C3,r,E4,B-3,C3,C2
240.0,240.0,161,1.6667,B-5,r,E5,B-4,B-4,G4,E4,B-3,C4,C3,C5,C4,C3,B-4,E4,B-3,C3,C2
240.1667,240.1667,161,1.7778,A5,r,E5,B-4,B-4,G4,E4,B-3,C4,C3,C5,C4,C3,A4,E4,B-3,C3,C2
240.3333,240.3333,161,1.8889,A5,r,E5,B-4,B-4,G4,E4,B-3,C4,C3,C5,C4,C3,A4,E4,B-3,C3,C2
240.375,240.375,161,1.9167,r,r,E5,B-4,B-4,G4,E4,B-3,C4,C3,C5,C4,C3,r,E4,B-3,C3,C2
240.5,240.5,162,1.0,F5,r,F5,A4,A4,F4,F4,A3,C4,F3,C5,C4,C3,F4,A3,A3,F3,F2
241.5,241.5,162,1.6667,r,r,r,r,r,r,r,r,r,r,r,r,r,C5,C4,r,r,r
242.0,242.0,163,1.0,r,r,r,r,r,r,r,r,r,r,r,r,r,F5,F4,r,r,r
243.0,243.0,163,1.6667,r,r,r,r,r,r,C3,r,r,r,r,r,r,C4,r,r,r,r
243.5,243.5,164,1.0,r,r,r,r,r,r,F3,r,r,r,r,r,r,F4,r,r,r,r
244.0,244.0,164,1.3333,r,r,r,r,r,r,F3,r,r,r,r,r,r,F4,r,r,r,r
244.5,244.5,164,1.6667,r,r,C6,r,r,r,F3,r,C4,C3,r,r,r,F4,r,C4,A3,A2
245.0,245.0,165,1.0,r,r,C6,r,r,r,A3,r,F4,F3,r,r,r,A4,r,A3,F3,F2
245.5,245.5,165,1.3333,r,r,C6,r,r,r,A3,r,F4,F3,r,r,r,A4,r,r,r,r
246.0,246.0,165,1.6667,r,r,A5,r,r,r,A3,F3,A4,A3,r,r,r,A4,F4,C4,F3,F2
246.375,246.375,165,1.9167,r,r,F5,r,r,r,A3,F3,A4,A3,r,r,r,A4,F4,C4,F3,F2
246.5,246.5,166,1.0,r,r,E5,C5,r,r,B-3,G3,C5,C4,r,r,r,B-4,G4,C4,C3,C2
247.0,247.0,166,1.3333,r,r,E5,C5,r,r,B-3,G3,C4,C3,r,r,r,B-4,G4,r,r,r
247.375,247.375,166,1.5833,r,r,F5,D5,r,r,A3,F3,C4,C3,r,r,r,A4,F4,r,r,r
247.5,247.5,166,1.6667,r,r,G5,E5,r,r,G3,E3,C4,C3,r,r,r,G4,E4,C4,C3,C2
247.875,247.875,166,1.9167,r,r,A5,F5,r,r,F3,D3,C4,C3,r,r,r,F4,D4,C4,C3,C2
248.0,248.0,167,1.0,r,r,B-5,G5,r,r,E3,C3,C4,C3,r,r,r,E4,C4,C4,C4,C3
248.25,248.25,167,1.1667,r,r,B-5,G5,r,r,E3,C3,C4,C3,r,r,r,C5,C4,C4,C4,C3
248.5,248.5,167,1.3333,r,r,B-5,G5,r,r,E3,C3,C4,C3,r,r,r,C5,C4,r,r,r
248.75,248.75,167,1.5,r,r,B-5,G5,r,r,E3,C3,C4,C3,r,r,r,C5,C4,r,r,r
249.0,249.0,167,1.6667,r,r,E5,C5,r,r,r,r,G4,C4,r,r,r,C5,C4,B-4,B-3,B-2
249.25,249.25,167,1.8333,r,r,E5,C5,r,r,r,r,G4,C4,r,r,r,C5,C4,B-4,B-3,B-2
249.5,249.5,168,1.0,r,r,F5,C5,r,r,r,r,F4,A3,r,r,r,C5,C4,A4,A3,A2
249.75,249.75,168,1.1667,r,r,F5,C5,r,r,r,r,F4,A3,r,r,r,C5,C4,A4,A3,A2
250.0,250.0,168,1.3333,r,r,G5,E5,r,r,r,r,G4,C4,r,r,r,C5,C4,G4,G3,G2
250.25,250.25,168,1.5,r,r,G5,E5,r,r,r,r,G4,C4,r,r,r,C5,C4,G4,G3,G2
250.5,250.5,168,1.6667,r,r,A5,F5,r,r,r,r,A4,F4,r,r,r,C5,C4,F4,F3,F2
250.75,250.75,168,1.8333,r,r,A5,F5,r,r,r,r,A4,F4,r,r,r,C5,C4,F4,F3,F2
251.0,251.0,169,1.0,r,r,B-5,G5,r,r,r,r,B-4,G4,r,r,r,C5,C4,E4,E3,E2
251.5,251.5,169,1.3333,r,r,B-5,G5,r,r,r,r,B-4,G4,r,r,r,C5,C4,C4,C3,C2
251.75,251.75,169,1.5,r,r,C6,G5,r,r,r,r,B-4,G4,r,r,r,C5,C4,C4,C3,C2
252.0,252.0,169,1.6667,r,r,A5,F5,r,r,r,r,A4,F4,r,r,r,C5,C4,F4,F3,F2
252.5,252.5,170,1.0,r,r,G5,E5,r,r,r,r,G4,C4,r,r,r,C5,C4,C4,C3,C2
253.0,253.0,170,1.3333,r,r,G5,E5,C5,r,C4,r,G4,C4,r,r,r,C5,C4,E4,C3,C2
253.5,253.5,170,1.6667,r,r,G5,E5,C5,r,C4,r,G4,C4,r,r,r,C5,C4,E4,C3,C2
254.0,254.0,171,1.0,r,r,G5,E5,C5,r,C4,r,G4,C4,r,r,r,C5,C4,E4,C3,C2
255.0,255.0,171,1.6667,r,r,r,r,C#5,r,C#4,r,r,r,r,r,r,C#5,C#4,r,r,r
255.25,255.25,171,1.8333,r,r,r,r,C#5,r,C#4,r,r,r,r,r,r,C#5,C#4,r,r,r
255.5,255.5,172,1.0,r,r,G5,D5,D5,G4,D4,r,r,r,r,r,r,D5,D4,B-4,B-3,B-2
256.0,256.0,172,1.3333,r,r,A5,F#5,A4,F#4,r,r,r,r,r,r,r,D5,D4,A4,A3,A2
256.5,256.5,172,1.6667,r,r,B-5,G5,B-4,G4,r,r,r,r,r,r,r,D5,D4,G4,G3,G2
257.0,257.0,173,1.0,r,r,C6,A5,C5,A4,r,r,r,r,r,r,r,D5,D4,F#4,F#3,F#2
257.5,257.5,173,1.3333,r,r,C6,A5,C5,A4,r,r,r,r,r,r,r,D5,D4,D4,D3,D2
257.75,257.75,173,1.5,r,r,D6,A5,D5,A4,r,r,r,r,r,r,r,D5,D4,D4,D3,D2
258.0,258.0,173,1.6667,r,r,B-5,G5,B-4,G4,r,r,r,r,r,r,r,D5,D4,G4,G3,G2
258.5,258.5,174,1.0,r,r,A5,F#5,A4,F#4,r,r,r,r,r,r,r,D5,D4,D4,D3,D2
259.0,259.0,174,1.3333,r,r,A5,F#5,D5,r,D4,D4,r,r,r,r,r,D5,D4,F#4,D3,D2
259.5,259.5,174,1.6667,r,r,A5,F#5,D5,r,D4,D4,r,r,r,r,r,D5,D4,F#4,D3,D2
260.0,260.0,175,1.0,r,r,A5,F#5,D5,D5,D4,D4,r,r,r,r,r,D5,D4,F#4,D3,D2
260.25,260.25,175,1.1667,r,r,A5,F#5,D5,D5,D4,D4,r,r,r,r,r,D5,D4,F#4,D3,D2
260.5,260.5,175,1.3333,r,r,r,r,E-5,E-5,E-4,E-4,r,r,r,r,r,E-5,E-4,r,r,r
260.75,260.75,175,1.5,r,r,r,r,E-5,E-5,E-4,E-4,r,r,r,r,r,E-5,E-4,r,r,r
261.0,261.0,175,1.6667,r,r,r,r,E5,E5,E4,E4,r,r,r,r,r,E5,E4,r,r,r
261.25,261.25,175,1.8333,r,r,r,r,E5,E5,E4,E4,r,r,r,r,r,E5,E4,r,r,r
261.5,261.5,176,1.0,B-5,r,B-4,F4,F5,B-4,F4,B-3,F4,F3,r,r,r,F5,F4,B-3,D4,D3
262.0,262.0,176,1.3333,C6,r,C5,A4,F5,C5,F4,C4,F4,F3,r,r,r,F5,F4,C4,C4,C3
262.5,262.5,176,1.6667,D6,r,D5,B-4,F5,D5,F4,D4,F4,F3,r,r,r,F5,F4,D4,B-3,B-2
263.0,263.0,177,1.0,E-6,r,E-5,C5,E-5,C5,E-4,C4,F4,F3,r,r,r,F5,F4,C4,A3,A2
263.5,263.5,177,1.3333,E-6,r,E-5,C5,E-5,C5,E-4,C4,F4,F3,r,r,r,F5,F4,A3,F3,F2
263.75,263.75,177,1.5,F6,r,F5,C5,F5,C5,F4,C4,F4,F3,r,r,r,F5,F4,A3,F3,F2
264.0,264.0,177,1.6667,D6,r,D5,B-4,D5,B-4,D4,B-3,F4,F3,r,r,r,D5,D4,F3,B-3,B-2
264.25,264.25,177,1.8333,D6,r,D5,B-4,D5,B-4,D4,B-3,F4,F3,r,r,r,D5,D4,F3,B-3,B-2
264.5,264.5,178,1.0,C6,r,C5,A4,C5,A4,C4,A3,r,r,r,r,r,D5,D4,A4,F#3,F#2
265.0,265.0,178,1.3333,C6,r,C5,A4,C5,A4,C4,A3,r,r,r,r,r,D5,D4,F#4,D3,D2
265.25,265.25,178,1.5,D6,r,D5,A4,D5,A4,D4,A3,r,r,r,r,r,D5,D4,F#4,D3,D2
265.5,265.5,178,1.6667,B5,r,B4,G4,B4,G4,B3,G3,r,r,r,r,r,D5,D4,D4,G3,G2
266.0,266.0,179,1.0,B-5,r,B-5,G5,B-4,G4,B-3,G3,C4,C3,r,r,r,C5,C4,G4,E3,E2
266.5,266.5,179,1.3333,B-5,r,B-5,G5,B-4,G4,B-3,G3,C4,C3,r,r,r,C5,C4,E4,C3,C2
266.75,266.75,179,1.5,C6,r,C6,G5,C5,G4,C4,G3,C4,C3,r,r,r,C5,C4,E4,C3,C2
267.0,267.0,179,1.6667,A5,r,A5,F5,A4,F4,A3,F3,C4,C3,r,r,r,C5,C4,C4,F3,F2
267.5,267.5,180,1.0,G5,r,G5,D5,G4,D4,D4,B-3,r,r,r,r,r,D5,D4,B-3,B-3,B-2
267.75,267.75,180,1.1667,G5,r,G5,D5,G4,D4,D4,B-3,r,r,r,r,r,G5,D4,B-3,B-3,B-2
268.0,268.0,180,1.3333,A5,r,A5,C5,A4,F#4,C4,A3,r,r,r,r,r,r,r,r,A3,A2
268.25,268.25,180,1.5,A5,r,A5,C5,A4,F#4,C4,A3,r,r,r,r,r,A5,F#4,C4,A3,A2
268.5,268.5,180,1.6667,B-5,r,B-5,B-4,B-4,G4,B-3,G3,r,r,r,r,r,r,r,r,G3,G2
268.75,268.75,180,1.8333,B-5,r,B-5,B-4,B-4,G4,B-3,G3,r,r,r,r,r,B-5,G4,D4,G3,G2
269.0,269.0,181,1.0,F5,r,F5,A4,A4,F4,A3,F3,A4,F4,r,r,C3,r,r,r,C4,C3
269.25,269.25,181,1.1667,F5,r,F5,A4,A4,F4,A3,F3,A4,F4,r,r,C3,C6,C5,A3,C4,C3
269.5,269.5,181,1.3333,F5,r,F5,A4,A4,F4,A3,F3,A4,F4,r,r,C3,A5,A4,C4,C3,C2
269.75,269.75,181,1.5,F5,r,F5,A4,A4,F4,A3,F3,A4,F4,r,r,C3,F5,F4,A3,C3,C2
270.0,270.0,181,1.6667,F5,r,F5,A4,A4,F4,A3,F3,A4,F4,r,r,C3,C5,C4,C4,C3,C2
270.25,270.25,181,1.8333,F5,r,F5,A4,A4,F4,A3,F3,A4,F4,r,r,C3,A4,A3,A3,C3,C2
270.5,270.5,182,1.0,F5,r,F5,A4,A4,F4,A3,F3,A4,F4,r,r,C3,F4,A3,C4,C3,C2
271.0,271.0,182,1.3333,G5,r,G5,B-4,B-4,G4,B-3,G3,B-4,G4,r,r,C3,G4,B-3,C3,C3,C2
271.5,271.5,182,1.6667,E5,r,E5,G4,G4,E4,G3,E3,G4,C4,r,r,C3,E4,G3,C3,C3,C2
272.0,272.0,183,1.0,F5,r,F5,A4,A4,F4,A3,F3,F4,A3,r,r,C3,F4,A3,F3,F2,F1
272.375,272.375,183,1.25,F5,r,F5,A4,A4,F4,A3,F3,F4,A3,r,r,C3,F4,F4,C4,F2,F1
272.5,272.5,183,1.3333,r,r,r,r,r,r,A3,F3,F4,A3,r,r,r,r,F4,C4,r,r
272.875,272.875,183,1.5833,r,r,r,r,r,r,A3,F3,F4,A3,r,r,r,r,F4,C4,r,r
273.0,273.0,183,1.6667,r,r,F5,A4,r,r,r,r,r,r,r,r,r,r,F4,C4,C4,C3
273.375,273.375,183,1.9167,r,r,F5,A4,r,r,r,r,r,r,r,r,r,r,F4,C4,C4,C3
273.5,273.5,184,1.0,r,r,A5,F5,r,r,r,r,A4,F4,r,r,r,r,F4,C4,A3,A2
273.875,273.875,184,1.25,r,r,A5,F5,r,r,r,r,A4,F4,r,r,r,r,F4,C4,A3,A2
274.0,274.0,184,1.3333,r,r,r,r,r,r,r,r,A4,F4,r,r,r,r,F4,C4,r,r
274.375,274.375,184,1.5833,r,r,r,r,r,r,r,r,A4,F4,r,r,r,r,F4,C4,r,r
274.5,274.5,184,1.6667,r,r,A5,F5,r,r,r,r,r,r,r,r,r,C5,F4,C4,F3,F2
274.875,274.875,184,1.9167,r,r,A5,F5,r,r,r,r,r,r,r,r,r,C5,F4,C4,F3,F2
275.0,275.0,185,1.0,r,r,B-5,E5,r,r,C4,C3,B-4,G4,r,r,r,B-5,E4,C4,C3,C2
275.375,275.375,185,1.25,r,r,B-5,E5,r,r,C4,C3,B-4,G4,r,r,r,B-5,E4,C4,C3,C2
275.5,275.5,185,1.3333,r,r,r,r,r,r,C4,C3,B-4,G4,r,r,r,B-5,E4,C4,r,r
275.875,275.875,185,1.5833,r,r,r,r,r,r,C4,C3,B-4,G4,r,r,r,A5,E4,C4,r,r
276.0,276.0,185,1.6667,r,r,B-5,E5,r,r,C4,C3,r,r,r,r,r,G5,E4,C4,E3,E2
276.375,276.375,185,1.9167,r,r,B-5,E5,r,r,C4,C3,r,r,r,r,r,F5,E4,C4,E3,E2
276.5,276.5,186,1.0,r,r,E5,B-4,r,r,C4,C3,G4,C4,r,r,r,E5,E4,C4,G3,G2
276.875,276.875,186,1.25,r,r,E5,B-4,r,r,C4,C3,G4,C4,r,r,r,D5,E4,C4,G3,G2
277.0,277.0,186,1.3333,r,r,r,r,B-4,G4,C4,C3,G4,C4,r,r,r,C5,E4,C4,r,r
277.375,277.375,186,1.5833,r,r,r,r,B-4,G4,C4,C3,G4,C4,r,r,r,B-4,E4,C4,r,r
277.5,277.5,186,1.6667,r,r,E5,B-4,B-4,G4,C4,C3,r,r,r,r,r,A4,E4,C4,C4,C3
277.875,277.875,186,1.9167,r,r,E5,B-4,B-4,G4,C4,C3,r,r,r,r,r,G4,E4,C4,C4,C3
278.0,278.0,187,1.0,r,r,F5,A4,A4,F4,C4,C3,F4,A3,r,r,r,F4,F4,C4,F3,F2
278.375,278.375,187,1.25,r,r,F5,A4,A4,F4,C4,C3,F4,A3,r,r,r,F4,F4,C4,F3,F2
278.5,278.5,187,1.3333,r,r,r,r,r,r,r,r,F4,A3,r,r,r,r,F4,C4,r,r
278.875,278.875,187,1.5833,r,r,r,r,r,r,r,r,F4,A3,r,r,r,r,F4,C4,r,r
279.0,279.0,187,1.6667,r,r,F5,A4,r,r,r,r,r,r,r,r,r,r,F4,C4,C4,C3
279.375,279.375,187,1.9167,r,r,F5,A4,r,r,r,r,r,r,r,r,r,r,F4,C4,C4,C3
279.5,279.5,188,1.0,r,r,A5,F5,r,r,r,r,A4,F4,r,r,r,r,F4,C4,A3,A2
279.875,279.875,188,1.25,r,r,A5,F5,r,r,r,r,A4,F4,r,r,r,r,F4,C4,A3,A2
280.0,280.0,188,1.3333,r,r,r,r,r,r,r,r,A4,F4,r,r,r,r,F4,C4,r,r
280.375,280.375,188,1.5833,r,r,r,r,r,r,r,r,A4,F4,r,r,r,r,F4,C4,r,r
280.5,280.5,188,1.6667,r,r,A5,F5,r,r,r,r,r,r,r,r,r,C5,F4,C4,F3,F2
280.875,280.875,188,1.9167,r,r,A5,F5,r,r,r,r,r,r,r,r,r,C5,F4,C4,F3,F2
281.0,281.0,189,1.0,r,r,B-5,E5,C5,C4,C4,C3,B-4,G4,r,r,r,B-5,E4,C4,C3,C2
281.375,281.375,189,1.25,r,r,B-5,E5,C5,C4,C4,C3,B-4,G4,r,r,r,B-5,E4,C4,C3,C2
281.5,281.5,189,1.3333,C5,r,r,r,C5,C4,C4,C3,B-4,G4,r,r,r,B-5,E4,C4,r,r
281.875,281.875,189,1.5833,D5,r,r,r,C5,C4,C4,C3,B-4,G4,r,r,r,A5,E4,C4,r,r
282.0,282.0,189,1.6667,E5,r,B-5,E5,C5,C4,C4,C3,r,r,r,r,r,G5,E4,C4,E3,E2
282.375,282.375,189,1.9167,F5,r,B-5,E5,C5,C4,C4,C3,r,r,r,r,r,F5,E4,C4,E3,E2
282.5,282.5,190,1.0,G5,r,E5,B-4,C5,C4,C4,C3,G4,C4,r,r,r,E5,E4,C4,G3,G2
282.875,282.875,190,1.25,A5,r,E5,B-4,C5,C4,C4,C3,G4,C4,r,r,r,D5,E4,C4,G3,G2
283.0,283.0,190,1.3333,B-5,r,r,r,B-4,G4,C4,C3,G4,C4,r,r,r,C5,E4,C4,r,r
283.375,283.375,190,1.5833,C6,r,r,r,B-4,G4,C4,C3,G4,C4,r,r,r,B-4,E4,C4,r,r
283.5,283.5,190,1.6667,D6,r,E5,B-4,B-4,G4,C4,C3,r,r,r,r,r,A4,E4,C4,C4,C3
283.875,283.875,190,1.9167,E6,r,E5,B-4,B-4,G4,C4,C3,r,r,r,r,r,G4,E4,C4,C4,C3
284.0,284.0,191,1.0,F6,r,F5,A4,A4,F4,C4,C3,F4,A3,r,r,r,F4,F4,C4,F3,F2
284.5,284.5,191,1.3333,r,r,r,r,r,r,r,r,r,r,r,r,r,C5,r,r,r,r
285.0,285.0,191,1.6667,r,r,r,r,r,r,r,r,G4,C4,r,r,r,r,r,r,r,r
285.5,285.5,192,1.0,r,r,r,r,r,r,r,r,A4,F4,r,r,r,r,r,r,r,r
286.0,286.0,192,1.3333,r,r,r,r,r,r,r,r,r,r,r,r,r,C5,r,r,r,r
286.5,286.5,192,1.6667,r,r,r,r,r,r,r,r,G4,C4,r,r,r,r,r,r,r,r
287.0,287.0,193,1.0,r,r,r,r,r,r,r,r,F4,A3,r,r,r,r,r,r,r,r
287.5,287.5,193,1.3333,C6,r,r,r,r,r,r,r,r,r,r,r,r,r,C5,r,r,r
288.0,288.0,193,1.6667,r,r,G5,E5,r,r,r,r,G4,C4,r,r,r,r,r,r,r,r
288.5,288.5,194,1.0,r,r,A5,F5,r,r,r,r,A4,F4,r,r,r,r,r,r,r,r
289.0,289.0,194,1.3333,C6,r,r,r,r,r,r,r,r,r,r,r,r,r,C5,r,r,r
289.5,289.5,194,1.6667,E6,r,B-5,E5,E5,B-4,B-3,G3,G4,C4,r,r,r,B-5,E5,C4,C3,C2
290.0,290.0,195,1.0,F6,r,A5,F5,F5,A4,A3,F3,F4,A3,r,r,r,A5,F5,F4,F3,F2
290.5,290.5,195,1.3333,F5,r,F5,A4,A4,C4,A3,F3,C4,F3,r,r,r,F4,F4,F3,F2,F1
291.0,291.0,195,1.6667,F5,r,F5,A4,A4,C4,A3,F3,C4,F3,r,r,r,F4,F4,F3,F2,F1
291.5,291.5,196,1.0,F5,r,F5,A4,F4,A3,A3,F3,C4,F3,r,r,r,F4,F4,F3,F2,F1
